INFO:     Started server process [20318]
INFO:     Waiting for application startup.
INFO:     Application startup complete.
INFO:     Uvicorn running on http://0.0.0.0:8000 (Press CTRL+C to quit)
INFO:     127.0.0.1:50851 - "GET /races HTTP/1.1" 200 OK
INFO:     127.0.0.1:50853 - "WebSocket /ws/race_multi" [accepted]
INFO:     connection open
INFO:     127.0.0.1:50851 - "GET /races HTTP/1.1" 200 OK
INFO:     127.0.0.1:50867 - "GET /races HTTP/1.1" 200 OK
INFO:     127.0.0.1:50868 - "WebSocket /ws/race_multi" [accepted]
INFO:     connection open
INFO:     127.0.0.1:50869 - "WebSocket /ws/race_multi" [accepted]
INFO:     connection open
[Tripwire] Lap 1: ['THROTTLE_BRAKE_OVERLAP']
[Tripwire] Lap 1: ['THROTTLE_BRAKE_OVERLAP']
[Tripwire] Lap 1: ['THROTTLE_BRAKE_OVERLAP']
[Tripwire] Lap 1: ['THROTTLE_BRAKE_OVERLAP']
[Tripwire] Lap 1: ['THROTTLE_BRAKE_OVERLAP']
[Tripwire] Lap 1: ['THROTTLE_BRAKE_OVERLAP']
[Tripwire] Lap 1: ['THROTTLE_BRAKE_OVERLAP']
[Tripwire] Lap 1: ['THROTTLE_BRAKE_OVERLAP']
[Tripwire] Lap 1: ['THROTTLE_BRAKE_OVERLAP']
[Tripwire] Lap 1: ['THROTTLE_BRAKE_OVERLAP']
[Tripwire] Lap 1: ['THROTTLE_BRAKE_OVERLAP']
[Tripwire] Lap 1: ['THROTTLE_BRAKE_OVERLAP']
[Tripwire] Lap 1: ['THROTTLE_BRAKE_OVERLAP']
[Tripwire] Lap 1: ['THROTTLE_BRAKE_OVERLAP']
[Tripwire] Lap 1: ['THROTTLE_BRAKE_OVERLAP']
[Tripwire] Lap 1: ['THROTTLE_BRAKE_OVERLAP']
[Tripwire] Lap 1: ['THROTTLE_BRAKE_OVERLAP']
[Tripwire] Lap 1: ['THROTTLE_BRAKE_OVERLAP']
[Tripwire] Lap 1: ['PACE_DROP']
[Tripwire] Lap 1: ['PACE_DROP']
[Tripwire] Lap 1: ['PACE_DROP']
[Tripwire] Lap 1: ['TYRE_CRITICAL']
[Tripwire] Lap 1: ['TYRE_CRITICAL']
[Tripwire] Lap 1: ['TYRE_CRITICAL']
[Tripwire] Lap 1: ['TYRE_CRITICAL']
[Tripwire] Lap 1: ['TYRE_CRITICAL']
[Tripwire] Lap 1: ['TYRE_CRITICAL']
[Tripwire] Lap 1: ['TYRE_CRITICAL']
[Tripwire] Lap 1: ['TYRE_CRITICAL']
[Tripwire] Lap 1: ['TYRE_CRITICAL']
[Tripwire] Lap 1: ['TYRE_CRITICAL']
[Tripwire] Lap 1: ['TYRE_CRITICAL']
[Tripwire] Lap 1: ['TYRE_CRITICAL']
[Tripwire] Lap 1: ['TYRE_CRITICAL']
[Tripwire] Lap 1: ['TYRE_CRITICAL']
[Tripwire] Lap 1: ['TYRE_CRITICAL']
[Tripwire] Lap 1: ['TYRE_CRITICAL']
[Tripwire] Lap 1: ['TYRE_CRITICAL']
[Tripwire] Lap 1: ['TYRE_CRITICAL']
[Tripwire] Lap 1: ['TYRE_CRITICAL']
[Tripwire] Lap 1: ['TYRE_CRITICAL']
[Tripwire] Lap 1: ['TYRE_CRITICAL']
[Tripwire] Lap 1: ['TYRE_CRITICAL']
[Tripwire] Lap 1: ['TYRE_CRITICAL']
[Tripwire] Lap 1: ['TYRE_CRITICAL']
[Tripwire] Lap 1: ['TYRE_CRITICAL']
[Tripwire] Lap 1: ['TYRE_CRITICAL']
[Tripwire] Lap 1: ['TYRE_CRITICAL']
[Tripwire] Lap 1: ['TYRE_CRITICAL']
[Tripwire] Lap 1: ['TYRE_CRITICAL']
[Tripwire] Lap 1: ['TYRE_CRITICAL']
[Tripwire] Lap 1: ['TYRE_CRITICAL']
[Tripwire] Lap 1: ['TYRE_CRITICAL']
[Tripwire] Lap 1: ['TYRE_CRITICAL']
[Tripwire] Lap 1: ['TYRE_CRITICAL']
[Tripwire] Lap 1: ['TYRE_CRITICAL']
[Tripwire] Lap 1: ['TYRE_CRITICAL']
[Tripwire] Lap 1: ['TYRE_CRITICAL']
[Tripwire] Lap 1: ['TYRE_CRITICAL']
[Tripwire] Lap 1: ['TYRE_CRITICAL']
[Tripwire] Lap 1: ['TYRE_CRITICAL']
[Tripwire] Lap 1: ['TYRE_CRITICAL']
[Tripwire] Lap 1: ['TYRE_CRITICAL']
[Tripwire] Lap 1: ['TYRE_CRITICAL']
[Tripwire] Lap 1: ['TYRE_CRITICAL']
[Tripwire] Lap 1: ['TYRE_CRITICAL']
[Tripwire] Lap 1: ['TYRE_CRITICAL']
[Tripwire] Lap 1: ['TYRE_CRITICAL']
[Tripwire] Lap 1: ['TYRE_CRITICAL']
[Tripwire] Lap 1: ['TYRE_CRITICAL']
[Tripwire] Lap 1: ['TYRE_CRITICAL']
[Tripwire] Lap 1: ['TYRE_CRITICAL']
[Tripwire] Lap 1: ['TYRE_CRITICAL']
[Tripwire] Lap 1: ['TYRE_CRITICAL']
[Tripwire] Lap 1: ['TYRE_CRITICAL']
[Tripwire] Lap 1: ['TYRE_CRITICAL']
[Tripwire] Lap 1: ['TYRE_CRITICAL']
[Tripwire] Lap 1: ['TYRE_CRITICAL']
[Tripwire] Lap 1: ['TYRE_CRITICAL']
[Tripwire] Lap 1: ['TYRE_CRITICAL']
[Tripwire] Lap 1: ['TYRE_CRITICAL']
[Tripwire] Lap 1: ['TYRE_CRITICAL']
[Tripwire] Lap 1: ['TYRE_CRITICAL']
[Tripwire] Lap 1: ['PACE_DROP', 'TYRE_CRITICAL']
[Tripwire] Lap 1: ['PACE_DROP', 'TYRE_CRITICAL']
[Tripwire] Lap 1: ['PACE_DROP', 'TYRE_CRITICAL']
[Tripwire] Lap 2: ['PACE_DROP']
[Tripwire] Lap 2: ['PACE_DROP']
[Tripwire] Lap 2: ['THROTTLE_BRAKE_OVERLAP']
[Tripwire] Lap 2: ['THROTTLE_BRAKE_OVERLAP']
[Tripwire] Lap 2: ['THROTTLE_BRAKE_OVERLAP']
[Tripwire] Lap 2: ['THROTTLE_BRAKE_OVERLAP']
[Tripwire] Lap 2: ['THROTTLE_BRAKE_OVERLAP']
[Tripwire] Lap 2: ['THROTTLE_BRAKE_OVERLAP']
[Tripwire] Lap 2: ['THROTTLE_BRAKE_OVERLAP']
[Tripwire] Lap 2: ['THROTTLE_BRAKE_OVERLAP']
[Tripwire] Lap 2: ['THROTTLE_BRAKE_OVERLAP']
[Tripwire] Lap 2: ['THROTTLE_BRAKE_OVERLAP']
[Tripwire] Lap 2: ['THROTTLE_BRAKE_OVERLAP']
[Tripwire] Lap 2: ['THROTTLE_BRAKE_OVERLAP']
[Tripwire] Lap 2: ['THROTTLE_BRAKE_OVERLAP']
[Tripwire] Lap 2: ['THROTTLE_BRAKE_OVERLAP']
[Tripwire] Lap 2: ['THROTTLE_BRAKE_OVERLAP']
[Tripwire] Lap 2: ['THROTTLE_BRAKE_OVERLAP']
[Tripwire] Lap 2: ['THROTTLE_BRAKE_OVERLAP']
[Tripwire] Lap 2: ['THROTTLE_BRAKE_OVERLAP']
[Tripwire] Lap 2: ['THROTTLE_BRAKE_OVERLAP']
[Tripwire] Lap 2: ['THROTTLE_BRAKE_OVERLAP']
[Tripwire] Lap 2: ['THROTTLE_BRAKE_OVERLAP']
[Tripwire] Lap 2: ['THROTTLE_BRAKE_OVERLAP']
[Tripwire] Lap 2: ['THROTTLE_BRAKE_OVERLAP']
[Tripwire] Lap 2: ['THROTTLE_BRAKE_OVERLAP']
[Tripwire] Lap 2: ['THROTTLE_BRAKE_OVERLAP']
[Tripwire] Lap 2: ['THROTTLE_BRAKE_OVERLAP']
[Tripwire] Lap 2: ['THROTTLE_BRAKE_OVERLAP']
[Tripwire] Lap 2: ['THROTTLE_BRAKE_OVERLAP']
[Tripwire] Lap 2: ['PACE_DROP']
[Tripwire] Lap 2: ['PACE_DROP']
[Tripwire] Lap 2: ['PACE_DROP']
[Tripwire] Lap 2: ['PACE_DROP']
[Tripwire] Lap 2: ['PACE_DROP']
[Tripwire] Lap 2: ['PACE_DROP']
[Tripwire] Lap 2: ['TYRE_CRITICAL']
[Tripwire] Lap 2: ['TYRE_CRITICAL']
[Tripwire] Lap 2: ['TYRE_CRITICAL']
[Tripwire] Lap 2: ['TYRE_CRITICAL']
[Tripwire] Lap 2: ['TYRE_CRITICAL']
[Tripwire] Lap 2: ['TYRE_CRITICAL']
[Tripwire] Lap 2: ['TYRE_CRITICAL']
[Tripwire] Lap 2: ['TYRE_CRITICAL']
[Tripwire] Lap 2: ['TYRE_CRITICAL']
[Tripwire] Lap 2: ['TYRE_CRITICAL']
[Tripwire] Lap 2: ['TYRE_CRITICAL']
[Tripwire] Lap 2: ['TYRE_CRITICAL']
[Tripwire] Lap 2: ['TYRE_CRITICAL']
[Tripwire] Lap 2: ['TYRE_CRITICAL']
[Tripwire] Lap 2: ['TYRE_CRITICAL']
[Tripwire] Lap 2: ['TYRE_CRITICAL']
[Tripwire] Lap 2: ['TYRE_CRITICAL']
[Tripwire] Lap 2: ['TYRE_CRITICAL']
[Tripwire] Lap 2: ['TYRE_CRITICAL']
[Tripwire] Lap 2: ['TYRE_CRITICAL']
[Tripwire] Lap 2: ['TYRE_CRITICAL']
[Tripwire] Lap 2: ['TYRE_CRITICAL']
[Tripwire] Lap 2: ['TYRE_CRITICAL']
[Tripwire] Lap 2: ['TYRE_CRITICAL']
[Tripwire] Lap 2: ['TYRE_CRITICAL']
[Tripwire] Lap 2: ['TYRE_CRITICAL']
[Tripwire] Lap 2: ['TYRE_CRITICAL']
[Tripwire] Lap 2: ['TYRE_CRITICAL']
[Tripwire] Lap 2: ['TYRE_CRITICAL']
[Tripwire] Lap 2: ['TYRE_CRITICAL']
[Tripwire] Lap 2: ['TYRE_CRITICAL']
[Tripwire] Lap 2: ['TYRE_CRITICAL']
[Tripwire] Lap 2: ['TYRE_CRITICAL']
[Tripwire] Lap 2: ['TYRE_CRITICAL']
[Tripwire] Lap 2: ['TYRE_CRITICAL']
[Tripwire] Lap 2: ['TYRE_CRITICAL']
[Tripwire] Lap 2: ['TYRE_CRITICAL']
[Tripwire] Lap 2: ['TYRE_CRITICAL']
[Tripwire] Lap 2: ['TYRE_CRITICAL']
[Tripwire] Lap 2: ['TYRE_CRITICAL']
[Tripwire] Lap 2: ['TYRE_CRITICAL']
[Tripwire] Lap 2: ['TYRE_CRITICAL']
[Tripwire] Lap 2: ['TYRE_CRITICAL']
[Tripwire] Lap 2: ['TYRE_CRITICAL']
[Tripwire] Lap 2: ['TYRE_CRITICAL']
[Tripwire] Lap 2: ['TYRE_CRITICAL']
[Tripwire] Lap 2: ['TYRE_CRITICAL']
[Tripwire] Lap 2: ['TYRE_CRITICAL']
[Tripwire] Lap 2: ['TYRE_CRITICAL']
[Tripwire] Lap 2: ['TYRE_CRITICAL']
[Tripwire] Lap 2: ['TYRE_CRITICAL']
[Tripwire] Lap 2: ['TYRE_CRITICAL']
[Tripwire] Lap 2: ['TYRE_CRITICAL']
[Tripwire] Lap 2: ['TYRE_CRITICAL']
[Tripwire] Lap 2: ['TYRE_CRITICAL']
[Tripwire] Lap 2: ['TYRE_CRITICAL']
[Tripwire] Lap 2: ['TYRE_CRITICAL']
[Tripwire] Lap 2: ['TYRE_CRITICAL']
[Tripwire] Lap 2: ['TYRE_CRITICAL']
[Tripwire] Lap 2: ['TYRE_CRITICAL']
[Tripwire] Lap 2: ['TYRE_CRITICAL']
[Tripwire] Lap 2: ['TYRE_CRITICAL']
[Tripwire] Lap 2: ['PACE_DROP', 'TYRE_CRITICAL']
[Tripwire] Lap 2: ['PACE_DROP', 'TYRE_CRITICAL']
[Tripwire] Lap 2: ['PACE_DROP', 'THROTTLE_BRAKE_OVERLAP', 'TYRE_CRITICAL']
[Tripwire] Lap 3: ['PACE_DROP']
[Tripwire] Lap 3: ['PACE_DROP']
[Tripwire] Lap 3: ['PACE_DROP', 'THROTTLE_BRAKE_OVERLAP']
[Tripwire] Lap 3: ['THROTTLE_BRAKE_OVERLAP']
[Tripwire] Lap 3: ['THROTTLE_BRAKE_OVERLAP']
[Tripwire] Lap 3: ['THROTTLE_BRAKE_OVERLAP']
[Tripwire] Lap 3: ['THROTTLE_BRAKE_OVERLAP']
[Tripwire] Lap 3: ['THROTTLE_BRAKE_OVERLAP']
[Tripwire] Lap 3: ['THROTTLE_BRAKE_OVERLAP']
[Tripwire] Lap 3: ['THROTTLE_BRAKE_OVERLAP']
[Tripwire] Lap 3: ['THROTTLE_BRAKE_OVERLAP']
[Tripwire] Lap 3: ['THROTTLE_BRAKE_OVERLAP']
[Tripwire] Lap 3: ['THROTTLE_BRAKE_OVERLAP']
[Tripwire] Lap 3: ['THROTTLE_BRAKE_OVERLAP']
[Tripwire] Lap 3: ['THROTTLE_BRAKE_OVERLAP']
[Tripwire] Lap 3: ['THROTTLE_BRAKE_OVERLAP']
[Tripwire] Lap 3: ['THROTTLE_BRAKE_OVERLAP']
[Tripwire] Lap 3: ['THROTTLE_BRAKE_OVERLAP']
[Tripwire] Lap 3: ['THROTTLE_BRAKE_OVERLAP']
[Tripwire] Lap 3: ['THROTTLE_BRAKE_OVERLAP']
[Tripwire] Lap 3: ['THROTTLE_BRAKE_OVERLAP']
[Tripwire] Lap 3: ['THROTTLE_BRAKE_OVERLAP']
[Tripwire] Lap 3: ['THROTTLE_BRAKE_OVERLAP']
[Tripwire] Lap 3: ['THROTTLE_BRAKE_OVERLAP']
[Tripwire] Lap 3: ['THROTTLE_BRAKE_OVERLAP']
[Tripwire] Lap 3: ['THROTTLE_BRAKE_OVERLAP']
[Tripwire] Lap 3: ['THROTTLE_BRAKE_OVERLAP']
[Tripwire] Lap 3: ['THROTTLE_BRAKE_OVERLAP']
[Tripwire] Lap 3: ['THROTTLE_BRAKE_OVERLAP']
[Tripwire] Lap 3: ['PACE_DROP']
[Tripwire] Lap 3: ['PACE_DROP']
[Tripwire] Lap 3: ['PACE_DROP']
[Tripwire] Lap 3: ['PACE_DROP']
[Tripwire] Lap 3: ['PACE_DROP']
[Tripwire] Lap 3: ['PACE_DROP']
[Tripwire] Lap 3: ['TYRE_CRITICAL']
[Tripwire] Lap 3: ['TYRE_CRITICAL']
[Tripwire] Lap 3: ['TYRE_CRITICAL']
[Tripwire] Lap 3: ['TYRE_CRITICAL']
[Tripwire] Lap 3: ['TYRE_CRITICAL']
[Tripwire] Lap 3: ['TYRE_CRITICAL']
[Tripwire] Lap 3: ['TYRE_CRITICAL']
[Tripwire] Lap 3: ['TYRE_CRITICAL']
[Tripwire] Lap 3: ['TYRE_CRITICAL']
[Tripwire] Lap 3: ['TYRE_CRITICAL']
[Tripwire] Lap 3: ['TYRE_CRITICAL']
[Tripwire] Lap 3: ['TYRE_CRITICAL']
[Tripwire] Lap 3: ['TYRE_CRITICAL']
[Tripwire] Lap 3: ['TYRE_CRITICAL']
[Tripwire] Lap 3: ['TYRE_CRITICAL']
[Tripwire] Lap 3: ['TYRE_CRITICAL']
[Tripwire] Lap 3: ['TYRE_CRITICAL']
[Tripwire] Lap 3: ['TYRE_CRITICAL']
[Tripwire] Lap 3: ['TYRE_CRITICAL']
[Tripwire] Lap 3: ['TYRE_CRITICAL']
[Tripwire] Lap 3: ['TYRE_CRITICAL']
[Tripwire] Lap 3: ['TYRE_CRITICAL']
[Tripwire] Lap 3: ['TYRE_CRITICAL']
[Tripwire] Lap 3: ['TYRE_CRITICAL']
[Tripwire] Lap 3: ['TYRE_CRITICAL']
[Tripwire] Lap 3: ['TYRE_CRITICAL']
[Tripwire] Lap 3: ['TYRE_CRITICAL']
[Tripwire] Lap 3: ['TYRE_CRITICAL']
[Tripwire] Lap 3: ['TYRE_CRITICAL']
[Tripwire] Lap 3: ['TYRE_CRITICAL']
[Tripwire] Lap 3: ['TYRE_CRITICAL']
[Tripwire] Lap 3: ['TYRE_CRITICAL']
[Tripwire] Lap 3: ['TYRE_CRITICAL']
[Tripwire] Lap 3: ['TYRE_CRITICAL']
[Tripwire] Lap 3: ['TYRE_CRITICAL']
[Tripwire] Lap 3: ['TYRE_CRITICAL']
[Tripwire] Lap 3: ['TYRE_CRITICAL']
[Tripwire] Lap 3: ['TYRE_CRITICAL']
[Tripwire] Lap 3: ['TYRE_CRITICAL']
[Tripwire] Lap 3: ['TYRE_CRITICAL']
[Tripwire] Lap 3: ['TYRE_CRITICAL']
[Tripwire] Lap 3: ['TYRE_CRITICAL']
[Tripwire] Lap 3: ['TYRE_CRITICAL']
[Tripwire] Lap 3: ['TYRE_CRITICAL']
[Tripwire] Lap 3: ['TYRE_CRITICAL']
[Tripwire] Lap 3: ['TYRE_CRITICAL']
[Tripwire] Lap 3: ['TYRE_CRITICAL']
[Tripwire] Lap 3: ['TYRE_CRITICAL']
[Tripwire] Lap 3: ['TYRE_CRITICAL']
[Tripwire] Lap 3: ['TYRE_CRITICAL']
[Tripwire] Lap 3: ['TYRE_CRITICAL']
[Tripwire] Lap 3: ['TYRE_CRITICAL']
[Tripwire] Lap 3: ['TYRE_CRITICAL']
[Tripwire] Lap 3: ['TYRE_CRITICAL']
[Tripwire] Lap 3: ['TYRE_CRITICAL']
[Tripwire] Lap 3: ['TYRE_CRITICAL']
[Tripwire] Lap 3: ['TYRE_CRITICAL']
[Tripwire] Lap 3: ['TYRE_CRITICAL']
[Tripwire] Lap 3: ['TYRE_CRITICAL']
[Tripwire] Lap 3: ['TYRE_CRITICAL']
[Tripwire] Lap 3: ['TYRE_CRITICAL']
[Tripwire] Lap 3: ['PACE_DROP', 'THROTTLE_BRAKE_OVERLAP', 'TYRE_CRITICAL']
[Tripwire] Lap 3: ['PACE_DROP', 'TYRE_CRITICAL']
[Tripwire] Lap 3: ['PACE_DROP', 'THROTTLE_BRAKE_OVERLAP', 'TYRE_CRITICAL']
[Tripwire] Lap 4: ['PACE_DROP', 'THROTTLE_BRAKE_OVERLAP']
[Tripwire] Lap 4: ['PACE_DROP']
[Tripwire] Lap 4: ['PACE_DROP']
[Tripwire] Lap 4: ['THROTTLE_BRAKE_OVERLAP']
[Tripwire] Lap 4: ['THROTTLE_BRAKE_OVERLAP']
[Tripwire] Lap 4: ['THROTTLE_BRAKE_OVERLAP']
[Tripwire] Lap 4: ['THROTTLE_BRAKE_OVERLAP']
[Tripwire] Lap 4: ['THROTTLE_BRAKE_OVERLAP']
[Tripwire] Lap 4: ['THROTTLE_BRAKE_OVERLAP']
[Tripwire] Lap 4: ['THROTTLE_BRAKE_OVERLAP']
[Tripwire] Lap 4: ['THROTTLE_BRAKE_OVERLAP']
[Tripwire] Lap 4: ['THROTTLE_BRAKE_OVERLAP']
[Tripwire] Lap 4: ['THROTTLE_BRAKE_OVERLAP']
[Tripwire] Lap 4: ['THROTTLE_BRAKE_OVERLAP']
[Tripwire] Lap 4: ['THROTTLE_BRAKE_OVERLAP']
[Tripwire] Lap 4: ['THROTTLE_BRAKE_OVERLAP']
[Tripwire] Lap 4: ['THROTTLE_BRAKE_OVERLAP']
[Tripwire] Lap 4: ['THROTTLE_BRAKE_OVERLAP']
[Tripwire] Lap 4: ['THROTTLE_BRAKE_OVERLAP']
[Tripwire] Lap 4: ['THROTTLE_BRAKE_OVERLAP']
[Tripwire] Lap 4: ['THROTTLE_BRAKE_OVERLAP']
[Tripwire] Lap 4: ['THROTTLE_BRAKE_OVERLAP']
[Tripwire] Lap 4: ['THROTTLE_BRAKE_OVERLAP']
[Tripwire] Lap 4: ['THROTTLE_BRAKE_OVERLAP']
[Tripwire] Lap 4: ['THROTTLE_BRAKE_OVERLAP']
[Tripwire] Lap 4: ['THROTTLE_BRAKE_OVERLAP']
[Tripwire] Lap 4: ['PACE_DROP']
[Tripwire] Lap 4: ['PACE_DROP']
[Tripwire] Lap 4: ['PACE_DROP']
[Tripwire] Lap 4: ['PACE_DROP']
[Tripwire] Lap 4: ['PACE_DROP']
[Tripwire] Lap 4: ['TYRE_CRITICAL']
[Tripwire] Lap 4: ['TYRE_CRITICAL']
[Tripwire] Lap 4: ['TYRE_CRITICAL']
[Tripwire] Lap 4: ['TYRE_CRITICAL']
[Tripwire] Lap 4: ['TYRE_CRITICAL']
[Tripwire] Lap 4: ['TYRE_CRITICAL']
[Tripwire] Lap 4: ['TYRE_CRITICAL']
[Tripwire] Lap 4: ['TYRE_CRITICAL']
[Tripwire] Lap 4: ['TYRE_CRITICAL']
[Tripwire] Lap 4: ['TYRE_CRITICAL']
[Tripwire] Lap 4: ['TYRE_CRITICAL']
[Tripwire] Lap 4: ['TYRE_CRITICAL']
[Tripwire] Lap 4: ['TYRE_CRITICAL']
[Tripwire] Lap 4: ['TYRE_CRITICAL']
[Tripwire] Lap 4: ['TYRE_CRITICAL']
[Tripwire] Lap 4: ['TYRE_CRITICAL']
[Tripwire] Lap 4: ['TYRE_CRITICAL']
[Tripwire] Lap 4: ['TYRE_CRITICAL']
[Tripwire] Lap 4: ['TYRE_CRITICAL']
[Tripwire] Lap 4: ['TYRE_CRITICAL']
[Tripwire] Lap 4: ['TYRE_CRITICAL']
[Tripwire] Lap 4: ['TYRE_CRITICAL']
[Tripwire] Lap 4: ['TYRE_CRITICAL']
[Tripwire] Lap 4: ['TYRE_CRITICAL']
[Tripwire] Lap 4: ['TYRE_CRITICAL']
[Tripwire] Lap 4: ['TYRE_CRITICAL']
[Tripwire] Lap 4: ['TYRE_CRITICAL']
[Tripwire] Lap 4: ['TYRE_CRITICAL']
[Tripwire] Lap 4: ['TYRE_CRITICAL']
[Tripwire] Lap 4: ['TYRE_CRITICAL']
[Tripwire] Lap 4: ['TYRE_CRITICAL']
[Tripwire] Lap 4: ['TYRE_CRITICAL']
[Tripwire] Lap 4: ['TYRE_CRITICAL']
[Tripwire] Lap 4: ['TYRE_CRITICAL']
[Tripwire] Lap 4: ['TYRE_CRITICAL']
[Tripwire] Lap 4: ['TYRE_CRITICAL']
[Tripwire] Lap 4: ['TYRE_CRITICAL']
[Tripwire] Lap 4: ['TYRE_CRITICAL']
[Tripwire] Lap 4: ['TYRE_CRITICAL']
[Tripwire] Lap 4: ['TYRE_CRITICAL']
[Tripwire] Lap 4: ['TYRE_CRITICAL']
[Tripwire] Lap 4: ['TYRE_CRITICAL']
[Tripwire] Lap 4: ['TYRE_CRITICAL']
[Tripwire] Lap 4: ['TYRE_CRITICAL']
[Tripwire] Lap 4: ['TYRE_CRITICAL']
[Tripwire] Lap 4: ['TYRE_CRITICAL']
[Tripwire] Lap 4: ['TYRE_CRITICAL']
[Tripwire] Lap 4: ['TYRE_CRITICAL']
[Tripwire] Lap 4: ['TYRE_CRITICAL']
[Tripwire] Lap 4: ['TYRE_CRITICAL']
[Tripwire] Lap 4: ['TYRE_CRITICAL']
[Tripwire] Lap 4: ['TYRE_CRITICAL']
[Tripwire] Lap 4: ['TYRE_CRITICAL']
[Tripwire] Lap 4: ['TYRE_CRITICAL']
[Tripwire] Lap 4: ['TYRE_CRITICAL']
[Tripwire] Lap 4: ['TYRE_CRITICAL']
[Tripwire] Lap 4: ['TYRE_CRITICAL']
[Tripwire] Lap 4: ['TYRE_CRITICAL']
[Tripwire] Lap 4: ['TYRE_CRITICAL']
[Tripwire] Lap 4: ['TYRE_CRITICAL']
[Tripwire] Lap 4: ['TYRE_CRITICAL']
[Tripwire] Lap 4: ['PACE_DROP', 'TYRE_CRITICAL']
[Tripwire] Lap 4: ['PACE_DROP', 'THROTTLE_BRAKE_OVERLAP', 'TYRE_CRITICAL']
[Tripwire] Lap 4: ['PACE_DROP', 'TYRE_CRITICAL']
[Tripwire] Lap 5: ['PACE_DROP']
[Tripwire] Lap 5: ['PACE_DROP']
[Tripwire] Lap 5: ['THROTTLE_BRAKE_OVERLAP']
[Tripwire] Lap 5: ['THROTTLE_BRAKE_OVERLAP']
[Tripwire] Lap 5: ['THROTTLE_BRAKE_OVERLAP']
[Tripwire] Lap 5: ['THROTTLE_BRAKE_OVERLAP']
[Tripwire] Lap 5: ['THROTTLE_BRAKE_OVERLAP']
[Tripwire] Lap 5: ['THROTTLE_BRAKE_OVERLAP']
[Tripwire] Lap 5: ['THROTTLE_BRAKE_OVERLAP']
[Tripwire] Lap 5: ['THROTTLE_BRAKE_OVERLAP']
[Tripwire] Lap 5: ['THROTTLE_BRAKE_OVERLAP']
[Tripwire] Lap 5: ['THROTTLE_BRAKE_OVERLAP']
[Tripwire] Lap 5: ['THROTTLE_BRAKE_OVERLAP']
[Tripwire] Lap 5: ['THROTTLE_BRAKE_OVERLAP']
[Tripwire] Lap 5: ['THROTTLE_BRAKE_OVERLAP']
[Tripwire] Lap 5: ['THROTTLE_BRAKE_OVERLAP']
[Tripwire] Lap 5: ['THROTTLE_BRAKE_OVERLAP']
[Tripwire] Lap 5: ['THROTTLE_BRAKE_OVERLAP']
[Tripwire] Lap 5: ['THROTTLE_BRAKE_OVERLAP']
[Tripwire] Lap 5: ['THROTTLE_BRAKE_OVERLAP']
[Tripwire] Lap 5: ['THROTTLE_BRAKE_OVERLAP']
[Tripwire] Lap 5: ['THROTTLE_BRAKE_OVERLAP']
[Tripwire] Lap 5: ['THROTTLE_BRAKE_OVERLAP']
[Tripwire] Lap 5: ['THROTTLE_BRAKE_OVERLAP']
[Tripwire] Lap 5: ['THROTTLE_BRAKE_OVERLAP']
[Tripwire] Lap 5: ['THROTTLE_BRAKE_OVERLAP']
[Tripwire] Lap 5: ['THROTTLE_BRAKE_OVERLAP']
[Tripwire] Lap 5: ['PACE_DROP']
[Tripwire] Lap 5: ['PACE_DROP']
[Tripwire] Lap 5: ['PACE_DROP']
[Tripwire] Lap 5: ['PACE_DROP']
[Tripwire] Lap 5: ['TYRE_CRITICAL']
[Tripwire] Lap 5: ['TYRE_CRITICAL']
[Tripwire] Lap 5: ['TYRE_CRITICAL']
[Tripwire] Lap 5: ['TYRE_CRITICAL']
[Tripwire] Lap 5: ['TYRE_CRITICAL']
[Tripwire] Lap 5: ['TYRE_CRITICAL']
[Tripwire] Lap 5: ['TYRE_CRITICAL']
[Tripwire] Lap 5: ['TYRE_CRITICAL']
[Tripwire] Lap 5: ['TYRE_CRITICAL']
[Tripwire] Lap 5: ['TYRE_CRITICAL']
[Tripwire] Lap 5: ['TYRE_CRITICAL']
[Tripwire] Lap 5: ['TYRE_CRITICAL']
[Tripwire] Lap 5: ['TYRE_CRITICAL']
[Tripwire] Lap 5: ['TYRE_CRITICAL']
[Tripwire] Lap 5: ['TYRE_CRITICAL']
[Tripwire] Lap 5: ['TYRE_CRITICAL']
[Tripwire] Lap 5: ['TYRE_CRITICAL']
[Tripwire] Lap 5: ['TYRE_CRITICAL']
[Tripwire] Lap 5: ['TYRE_CRITICAL']
[Tripwire] Lap 5: ['TYRE_CRITICAL']
[Tripwire] Lap 5: ['TYRE_CRITICAL']
[Tripwire] Lap 5: ['TYRE_CRITICAL']
[Tripwire] Lap 5: ['TYRE_CRITICAL']
[Tripwire] Lap 5: ['TYRE_CRITICAL']
[Tripwire] Lap 5: ['TYRE_CRITICAL']
[Tripwire] Lap 5: ['TYRE_CRITICAL']
[Tripwire] Lap 5: ['TYRE_CRITICAL']
[Tripwire] Lap 5: ['TYRE_CRITICAL']
[Tripwire] Lap 5: ['TYRE_CRITICAL']
[Tripwire] Lap 5: ['TYRE_CRITICAL']
[Tripwire] Lap 5: ['TYRE_CRITICAL']
[Tripwire] Lap 5: ['TYRE_CRITICAL']
[Tripwire] Lap 5: ['TYRE_CRITICAL']
[Tripwire] Lap 5: ['TYRE_CRITICAL']
[Tripwire] Lap 5: ['TYRE_CRITICAL']
[Tripwire] Lap 5: ['TYRE_CRITICAL']
[Tripwire] Lap 5: ['TYRE_CRITICAL']
[Tripwire] Lap 5: ['TYRE_CRITICAL']
[Tripwire] Lap 5: ['TYRE_CRITICAL']
[Tripwire] Lap 5: ['TYRE_CRITICAL']
[Tripwire] Lap 5: ['TYRE_CRITICAL']
[Tripwire] Lap 5: ['TYRE_CRITICAL']
[Tripwire] Lap 5: ['TYRE_CRITICAL']
[Tripwire] Lap 5: ['TYRE_CRITICAL']
[Tripwire] Lap 5: ['TYRE_CRITICAL']
[Tripwire] Lap 5: ['TYRE_CRITICAL']
[Tripwire] Lap 5: ['TYRE_CRITICAL']
[Tripwire] Lap 5: ['TYRE_CRITICAL']
[Tripwire] Lap 5: ['TYRE_CRITICAL']
[Tripwire] Lap 5: ['TYRE_CRITICAL']
[Tripwire] Lap 5: ['TYRE_CRITICAL']
[Tripwire] Lap 5: ['TYRE_CRITICAL']
[Tripwire] Lap 5: ['TYRE_CRITICAL']
[Tripwire] Lap 5: ['TYRE_CRITICAL']
[Tripwire] Lap 5: ['TYRE_CRITICAL']
[Tripwire] Lap 5: ['TYRE_CRITICAL']
[Tripwire] Lap 5: ['TYRE_CRITICAL']
[Tripwire] Lap 5: ['TYRE_CRITICAL']
[Tripwire] Lap 5: ['TYRE_CRITICAL']
[Tripwire] Lap 5: ['TYRE_CRITICAL']
[Tripwire] Lap 5: ['TYRE_CRITICAL']
[Tripwire] Lap 5: ['PACE_DROP', 'TYRE_CRITICAL']
[Tripwire] Lap 5: ['PACE_DROP', 'TYRE_CRITICAL']
[Tripwire] Lap 5: ['PACE_DROP', 'THROTTLE_BRAKE_OVERLAP', 'TYRE_CRITICAL']
[Tripwire] Lap 6: ['PACE_DROP', 'THROTTLE_BRAKE_OVERLAP']
[Tripwire] Lap 6: ['PACE_DROP']
[Tripwire] Lap 6: ['PACE_DROP']
[Tripwire] Lap 6: ['THROTTLE_BRAKE_OVERLAP']
[Tripwire] Lap 6: ['THROTTLE_BRAKE_OVERLAP']
[Tripwire] Lap 6: ['THROTTLE_BRAKE_OVERLAP']
[Tripwire] Lap 6: ['THROTTLE_BRAKE_OVERLAP']
[Tripwire] Lap 6: ['THROTTLE_BRAKE_OVERLAP']
[Tripwire] Lap 6: ['THROTTLE_BRAKE_OVERLAP']
[Tripwire] Lap 6: ['THROTTLE_BRAKE_OVERLAP']
[Tripwire] Lap 6: ['PACE_DROP', 'THROTTLE_BRAKE_OVERLAP']
[Tripwire] Lap 6: ['PACE_DROP']
[Tripwire] Lap 6: ['THROTTLE_BRAKE_OVERLAP']
[Tripwire] Lap 6: ['THROTTLE_BRAKE_OVERLAP']
[Tripwire] Lap 6: ['THROTTLE_BRAKE_OVERLAP']
[Tripwire] Lap 6: ['THROTTLE_BRAKE_OVERLAP']
[Tripwire] Lap 6: ['THROTTLE_BRAKE_OVERLAP']
[Tripwire] Lap 6: ['THROTTLE_BRAKE_OVERLAP']
[Tripwire] Lap 6: ['THROTTLE_BRAKE_OVERLAP']
[Tripwire] Lap 6: ['THROTTLE_BRAKE_OVERLAP']
[Tripwire] Lap 6: ['THROTTLE_BRAKE_OVERLAP']
[Tripwire] Lap 6: ['THROTTLE_BRAKE_OVERLAP']
[Tripwire] Lap 6: ['THROTTLE_BRAKE_OVERLAP']
[Tripwire] Lap 6: ['THROTTLE_BRAKE_OVERLAP']
[Tripwire] Lap 6: ['THROTTLE_BRAKE_OVERLAP']
[Tripwire] Lap 6: ['THROTTLE_BRAKE_OVERLAP']
[Tripwire] Lap 6: ['THROTTLE_BRAKE_OVERLAP']
[Tripwire] Lap 6: ['THROTTLE_BRAKE_OVERLAP']
[Tripwire] Lap 6: ['THROTTLE_BRAKE_OVERLAP']
[Tripwire] Lap 6: ['THROTTLE_BRAKE_OVERLAP']
[Tripwire] Lap 6: ['THROTTLE_BRAKE_OVERLAP']
[Tripwire] Lap 6: ['THROTTLE_BRAKE_OVERLAP']
[Tripwire] Lap 6: ['THROTTLE_BRAKE_OVERLAP']
[Tripwire] Lap 6: ['THROTTLE_BRAKE_OVERLAP']
[Tripwire] Lap 6: ['PACE_DROP']
[Tripwire] Lap 6: ['PACE_DROP']
[Tripwire] Lap 6: ['PACE_DROP']
[Tripwire] Lap 6: ['PACE_DROP']
[Tripwire] Lap 6: ['PACE_DROP']
[Tripwire] Lap 6: ['PACE_DROP']
[Tripwire] Lap 6: ['TYRE_CRITICAL']
[Tripwire] Lap 6: ['TYRE_CRITICAL']
[Tripwire] Lap 6: ['TYRE_CRITICAL']
[Tripwire] Lap 6: ['TYRE_CRITICAL']
[Tripwire] Lap 6: ['TYRE_CRITICAL']
[Tripwire] Lap 6: ['TYRE_CRITICAL']
[Tripwire] Lap 6: ['TYRE_CRITICAL']
[Tripwire] Lap 6: ['TYRE_CRITICAL']
[Tripwire] Lap 6: ['TYRE_CRITICAL']
[Tripwire] Lap 6: ['TYRE_CRITICAL']
[Tripwire] Lap 6: ['TYRE_CRITICAL']
[Tripwire] Lap 6: ['TYRE_CRITICAL']
[Tripwire] Lap 6: ['TYRE_CRITICAL']
[Tripwire] Lap 6: ['TYRE_CRITICAL']
[Tripwire] Lap 6: ['TYRE_CRITICAL']
[Tripwire] Lap 6: ['TYRE_CRITICAL']
[Tripwire] Lap 6: ['TYRE_CRITICAL']
[Tripwire] Lap 6: ['TYRE_CRITICAL']
[Tripwire] Lap 6: ['TYRE_CRITICAL']
[Tripwire] Lap 6: ['TYRE_CRITICAL']
[Tripwire] Lap 6: ['TYRE_CRITICAL']
[Tripwire] Lap 6: ['TYRE_CRITICAL']
[Tripwire] Lap 6: ['TYRE_CRITICAL']
[Tripwire] Lap 6: ['TYRE_CRITICAL']
[Tripwire] Lap 6: ['TYRE_CRITICAL']
[Tripwire] Lap 6: ['TYRE_CRITICAL']
[Tripwire] Lap 6: ['TYRE_CRITICAL']
[Tripwire] Lap 6: ['TYRE_CRITICAL']
[Tripwire] Lap 6: ['TYRE_CRITICAL']
[Tripwire] Lap 6: ['TYRE_CRITICAL']
[Tripwire] Lap 6: ['TYRE_CRITICAL']
[Tripwire] Lap 6: ['TYRE_CRITICAL']
[Tripwire] Lap 6: ['TYRE_CRITICAL']
[Tripwire] Lap 6: ['TYRE_CRITICAL']
[Tripwire] Lap 6: ['TYRE_CRITICAL']
[Tripwire] Lap 6: ['TYRE_CRITICAL']
[Tripwire] Lap 6: ['TYRE_CRITICAL']
[Tripwire] Lap 6: ['TYRE_CRITICAL']
[Tripwire] Lap 6: ['TYRE_CRITICAL']
[Tripwire] Lap 6: ['TYRE_CRITICAL']
[Tripwire] Lap 6: ['TYRE_CRITICAL']
[Tripwire] Lap 6: ['TYRE_CRITICAL']
[Tripwire] Lap 6: ['TYRE_CRITICAL']
[Tripwire] Lap 6: ['TYRE_CRITICAL']
[Tripwire] Lap 6: ['TYRE_CRITICAL']
[Tripwire] Lap 6: ['TYRE_CRITICAL']
[Tripwire] Lap 6: ['TYRE_CRITICAL']
[Tripwire] Lap 6: ['TYRE_CRITICAL']
[Tripwire] Lap 6: ['TYRE_CRITICAL']
[Tripwire] Lap 6: ['TYRE_CRITICAL']
[Tripwire] Lap 6: ['TYRE_CRITICAL']
[Tripwire] Lap 6: ['TYRE_CRITICAL']
[Tripwire] Lap 6: ['TYRE_CRITICAL']
[Tripwire] Lap 6: ['TYRE_CRITICAL']
[Tripwire] Lap 6: ['TYRE_CRITICAL']
[Tripwire] Lap 6: ['TYRE_CRITICAL']
[Tripwire] Lap 6: ['TYRE_CRITICAL']
[Tripwire] Lap 6: ['TYRE_CRITICAL']
[Tripwire] Lap 6: ['TYRE_CRITICAL']
[Tripwire] Lap 6: ['TYRE_CRITICAL']
[Tripwire] Lap 6: ['TYRE_CRITICAL']
[Tripwire] Lap 6: ['PACE_DROP', 'THROTTLE_BRAKE_OVERLAP', 'TYRE_CRITICAL']
[Tripwire] Lap 6: ['PACE_DROP', 'TYRE_CRITICAL']
[Tripwire] Lap 6: ['PACE_DROP', 'TYRE_CRITICAL']
[Tripwire] Lap 7: ['PACE_DROP', 'THROTTLE_BRAKE_OVERLAP']
[Tripwire] Lap 7: ['PACE_DROP']
[Tripwire] Lap 7: ['THROTTLE_BRAKE_OVERLAP']
[Tripwire] Lap 7: ['THROTTLE_BRAKE_OVERLAP']
[Tripwire] Lap 7: ['THROTTLE_BRAKE_OVERLAP']
[Tripwire] Lap 7: ['THROTTLE_BRAKE_OVERLAP']
[Tripwire] Lap 7: ['THROTTLE_BRAKE_OVERLAP']
[Tripwire] Lap 7: ['THROTTLE_BRAKE_OVERLAP']
[Tripwire] Lap 7: ['THROTTLE_BRAKE_OVERLAP']
[Tripwire] Lap 7: ['THROTTLE_BRAKE_OVERLAP']
[Tripwire] Lap 7: ['THROTTLE_BRAKE_OVERLAP']
[Tripwire] Lap 7: ['THROTTLE_BRAKE_OVERLAP']
[Tripwire] Lap 7: ['THROTTLE_BRAKE_OVERLAP']
[Tripwire] Lap 7: ['THROTTLE_BRAKE_OVERLAP']
[Tripwire] Lap 7: ['THROTTLE_BRAKE_OVERLAP']
[Tripwire] Lap 7: ['THROTTLE_BRAKE_OVERLAP']
[Tripwire] Lap 7: ['THROTTLE_BRAKE_OVERLAP']
[Tripwire] Lap 7: ['THROTTLE_BRAKE_OVERLAP']
[Tripwire] Lap 7: ['THROTTLE_BRAKE_OVERLAP']
[Tripwire] Lap 7: ['THROTTLE_BRAKE_OVERLAP']
[Tripwire] Lap 7: ['THROTTLE_BRAKE_OVERLAP']
[Tripwire] Lap 7: ['THROTTLE_BRAKE_OVERLAP']
[Tripwire] Lap 7: ['THROTTLE_BRAKE_OVERLAP']
[Tripwire] Lap 7: ['THROTTLE_BRAKE_OVERLAP']
[Tripwire] Lap 7: ['THROTTLE_BRAKE_OVERLAP']
[Tripwire] Lap 7: ['THROTTLE_BRAKE_OVERLAP']
[Tripwire] Lap 7: ['THROTTLE_BRAKE_OVERLAP']
[Tripwire] Lap 7: ['THROTTLE_BRAKE_OVERLAP']
[Tripwire] Lap 7: ['PACE_DROP']
[Tripwire] Lap 7: ['PACE_DROP']
[Tripwire] Lap 7: ['PACE_DROP']
[Tripwire] Lap 7: ['PACE_DROP']
[Tripwire] Lap 7: ['PACE_DROP']
[Tripwire] Lap 7: ['TYRE_CRITICAL']
[Tripwire] Lap 7: ['TYRE_CRITICAL']
[Tripwire] Lap 7: ['TYRE_CRITICAL']
[Tripwire] Lap 7: ['TYRE_CRITICAL']
[Tripwire] Lap 7: ['TYRE_CRITICAL']
[Tripwire] Lap 7: ['TYRE_CRITICAL']
[Tripwire] Lap 7: ['TYRE_CRITICAL']
[Tripwire] Lap 7: ['TYRE_CRITICAL']
[Tripwire] Lap 7: ['TYRE_CRITICAL']
[Tripwire] Lap 7: ['TYRE_CRITICAL']
[Tripwire] Lap 7: ['TYRE_CRITICAL']
[Tripwire] Lap 7: ['TYRE_CRITICAL']
[Tripwire] Lap 7: ['TYRE_CRITICAL']
[Tripwire] Lap 7: ['TYRE_CRITICAL']
[Tripwire] Lap 7: ['TYRE_CRITICAL']
[Tripwire] Lap 7: ['TYRE_CRITICAL']
[Tripwire] Lap 7: ['TYRE_CRITICAL']
[Tripwire] Lap 7: ['TYRE_CRITICAL']
[Tripwire] Lap 7: ['TYRE_CRITICAL']
[Tripwire] Lap 7: ['TYRE_CRITICAL']
[Tripwire] Lap 7: ['TYRE_CRITICAL']
[Tripwire] Lap 7: ['TYRE_CRITICAL']
[Tripwire] Lap 7: ['TYRE_CRITICAL']
[Tripwire] Lap 7: ['TYRE_CRITICAL']
[Tripwire] Lap 7: ['TYRE_CRITICAL']
[Tripwire] Lap 7: ['TYRE_CRITICAL']
[Tripwire] Lap 7: ['TYRE_CRITICAL']
[Tripwire] Lap 7: ['TYRE_CRITICAL']
[Tripwire] Lap 7: ['TYRE_CRITICAL']
[Tripwire] Lap 7: ['TYRE_CRITICAL']
[Tripwire] Lap 7: ['TYRE_CRITICAL']
[Tripwire] Lap 7: ['TYRE_CRITICAL']
[Tripwire] Lap 7: ['TYRE_CRITICAL']
[Tripwire] Lap 7: ['TYRE_CRITICAL']
[Tripwire] Lap 7: ['TYRE_CRITICAL']
[Tripwire] Lap 7: ['PACE_DROP', 'TYRE_CRITICAL']
[Tripwire] Lap 7: ['TYRE_CRITICAL']
[Tripwire] Lap 7: ['TYRE_CRITICAL']
[Tripwire] Lap 7: ['TYRE_CRITICAL']
[Tripwire] Lap 7: ['TYRE_CRITICAL']
[Tripwire] Lap 7: ['TYRE_CRITICAL']
[Tripwire] Lap 7: ['TYRE_CRITICAL']
[Tripwire] Lap 7: ['TYRE_CRITICAL']
[Tripwire] Lap 7: ['TYRE_CRITICAL']
[Tripwire] Lap 7: ['TYRE_CRITICAL']
[Tripwire] Lap 7: ['TYRE_CRITICAL']
[Tripwire] Lap 7: ['TYRE_CRITICAL']
[Tripwire] Lap 7: ['TYRE_CRITICAL']
[Tripwire] Lap 7: ['TYRE_CRITICAL']
[Tripwire] Lap 7: ['TYRE_CRITICAL']
[Tripwire] Lap 7: ['TYRE_CRITICAL']
[Tripwire] Lap 7: ['TYRE_CRITICAL']
[Tripwire] Lap 7: ['TYRE_CRITICAL']
[Tripwire] Lap 7: ['TYRE_CRITICAL']
[Tripwire] Lap 7: ['TYRE_CRITICAL']
[Tripwire] Lap 7: ['TYRE_CRITICAL']
[Tripwire] Lap 7: ['TYRE_CRITICAL']
[Tripwire] Lap 7: ['TYRE_CRITICAL']
[Tripwire] Lap 7: ['TYRE_CRITICAL']
[Tripwire] Lap 7: ['TYRE_CRITICAL']
[Tripwire] Lap 7: ['TYRE_CRITICAL']
[Tripwire] Lap 7: ['PACE_DROP', 'TYRE_CRITICAL']
[Tripwire] Lap 7: ['PACE_DROP', 'TYRE_CRITICAL']
[Tripwire] Lap 7: ['PACE_DROP', 'TYRE_CRITICAL']
[Tripwire] Lap 8: ['PACE_DROP']
[Tripwire] Lap 8: ['PACE_DROP']
[Tripwire] Lap 8: ['THROTTLE_BRAKE_OVERLAP']
[Tripwire] Lap 8: ['THROTTLE_BRAKE_OVERLAP']
[Tripwire] Lap 8: ['THROTTLE_BRAKE_OVERLAP']
[Tripwire] Lap 8: ['THROTTLE_BRAKE_OVERLAP']
[Tripwire] Lap 8: ['THROTTLE_BRAKE_OVERLAP']
[Tripwire] Lap 8: ['THROTTLE_BRAKE_OVERLAP']
[Tripwire] Lap 8: ['THROTTLE_BRAKE_OVERLAP']
[Tripwire] Lap 8: ['THROTTLE_BRAKE_OVERLAP']
[Tripwire] Lap 8: ['THROTTLE_BRAKE_OVERLAP']
[Tripwire] Lap 8: ['THROTTLE_BRAKE_OVERLAP']
[Tripwire] Lap 8: ['THROTTLE_BRAKE_OVERLAP']
[Tripwire] Lap 8: ['THROTTLE_BRAKE_OVERLAP']
[Tripwire] Lap 8: ['THROTTLE_BRAKE_OVERLAP']
[Tripwire] Lap 8: ['THROTTLE_BRAKE_OVERLAP']
[Tripwire] Lap 8: ['THROTTLE_BRAKE_OVERLAP']
[Tripwire] Lap 8: ['THROTTLE_BRAKE_OVERLAP']
[Tripwire] Lap 8: ['THROTTLE_BRAKE_OVERLAP']
[Tripwire] Lap 8: ['THROTTLE_BRAKE_OVERLAP']
[Tripwire] Lap 8: ['THROTTLE_BRAKE_OVERLAP']
[Tripwire] Lap 8: ['THROTTLE_BRAKE_OVERLAP']
[Tripwire] Lap 8: ['THROTTLE_BRAKE_OVERLAP']
[Tripwire] Lap 8: ['THROTTLE_BRAKE_OVERLAP']
[Tripwire] Lap 8: ['THROTTLE_BRAKE_OVERLAP']
[Tripwire] Lap 8: ['THROTTLE_BRAKE_OVERLAP']
[Tripwire] Lap 8: ['THROTTLE_BRAKE_OVERLAP']
[Tripwire] Lap 8: ['THROTTLE_BRAKE_OVERLAP']
[Tripwire] Lap 8: ['THROTTLE_BRAKE_OVERLAP']
[Tripwire] Lap 8: ['THROTTLE_BRAKE_OVERLAP']
[Tripwire] Lap 8: ['THROTTLE_BRAKE_OVERLAP']
[Tripwire] Lap 8: ['PACE_DROP']
[Tripwire] Lap 8: ['PACE_DROP']
[Tripwire] Lap 8: ['PACE_DROP']
[Tripwire] Lap 8: ['PACE_DROP']
[Tripwire] Lap 8: ['PACE_DROP']
[Tripwire] Lap 8: ['TYRE_CRITICAL']
[Tripwire] Lap 8: ['TYRE_CRITICAL']
[Tripwire] Lap 8: ['TYRE_CRITICAL']
[Tripwire] Lap 8: ['TYRE_CRITICAL']
[Tripwire] Lap 8: ['TYRE_CRITICAL']
[Tripwire] Lap 8: ['TYRE_CRITICAL']
[Tripwire] Lap 8: ['TYRE_CRITICAL']
[Tripwire] Lap 8: ['TYRE_CRITICAL']
[Tripwire] Lap 8: ['TYRE_CRITICAL']
[Tripwire] Lap 8: ['TYRE_CRITICAL']
[Tripwire] Lap 8: ['TYRE_CRITICAL']
[Tripwire] Lap 8: ['TYRE_CRITICAL']
[Tripwire] Lap 8: ['TYRE_CRITICAL']
[Tripwire] Lap 8: ['TYRE_CRITICAL']
[Tripwire] Lap 8: ['TYRE_CRITICAL']
[Tripwire] Lap 8: ['TYRE_CRITICAL']
[Tripwire] Lap 8: ['TYRE_CRITICAL']
[Tripwire] Lap 8: ['TYRE_CRITICAL']
[Tripwire] Lap 8: ['TYRE_CRITICAL']
[Tripwire] Lap 8: ['TYRE_CRITICAL']
[Tripwire] Lap 8: ['TYRE_CRITICAL']
[Tripwire] Lap 8: ['TYRE_CRITICAL']
[Tripwire] Lap 8: ['TYRE_CRITICAL']
[Tripwire] Lap 8: ['TYRE_CRITICAL']
[Tripwire] Lap 8: ['TYRE_CRITICAL']
[Tripwire] Lap 8: ['TYRE_CRITICAL']
[Tripwire] Lap 8: ['TYRE_CRITICAL']
[Tripwire] Lap 8: ['TYRE_CRITICAL']
[Tripwire] Lap 8: ['TYRE_CRITICAL']
[Tripwire] Lap 8: ['TYRE_CRITICAL']
[Tripwire] Lap 8: ['TYRE_CRITICAL']
[Tripwire] Lap 8: ['TYRE_CRITICAL']
[Tripwire] Lap 8: ['TYRE_CRITICAL']
[Tripwire] Lap 8: ['TYRE_CRITICAL']
[Tripwire] Lap 8: ['TYRE_CRITICAL']
[Tripwire] Lap 8: ['TYRE_CRITICAL']
[Tripwire] Lap 8: ['TYRE_CRITICAL']
[Tripwire] Lap 8: ['TYRE_CRITICAL']
[Tripwire] Lap 8: ['TYRE_CRITICAL']
[Tripwire] Lap 8: ['TYRE_CRITICAL']
[Tripwire] Lap 8: ['TYRE_CRITICAL']
[Tripwire] Lap 8: ['TYRE_CRITICAL']
[Tripwire] Lap 8: ['TYRE_CRITICAL']
[Tripwire] Lap 8: ['TYRE_CRITICAL']
[Tripwire] Lap 8: ['TYRE_CRITICAL']
[Tripwire] Lap 8: ['TYRE_CRITICAL']
[Tripwire] Lap 8: ['TYRE_CRITICAL']
[Tripwire] Lap 8: ['TYRE_CRITICAL']
[Tripwire] Lap 8: ['TYRE_CRITICAL']
[Tripwire] Lap 8: ['TYRE_CRITICAL']
[Tripwire] Lap 8: ['TYRE_CRITICAL']
[Tripwire] Lap 8: ['TYRE_CRITICAL']
[Tripwire] Lap 8: ['TYRE_CRITICAL']
[Tripwire] Lap 8: ['TYRE_CRITICAL']
[Tripwire] Lap 8: ['TYRE_CRITICAL']
[Tripwire] Lap 8: ['TYRE_CRITICAL']
[Tripwire] Lap 8: ['TYRE_CRITICAL']
[Tripwire] Lap 8: ['TYRE_CRITICAL']
[Tripwire] Lap 8: ['TYRE_CRITICAL']
[Tripwire] Lap 8: ['TYRE_CRITICAL']
[Tripwire] Lap 8: ['TYRE_CRITICAL']
[Tripwire] Lap 8: ['PACE_DROP', 'TYRE_CRITICAL']
[Tripwire] Lap 8: ['PACE_DROP', 'THROTTLE_BRAKE_OVERLAP', 'TYRE_CRITICAL']
[Tripwire] Lap 8: ['PACE_DROP', 'TYRE_CRITICAL']
[Tripwire] Lap 9: ['PACE_DROP', 'THROTTLE_BRAKE_OVERLAP']
[Tripwire] Lap 9: ['PACE_DROP']
[Tripwire] Lap 9: ['PACE_DROP']
[Tripwire] Lap 9: ['THROTTLE_BRAKE_OVERLAP']
[Tripwire] Lap 9: ['THROTTLE_BRAKE_OVERLAP']
[Tripwire] Lap 9: ['THROTTLE_BRAKE_OVERLAP']
[Tripwire] Lap 9: ['THROTTLE_BRAKE_OVERLAP']
[Tripwire] Lap 9: ['THROTTLE_BRAKE_OVERLAP']
[Tripwire] Lap 9: ['THROTTLE_BRAKE_OVERLAP']
[Tripwire] Lap 9: ['THROTTLE_BRAKE_OVERLAP']
[Tripwire] Lap 9: ['THROTTLE_BRAKE_OVERLAP']
[Tripwire] Lap 9: ['THROTTLE_BRAKE_OVERLAP']
[Tripwire] Lap 9: ['THROTTLE_BRAKE_OVERLAP']
[Tripwire] Lap 9: ['THROTTLE_BRAKE_OVERLAP']
[Tripwire] Lap 9: ['THROTTLE_BRAKE_OVERLAP']
[Tripwire] Lap 9: ['THROTTLE_BRAKE_OVERLAP']
[Tripwire] Lap 9: ['THROTTLE_BRAKE_OVERLAP']
[Tripwire] Lap 9: ['THROTTLE_BRAKE_OVERLAP']
[Tripwire] Lap 9: ['THROTTLE_BRAKE_OVERLAP']
[Tripwire] Lap 9: ['THROTTLE_BRAKE_OVERLAP']
[Tripwire] Lap 9: ['THROTTLE_BRAKE_OVERLAP']
[Tripwire] Lap 9: ['THROTTLE_BRAKE_OVERLAP']
[Tripwire] Lap 9: ['THROTTLE_BRAKE_OVERLAP']
[Tripwire] Lap 9: ['PACE_DROP']
[Tripwire] Lap 9: ['PACE_DROP']
[Tripwire] Lap 9: ['PACE_DROP']
[Tripwire] Lap 9: ['PACE_DROP']
[Tripwire] Lap 9: ['PACE_DROP']
[Tripwire] Lap 9: ['TYRE_CRITICAL']
[Tripwire] Lap 9: ['TYRE_CRITICAL']
[Tripwire] Lap 9: ['TYRE_CRITICAL']
[Tripwire] Lap 9: ['TYRE_CRITICAL']
[Tripwire] Lap 9: ['TYRE_CRITICAL']
[Tripwire] Lap 9: ['TYRE_CRITICAL']
[Tripwire] Lap 9: ['TYRE_CRITICAL']
[Tripwire] Lap 9: ['TYRE_CRITICAL']
[Tripwire] Lap 9: ['TYRE_CRITICAL']
[Tripwire] Lap 9: ['TYRE_CRITICAL']
[Tripwire] Lap 9: ['TYRE_CRITICAL']
[Tripwire] Lap 9: ['TYRE_CRITICAL']
[Tripwire] Lap 9: ['TYRE_CRITICAL']
[Tripwire] Lap 9: ['TYRE_CRITICAL']
[Tripwire] Lap 9: ['TYRE_CRITICAL']
[Tripwire] Lap 9: ['TYRE_CRITICAL']
[Tripwire] Lap 9: ['TYRE_CRITICAL']
[Tripwire] Lap 9: ['TYRE_CRITICAL']
[Tripwire] Lap 9: ['TYRE_CRITICAL']
[Tripwire] Lap 9: ['TYRE_CRITICAL']
[Tripwire] Lap 9: ['TYRE_CRITICAL']
[Tripwire] Lap 9: ['TYRE_CRITICAL']
[Tripwire] Lap 9: ['TYRE_CRITICAL']
[Tripwire] Lap 9: ['TYRE_CRITICAL']
[Tripwire] Lap 9: ['TYRE_CRITICAL']
[Tripwire] Lap 9: ['TYRE_CRITICAL']
[Tripwire] Lap 9: ['TYRE_CRITICAL']
[Tripwire] Lap 9: ['TYRE_CRITICAL']
[Tripwire] Lap 9: ['TYRE_CRITICAL']
[Tripwire] Lap 9: ['TYRE_CRITICAL']
[Tripwire] Lap 9: ['TYRE_CRITICAL']
[Tripwire] Lap 9: ['TYRE_CRITICAL']
[Tripwire] Lap 9: ['TYRE_CRITICAL']
[Tripwire] Lap 9: ['TYRE_CRITICAL']
[Tripwire] Lap 9: ['TYRE_CRITICAL']
[Tripwire] Lap 9: ['TYRE_CRITICAL']
[Tripwire] Lap 9: ['TYRE_CRITICAL']
[Tripwire] Lap 9: ['TYRE_CRITICAL']
[Tripwire] Lap 9: ['TYRE_CRITICAL']
[Tripwire] Lap 9: ['TYRE_CRITICAL']
[Tripwire] Lap 9: ['TYRE_CRITICAL']
[Tripwire] Lap 9: ['TYRE_CRITICAL']
[Tripwire] Lap 9: ['TYRE_CRITICAL']
[Tripwire] Lap 9: ['TYRE_CRITICAL']
[Tripwire] Lap 9: ['TYRE_CRITICAL']
[Tripwire] Lap 9: ['TYRE_CRITICAL']
[Tripwire] Lap 9: ['TYRE_CRITICAL']
[Tripwire] Lap 9: ['TYRE_CRITICAL']
[Tripwire] Lap 9: ['TYRE_CRITICAL']
[Tripwire] Lap 9: ['TYRE_CRITICAL']
[Tripwire] Lap 9: ['TYRE_CRITICAL']
[Tripwire] Lap 9: ['TYRE_CRITICAL']
[Tripwire] Lap 9: ['TYRE_CRITICAL']
[Tripwire] Lap 9: ['TYRE_CRITICAL']
[Tripwire] Lap 9: ['TYRE_CRITICAL']
[Tripwire] Lap 9: ['TYRE_CRITICAL']
[Tripwire] Lap 9: ['TYRE_CRITICAL']
[Tripwire] Lap 9: ['TYRE_CRITICAL']
[Tripwire] Lap 9: ['TYRE_CRITICAL']
[Tripwire] Lap 9: ['TYRE_CRITICAL']
[Tripwire] Lap 9: ['TYRE_CRITICAL']
[Tripwire] Lap 9: ['PACE_DROP', 'THROTTLE_BRAKE_OVERLAP', 'TYRE_CRITICAL']
[Tripwire] Lap 9: ['PACE_DROP', 'TYRE_CRITICAL']
[Tripwire] Lap 9: ['PACE_DROP', 'THROTTLE_BRAKE_OVERLAP', 'TYRE_CRITICAL']
[Tripwire] Lap 10: ['PACE_DROP', 'THROTTLE_BRAKE_OVERLAP']
[Tripwire] Lap 10: ['PACE_DROP']
[Tripwire] Lap 10: ['THROTTLE_BRAKE_OVERLAP']
[Tripwire] Lap 10: ['THROTTLE_BRAKE_OVERLAP']
[Tripwire] Lap 10: ['THROTTLE_BRAKE_OVERLAP']
[Tripwire] Lap 10: ['THROTTLE_BRAKE_OVERLAP']
[Tripwire] Lap 10: ['THROTTLE_BRAKE_OVERLAP']
[Tripwire] Lap 10: ['THROTTLE_BRAKE_OVERLAP']
[Tripwire] Lap 10: ['THROTTLE_BRAKE_OVERLAP']
[Tripwire] Lap 10: ['THROTTLE_BRAKE_OVERLAP']
[Tripwire] Lap 10: ['THROTTLE_BRAKE_OVERLAP']
[Tripwire] Lap 10: ['THROTTLE_BRAKE_OVERLAP']
[Tripwire] Lap 10: ['THROTTLE_BRAKE_OVERLAP']
[Tripwire] Lap 10: ['THROTTLE_BRAKE_OVERLAP']
[Tripwire] Lap 10: ['THROTTLE_BRAKE_OVERLAP']
[Tripwire] Lap 10: ['THROTTLE_BRAKE_OVERLAP']
[Tripwire] Lap 10: ['THROTTLE_BRAKE_OVERLAP']
[Tripwire] Lap 10: ['THROTTLE_BRAKE_OVERLAP']
[Tripwire] Lap 10: ['THROTTLE_BRAKE_OVERLAP']
[Tripwire] Lap 10: ['THROTTLE_BRAKE_OVERLAP']
[Tripwire] Lap 10: ['THROTTLE_BRAKE_OVERLAP']
[Tripwire] Lap 10: ['THROTTLE_BRAKE_OVERLAP']
[Tripwire] Lap 10: ['THROTTLE_BRAKE_OVERLAP']
[Tripwire] Lap 10: ['THROTTLE_BRAKE_OVERLAP']
[Tripwire] Lap 10: ['THROTTLE_BRAKE_OVERLAP']
[Tripwire] Lap 10: ['THROTTLE_BRAKE_OVERLAP']
[Tripwire] Lap 10: ['THROTTLE_BRAKE_OVERLAP']
[Tripwire] Lap 10: ['THROTTLE_BRAKE_OVERLAP']
[Tripwire] Lap 10: ['THROTTLE_BRAKE_OVERLAP']
[Tripwire] Lap 10: ['THROTTLE_BRAKE_OVERLAP']
[Tripwire] Lap 10: ['PACE_DROP']
[Tripwire] Lap 10: ['PACE_DROP']
[Tripwire] Lap 10: ['PACE_DROP']
[Tripwire] Lap 10: ['PACE_DROP']
[Tripwire] Lap 10: ['TYRE_CRITICAL']
[Tripwire] Lap 10: ['TYRE_CRITICAL']
[Tripwire] Lap 10: ['TYRE_CRITICAL']
[Tripwire] Lap 10: ['TYRE_CRITICAL']
[Tripwire] Lap 10: ['TYRE_CRITICAL']
[Tripwire] Lap 10: ['TYRE_CRITICAL']
[Tripwire] Lap 10: ['TYRE_CRITICAL']
[Tripwire] Lap 10: ['TYRE_CRITICAL']
[Tripwire] Lap 10: ['TYRE_CRITICAL']
[Tripwire] Lap 10: ['TYRE_CRITICAL']
[Tripwire] Lap 10: ['TYRE_CRITICAL']
[Tripwire] Lap 10: ['TYRE_CRITICAL']
[Tripwire] Lap 10: ['TYRE_CRITICAL']
[Tripwire] Lap 10: ['TYRE_CRITICAL']
[Tripwire] Lap 10: ['TYRE_CRITICAL']
[Tripwire] Lap 10: ['TYRE_CRITICAL']
[Tripwire] Lap 10: ['TYRE_CRITICAL']
[Tripwire] Lap 10: ['TYRE_CRITICAL']
[Tripwire] Lap 10: ['TYRE_CRITICAL']
[Tripwire] Lap 10: ['TYRE_CRITICAL']
[Tripwire] Lap 10: ['TYRE_CRITICAL']
[Tripwire] Lap 10: ['TYRE_CRITICAL']
[Tripwire] Lap 10: ['TYRE_CRITICAL']
[Tripwire] Lap 10: ['TYRE_CRITICAL']
[Tripwire] Lap 10: ['TYRE_CRITICAL']
[Tripwire] Lap 10: ['TYRE_CRITICAL']
[Tripwire] Lap 10: ['TYRE_CRITICAL']
[Tripwire] Lap 10: ['TYRE_CRITICAL']
[Tripwire] Lap 10: ['TYRE_CRITICAL']
[Tripwire] Lap 10: ['TYRE_CRITICAL']
[Tripwire] Lap 10: ['TYRE_CRITICAL']
[Tripwire] Lap 10: ['TYRE_CRITICAL']
[Tripwire] Lap 10: ['TYRE_CRITICAL']
[Tripwire] Lap 10: ['TYRE_CRITICAL']
[Tripwire] Lap 10: ['TYRE_CRITICAL']
[Tripwire] Lap 10: ['TYRE_CRITICAL']
[Tripwire] Lap 10: ['TYRE_CRITICAL']
[Tripwire] Lap 10: ['TYRE_CRITICAL']
[Tripwire] Lap 10: ['TYRE_CRITICAL']
[Tripwire] Lap 10: ['TYRE_CRITICAL']
[Tripwire] Lap 10: ['TYRE_CRITICAL']
[Tripwire] Lap 10: ['TYRE_CRITICAL']
[Tripwire] Lap 10: ['TYRE_CRITICAL']
[Tripwire] Lap 10: ['TYRE_CRITICAL']
[Tripwire] Lap 10: ['TYRE_CRITICAL']
[Tripwire] Lap 10: ['TYRE_CRITICAL']
[Tripwire] Lap 10: ['TYRE_CRITICAL']
[Tripwire] Lap 10: ['TYRE_CRITICAL']
[Tripwire] Lap 10: ['TYRE_CRITICAL']
[Tripwire] Lap 10: ['TYRE_CRITICAL']
[Tripwire] Lap 10: ['TYRE_CRITICAL']
[Tripwire] Lap 10: ['TYRE_CRITICAL']
[Tripwire] Lap 10: ['TYRE_CRITICAL']
[Tripwire] Lap 10: ['TYRE_CRITICAL']
[Tripwire] Lap 10: ['TYRE_CRITICAL']
[Tripwire] Lap 10: ['TYRE_CRITICAL']
[Tripwire] Lap 10: ['TYRE_CRITICAL']
[Tripwire] Lap 10: ['TYRE_CRITICAL']
[Tripwire] Lap 10: ['TYRE_CRITICAL']
[Tripwire] Lap 10: ['TYRE_CRITICAL']
[Tripwire] Lap 10: ['TYRE_CRITICAL']
[Tripwire] Lap 10: ['PACE_DROP', 'TYRE_CRITICAL']
[Tripwire] Lap 10: ['PACE_DROP', 'TYRE_CRITICAL']
[Tripwire] Lap 10: ['PACE_DROP', 'TYRE_CRITICAL']
[Tripwire] Lap 11: ['PACE_DROP']
[Tripwire] Lap 11: ['PACE_DROP', 'THROTTLE_BRAKE_OVERLAP']
[Tripwire] Lap 11: ['PACE_DROP']
[Tripwire] Lap 11: ['THROTTLE_BRAKE_OVERLAP']
[Tripwire] Lap 11: ['THROTTLE_BRAKE_OVERLAP']
[Tripwire] Lap 11: ['THROTTLE_BRAKE_OVERLAP']
[Tripwire] Lap 11: ['THROTTLE_BRAKE_OVERLAP']
[Tripwire] Lap 11: ['THROTTLE_BRAKE_OVERLAP']
[Tripwire] Lap 11: ['THROTTLE_BRAKE_OVERLAP']
[Tripwire] Lap 11: ['THROTTLE_BRAKE_OVERLAP']
[Tripwire] Lap 11: ['THROTTLE_BRAKE_OVERLAP']
[Tripwire] Lap 11: ['THROTTLE_BRAKE_OVERLAP']
[Tripwire] Lap 11: ['THROTTLE_BRAKE_OVERLAP']
[Tripwire] Lap 11: ['THROTTLE_BRAKE_OVERLAP']
[Tripwire] Lap 11: ['THROTTLE_BRAKE_OVERLAP']
[Tripwire] Lap 11: ['THROTTLE_BRAKE_OVERLAP']
[Tripwire] Lap 11: ['THROTTLE_BRAKE_OVERLAP']
[Tripwire] Lap 11: ['THROTTLE_BRAKE_OVERLAP']
[Tripwire] Lap 11: ['THROTTLE_BRAKE_OVERLAP']
[Tripwire] Lap 11: ['THROTTLE_BRAKE_OVERLAP']
[Tripwire] Lap 11: ['THROTTLE_BRAKE_OVERLAP']
[Tripwire] Lap 11: ['THROTTLE_BRAKE_OVERLAP']
[Tripwire] Lap 11: ['THROTTLE_BRAKE_OVERLAP']
[Tripwire] Lap 11: ['THROTTLE_BRAKE_OVERLAP']
[Tripwire] Lap 11: ['THROTTLE_BRAKE_OVERLAP']
[Tripwire] Lap 11: ['THROTTLE_BRAKE_OVERLAP']
[Tripwire] Lap 11: ['THROTTLE_BRAKE_OVERLAP']
[Tripwire] Lap 11: ['PACE_DROP']
[Tripwire] Lap 11: ['PACE_DROP']
[Tripwire] Lap 11: ['PACE_DROP']
[Tripwire] Lap 11: ['PACE_DROP']
[Tripwire] Lap 11: ['PACE_DROP']
[Tripwire] Lap 11: ['TYRE_CRITICAL']
[Tripwire] Lap 11: ['TYRE_CRITICAL']
[Tripwire] Lap 11: ['TYRE_CRITICAL']
[Tripwire] Lap 11: ['TYRE_CRITICAL']
[Tripwire] Lap 11: ['TYRE_CRITICAL']
[Tripwire] Lap 11: ['TYRE_CRITICAL']
[Tripwire] Lap 11: ['TYRE_CRITICAL']
[Tripwire] Lap 11: ['TYRE_CRITICAL']
[Tripwire] Lap 11: ['TYRE_CRITICAL']
[Tripwire] Lap 11: ['TYRE_CRITICAL']
[Tripwire] Lap 11: ['TYRE_CRITICAL']
[Tripwire] Lap 11: ['TYRE_CRITICAL']
[Tripwire] Lap 11: ['TYRE_CRITICAL']
[Tripwire] Lap 11: ['TYRE_CRITICAL']
[Tripwire] Lap 11: ['TYRE_CRITICAL']
[Tripwire] Lap 11: ['TYRE_CRITICAL']
[Tripwire] Lap 11: ['TYRE_CRITICAL']
[Tripwire] Lap 11: ['TYRE_CRITICAL']
[Tripwire] Lap 11: ['TYRE_CRITICAL']
[Tripwire] Lap 11: ['TYRE_CRITICAL']
[Tripwire] Lap 11: ['TYRE_CRITICAL']
[Tripwire] Lap 11: ['TYRE_CRITICAL']
[Tripwire] Lap 11: ['TYRE_CRITICAL']
[Tripwire] Lap 11: ['TYRE_CRITICAL']
[Tripwire] Lap 11: ['TYRE_CRITICAL']
[Tripwire] Lap 11: ['TYRE_CRITICAL']
[Tripwire] Lap 11: ['TYRE_CRITICAL']
[Tripwire] Lap 11: ['TYRE_CRITICAL']
[Tripwire] Lap 11: ['TYRE_CRITICAL']
[Tripwire] Lap 11: ['TYRE_CRITICAL']
[Tripwire] Lap 11: ['TYRE_CRITICAL']
[Tripwire] Lap 11: ['TYRE_CRITICAL']
[Tripwire] Lap 11: ['TYRE_CRITICAL']
[Tripwire] Lap 11: ['TYRE_CRITICAL']
[Tripwire] Lap 11: ['TYRE_CRITICAL']
[Tripwire] Lap 11: ['TYRE_CRITICAL']
[Tripwire] Lap 11: ['TYRE_CRITICAL']
[Tripwire] Lap 11: ['TYRE_CRITICAL']
[Tripwire] Lap 11: ['TYRE_CRITICAL']
[Tripwire] Lap 11: ['TYRE_CRITICAL']
[Tripwire] Lap 11: ['TYRE_CRITICAL']
[Tripwire] Lap 11: ['TYRE_CRITICAL']
[Tripwire] Lap 11: ['TYRE_CRITICAL']
[Tripwire] Lap 11: ['TYRE_CRITICAL']
[Tripwire] Lap 11: ['TYRE_CRITICAL']
[Tripwire] Lap 11: ['TYRE_CRITICAL']
[Tripwire] Lap 11: ['TYRE_CRITICAL']
[Tripwire] Lap 11: ['TYRE_CRITICAL']
[Tripwire] Lap 11: ['TYRE_CRITICAL']
[Tripwire] Lap 11: ['TYRE_CRITICAL']
[Tripwire] Lap 11: ['TYRE_CRITICAL']
[Tripwire] Lap 11: ['TYRE_CRITICAL']
[Tripwire] Lap 11: ['TYRE_CRITICAL']
[Tripwire] Lap 11: ['TYRE_CRITICAL']
[Tripwire] Lap 11: ['TYRE_CRITICAL']
[Tripwire] Lap 11: ['TYRE_CRITICAL']
[Tripwire] Lap 11: ['TYRE_CRITICAL']
[Tripwire] Lap 11: ['TYRE_CRITICAL']
[Tripwire] Lap 11: ['TYRE_CRITICAL']
[Tripwire] Lap 11: ['TYRE_CRITICAL']
[Tripwire] Lap 11: ['TYRE_CRITICAL']
[Tripwire] Lap 11: ['PACE_DROP', 'THROTTLE_BRAKE_OVERLAP', 'TYRE_CRITICAL']
[Tripwire] Lap 11: ['PACE_DROP', 'TYRE_CRITICAL']
[Tripwire] Lap 11: ['PACE_DROP', 'TYRE_CRITICAL']
[Tripwire] Lap 12: ['PACE_DROP']
[Tripwire] Lap 12: ['PACE_DROP', 'THROTTLE_BRAKE_OVERLAP']
[Tripwire] Lap 12: ['PACE_DROP']
[Tripwire] Lap 12: ['THROTTLE_BRAKE_OVERLAP']
[Tripwire] Lap 12: ['THROTTLE_BRAKE_OVERLAP']
[Tripwire] Lap 12: ['THROTTLE_BRAKE_OVERLAP']
[Tripwire] Lap 12: ['THROTTLE_BRAKE_OVERLAP']
[Tripwire] Lap 12: ['THROTTLE_BRAKE_OVERLAP']
[Tripwire] Lap 12: ['THROTTLE_BRAKE_OVERLAP']
[Tripwire] Lap 12: ['THROTTLE_BRAKE_OVERLAP']
[Tripwire] Lap 12: ['THROTTLE_BRAKE_OVERLAP']
[Tripwire] Lap 12: ['THROTTLE_BRAKE_OVERLAP']
[Tripwire] Lap 12: ['THROTTLE_BRAKE_OVERLAP']
[Tripwire] Lap 12: ['THROTTLE_BRAKE_OVERLAP']
[Tripwire] Lap 12: ['THROTTLE_BRAKE_OVERLAP']
[Tripwire] Lap 12: ['THROTTLE_BRAKE_OVERLAP']
[Tripwire] Lap 12: ['THROTTLE_BRAKE_OVERLAP']
[Tripwire] Lap 12: ['THROTTLE_BRAKE_OVERLAP']
[Tripwire] Lap 12: ['THROTTLE_BRAKE_OVERLAP']
[Tripwire] Lap 12: ['THROTTLE_BRAKE_OVERLAP']
[Tripwire] Lap 12: ['THROTTLE_BRAKE_OVERLAP']
[Tripwire] Lap 12: ['THROTTLE_BRAKE_OVERLAP']
[Tripwire] Lap 12: ['THROTTLE_BRAKE_OVERLAP']
[Tripwire] Lap 12: ['THROTTLE_BRAKE_OVERLAP']
[Tripwire] Lap 12: ['THROTTLE_BRAKE_OVERLAP']
[Tripwire] Lap 12: ['THROTTLE_BRAKE_OVERLAP']
[Tripwire] Lap 12: ['THROTTLE_BRAKE_OVERLAP']
[Tripwire] Lap 12: ['THROTTLE_BRAKE_OVERLAP']
[Tripwire] Lap 12: ['THROTTLE_BRAKE_OVERLAP']
[Tripwire] Lap 12: ['PACE_DROP']
[Tripwire] Lap 12: ['PACE_DROP']
[Tripwire] Lap 12: ['PACE_DROP']
[Tripwire] Lap 12: ['PACE_DROP']
[Tripwire] Lap 12: ['PACE_DROP']
[Tripwire] Lap 12: ['TYRE_CRITICAL']
[Tripwire] Lap 12: ['TYRE_CRITICAL']
[Tripwire] Lap 12: ['TYRE_CRITICAL']
[Tripwire] Lap 12: ['TYRE_CRITICAL']
[Tripwire] Lap 12: ['TYRE_CRITICAL']
[Tripwire] Lap 12: ['TYRE_CRITICAL']
[Tripwire] Lap 12: ['TYRE_CRITICAL']
[Tripwire] Lap 12: ['TYRE_CRITICAL']
[Tripwire] Lap 12: ['TYRE_CRITICAL']
[Tripwire] Lap 12: ['TYRE_CRITICAL']
[Tripwire] Lap 12: ['TYRE_CRITICAL']
[Tripwire] Lap 12: ['TYRE_CRITICAL']
[Tripwire] Lap 12: ['TYRE_CRITICAL']
[Tripwire] Lap 12: ['TYRE_CRITICAL']
[Tripwire] Lap 12: ['TYRE_CRITICAL']
[Tripwire] Lap 12: ['TYRE_CRITICAL']
[Tripwire] Lap 12: ['TYRE_CRITICAL']
[Tripwire] Lap 12: ['TYRE_CRITICAL']
[Tripwire] Lap 12: ['TYRE_CRITICAL']
[Tripwire] Lap 12: ['TYRE_CRITICAL']
[Tripwire] Lap 12: ['TYRE_CRITICAL']
[Tripwire] Lap 12: ['TYRE_CRITICAL']
[Tripwire] Lap 12: ['TYRE_CRITICAL']
[Tripwire] Lap 12: ['TYRE_CRITICAL']
[Tripwire] Lap 12: ['TYRE_CRITICAL']
[Tripwire] Lap 12: ['TYRE_CRITICAL']
[Tripwire] Lap 12: ['TYRE_CRITICAL']
[Tripwire] Lap 12: ['TYRE_CRITICAL']
[Tripwire] Lap 12: ['TYRE_CRITICAL']
[Tripwire] Lap 12: ['TYRE_CRITICAL']
[Tripwire] Lap 12: ['TYRE_CRITICAL']
[Tripwire] Lap 12: ['TYRE_CRITICAL']
[Tripwire] Lap 12: ['TYRE_CRITICAL']
[Tripwire] Lap 12: ['TYRE_CRITICAL']
[Tripwire] Lap 12: ['TYRE_CRITICAL']
[Tripwire] Lap 12: ['TYRE_CRITICAL']
[Tripwire] Lap 12: ['TYRE_CRITICAL']
[Tripwire] Lap 12: ['TYRE_CRITICAL']
[Tripwire] Lap 12: ['TYRE_CRITICAL']
[Tripwire] Lap 12: ['TYRE_CRITICAL']
[Tripwire] Lap 12: ['TYRE_CRITICAL']
[Tripwire] Lap 12: ['TYRE_CRITICAL']
[Tripwire] Lap 12: ['TYRE_CRITICAL']
[Tripwire] Lap 12: ['TYRE_CRITICAL']
[Tripwire] Lap 12: ['TYRE_CRITICAL']
[Tripwire] Lap 12: ['TYRE_CRITICAL']
[Tripwire] Lap 12: ['TYRE_CRITICAL']
[Tripwire] Lap 12: ['TYRE_CRITICAL']
[Tripwire] Lap 12: ['TYRE_CRITICAL']
[Tripwire] Lap 12: ['TYRE_CRITICAL']
[Tripwire] Lap 12: ['TYRE_CRITICAL']
[Tripwire] Lap 12: ['TYRE_CRITICAL']
[Tripwire] Lap 12: ['TYRE_CRITICAL']
[Tripwire] Lap 12: ['TYRE_CRITICAL']
[Tripwire] Lap 12: ['TYRE_CRITICAL']
[Tripwire] Lap 12: ['PACE_DROP', 'TYRE_CRITICAL']
[Tripwire] Lap 12: ['TYRE_CRITICAL']
[Tripwire] Lap 12: ['TYRE_CRITICAL']
[Tripwire] Lap 12: ['TYRE_CRITICAL']
[Tripwire] Lap 12: ['TYRE_CRITICAL']
[Tripwire] Lap 12: ['TYRE_CRITICAL']
[Tripwire] Lap 12: ['PACE_DROP', 'TYRE_CRITICAL']
[Tripwire] Lap 12: ['PACE_DROP', 'THROTTLE_BRAKE_OVERLAP', 'TYRE_CRITICAL']
[Tripwire] Lap 12: ['PACE_DROP', 'TYRE_CRITICAL']
[Tripwire] Lap 13: ['PACE_DROP', 'THROTTLE_BRAKE_OVERLAP']
[Tripwire] Lap 13: ['PACE_DROP']
[Tripwire] Lap 13: ['THROTTLE_BRAKE_OVERLAP']
[Tripwire] Lap 13: ['THROTTLE_BRAKE_OVERLAP']
[Tripwire] Lap 13: ['THROTTLE_BRAKE_OVERLAP']
[Tripwire] Lap 13: ['THROTTLE_BRAKE_OVERLAP']
[Tripwire] Lap 13: ['THROTTLE_BRAKE_OVERLAP']
[Tripwire] Lap 13: ['THROTTLE_BRAKE_OVERLAP']
[Tripwire] Lap 13: ['THROTTLE_BRAKE_OVERLAP']
[Tripwire] Lap 13: ['THROTTLE_BRAKE_OVERLAP']
[Tripwire] Lap 13: ['THROTTLE_BRAKE_OVERLAP']
[Tripwire] Lap 13: ['THROTTLE_BRAKE_OVERLAP']
[Tripwire] Lap 13: ['THROTTLE_BRAKE_OVERLAP']
[Tripwire] Lap 13: ['THROTTLE_BRAKE_OVERLAP']
[Tripwire] Lap 13: ['THROTTLE_BRAKE_OVERLAP']
[Tripwire] Lap 13: ['THROTTLE_BRAKE_OVERLAP']
[Tripwire] Lap 13: ['THROTTLE_BRAKE_OVERLAP']
[Tripwire] Lap 13: ['THROTTLE_BRAKE_OVERLAP']
[Tripwire] Lap 13: ['THROTTLE_BRAKE_OVERLAP']
[Tripwire] Lap 13: ['THROTTLE_BRAKE_OVERLAP']
[Tripwire] Lap 13: ['PACE_DROP']
[Tripwire] Lap 13: ['PACE_DROP']
[Tripwire] Lap 13: ['PACE_DROP']
[Tripwire] Lap 13: ['PACE_DROP']
[Tripwire] Lap 13: ['PACE_DROP']
[Tripwire] Lap 13: ['PACE_DROP']
[Tripwire] Lap 13: ['TYRE_CRITICAL']
[Tripwire] Lap 13: ['TYRE_CRITICAL']
[Tripwire] Lap 13: ['TYRE_CRITICAL']
[Tripwire] Lap 13: ['TYRE_CRITICAL']
[Tripwire] Lap 13: ['TYRE_CRITICAL']
[Tripwire] Lap 13: ['TYRE_CRITICAL']
[Tripwire] Lap 13: ['TYRE_CRITICAL']
[Tripwire] Lap 13: ['TYRE_CRITICAL']
[Tripwire] Lap 13: ['TYRE_CRITICAL']
[Tripwire] Lap 13: ['TYRE_CRITICAL']
[Tripwire] Lap 13: ['TYRE_CRITICAL']
[Tripwire] Lap 13: ['TYRE_CRITICAL']
[Tripwire] Lap 13: ['TYRE_CRITICAL']
[Tripwire] Lap 13: ['TYRE_CRITICAL']
[Tripwire] Lap 13: ['TYRE_CRITICAL']
[Tripwire] Lap 13: ['TYRE_CRITICAL']
[Tripwire] Lap 13: ['TYRE_CRITICAL']
[Tripwire] Lap 13: ['TYRE_CRITICAL']
[Tripwire] Lap 13: ['TYRE_CRITICAL']
[Tripwire] Lap 13: ['TYRE_CRITICAL']
[Tripwire] Lap 13: ['TYRE_CRITICAL']
[Tripwire] Lap 13: ['TYRE_CRITICAL']
[Tripwire] Lap 13: ['TYRE_CRITICAL']
[Tripwire] Lap 13: ['TYRE_CRITICAL']
[Tripwire] Lap 13: ['TYRE_CRITICAL']
[Tripwire] Lap 13: ['TYRE_CRITICAL']
[Tripwire] Lap 13: ['TYRE_CRITICAL']
[Tripwire] Lap 13: ['TYRE_CRITICAL']
[Tripwire] Lap 13: ['TYRE_CRITICAL']
[Tripwire] Lap 13: ['TYRE_CRITICAL']
[Tripwire] Lap 13: ['TYRE_CRITICAL']
[Tripwire] Lap 13: ['TYRE_CRITICAL']
[Tripwire] Lap 13: ['TYRE_CRITICAL']
[Tripwire] Lap 13: ['TYRE_CRITICAL']
[Tripwire] Lap 13: ['TYRE_CRITICAL']
[Tripwire] Lap 13: ['TYRE_CRITICAL']
[Tripwire] Lap 13: ['TYRE_CRITICAL']
[Tripwire] Lap 13: ['TYRE_CRITICAL']
[Tripwire] Lap 13: ['TYRE_CRITICAL']
[Tripwire] Lap 13: ['TYRE_CRITICAL']
[Tripwire] Lap 13: ['TYRE_CRITICAL']
[Tripwire] Lap 13: ['TYRE_CRITICAL']
[Tripwire] Lap 13: ['TYRE_CRITICAL']
[Tripwire] Lap 13: ['TYRE_CRITICAL']
[Tripwire] Lap 13: ['TYRE_CRITICAL']
[Tripwire] Lap 13: ['TYRE_CRITICAL']
[Tripwire] Lap 13: ['TYRE_CRITICAL']
[Tripwire] Lap 13: ['TYRE_CRITICAL']
[Tripwire] Lap 13: ['TYRE_CRITICAL']
[Tripwire] Lap 13: ['TYRE_CRITICAL']
[Tripwire] Lap 13: ['TYRE_CRITICAL']
[Tripwire] Lap 13: ['TYRE_CRITICAL']
[Tripwire] Lap 13: ['TYRE_CRITICAL']
[Tripwire] Lap 13: ['TYRE_CRITICAL']
[Tripwire] Lap 13: ['TYRE_CRITICAL']
[Tripwire] Lap 13: ['TYRE_CRITICAL']
[Tripwire] Lap 13: ['TYRE_CRITICAL']
[Tripwire] Lap 13: ['TYRE_CRITICAL']
[Tripwire] Lap 13: ['TYRE_CRITICAL']
[Tripwire] Lap 13: ['TYRE_CRITICAL']
[Tripwire] Lap 13: ['TYRE_CRITICAL']
[Tripwire] Lap 13: ['PACE_DROP', 'TYRE_CRITICAL']
[Tripwire] Lap 13: ['PACE_DROP', 'TYRE_CRITICAL']
[Tripwire] Lap 13: ['PACE_DROP', 'THROTTLE_BRAKE_OVERLAP', 'TYRE_CRITICAL']
[Tripwire] Lap 14: ['PACE_DROP', 'THROTTLE_BRAKE_OVERLAP']
[Tripwire] Lap 14: ['PACE_DROP', 'THROTTLE_BRAKE_OVERLAP']
[Tripwire] Lap 14: ['THROTTLE_BRAKE_OVERLAP']
[Tripwire] Lap 14: ['THROTTLE_BRAKE_OVERLAP']
[Tripwire] Lap 14: ['THROTTLE_BRAKE_OVERLAP']
[Tripwire] Lap 14: ['THROTTLE_BRAKE_OVERLAP']
[Tripwire] Lap 14: ['THROTTLE_BRAKE_OVERLAP']
[Tripwire] Lap 14: ['THROTTLE_BRAKE_OVERLAP']
[Tripwire] Lap 14: ['THROTTLE_BRAKE_OVERLAP']
[Tripwire] Lap 14: ['THROTTLE_BRAKE_OVERLAP']
[Tripwire] Lap 14: ['THROTTLE_BRAKE_OVERLAP']
[Tripwire] Lap 14: ['THROTTLE_BRAKE_OVERLAP']
[Tripwire] Lap 14: ['THROTTLE_BRAKE_OVERLAP']
[Tripwire] Lap 14: ['THROTTLE_BRAKE_OVERLAP']
[Tripwire] Lap 14: ['THROTTLE_BRAKE_OVERLAP']
[Tripwire] Lap 14: ['THROTTLE_BRAKE_OVERLAP']
[Tripwire] Lap 14: ['THROTTLE_BRAKE_OVERLAP']
[Tripwire] Lap 14: ['THROTTLE_BRAKE_OVERLAP']
[Tripwire] Lap 14: ['THROTTLE_BRAKE_OVERLAP']
[Tripwire] Lap 14: ['THROTTLE_BRAKE_OVERLAP']
[Tripwire] Lap 14: ['THROTTLE_BRAKE_OVERLAP']
[Tripwire] Lap 14: ['THROTTLE_BRAKE_OVERLAP']
[Tripwire] Lap 14: ['THROTTLE_BRAKE_OVERLAP']
[Tripwire] Lap 14: ['THROTTLE_BRAKE_OVERLAP']
[Tripwire] Lap 14: ['THROTTLE_BRAKE_OVERLAP']
[Tripwire] Lap 14: ['THROTTLE_BRAKE_OVERLAP']
[Tripwire] Lap 14: ['THROTTLE_BRAKE_OVERLAP']
[Tripwire] Lap 14: ['THROTTLE_BRAKE_OVERLAP']
[Tripwire] Lap 14: ['THROTTLE_BRAKE_OVERLAP']
[Tripwire] Lap 14: ['THROTTLE_BRAKE_OVERLAP']
[Tripwire] Lap 14: ['THROTTLE_BRAKE_OVERLAP']
[Tripwire] Lap 14: ['THROTTLE_BRAKE_OVERLAP']
[Tripwire] Lap 14: ['THROTTLE_BRAKE_OVERLAP']
[Tripwire] Lap 14: ['THROTTLE_BRAKE_OVERLAP']
[Tripwire] Lap 14: ['THROTTLE_BRAKE_OVERLAP']
[Tripwire] Lap 14: ['PACE_DROP']
[Tripwire] Lap 14: ['PACE_DROP']
[Tripwire] Lap 14: ['PACE_DROP']
[Tripwire] Lap 14: ['PACE_DROP']
[Tripwire] Lap 14: ['PACE_DROP']
[Tripwire] Lap 14: ['PACE_DROP']
[Tripwire] Lap 14: ['PACE_DROP']
[Tripwire] Lap 14: ['TYRE_CRITICAL']
[Tripwire] Lap 14: ['TYRE_CRITICAL']
[Tripwire] Lap 14: ['TYRE_CRITICAL']
[Tripwire] Lap 14: ['TYRE_CRITICAL']
[Tripwire] Lap 14: ['TYRE_CRITICAL']
[Tripwire] Lap 14: ['TYRE_CRITICAL']
[Tripwire] Lap 14: ['TYRE_CRITICAL']
[Tripwire] Lap 14: ['TYRE_CRITICAL']
[Tripwire] Lap 14: ['TYRE_CRITICAL']
[Tripwire] Lap 14: ['TYRE_CRITICAL']
[Tripwire] Lap 14: ['TYRE_CRITICAL']
[Tripwire] Lap 14: ['TYRE_CRITICAL']
[Tripwire] Lap 14: ['TYRE_CRITICAL']
[Tripwire] Lap 14: ['TYRE_CRITICAL']
[Tripwire] Lap 14: ['TYRE_CRITICAL']
[Tripwire] Lap 14: ['TYRE_CRITICAL']
[Tripwire] Lap 14: ['TYRE_CRITICAL']
[Tripwire] Lap 14: ['TYRE_CRITICAL']
[Tripwire] Lap 14: ['TYRE_CRITICAL']
[Tripwire] Lap 14: ['TYRE_CRITICAL']
[Tripwire] Lap 14: ['TYRE_CRITICAL']
[Tripwire] Lap 14: ['TYRE_CRITICAL']
[Tripwire] Lap 14: ['TYRE_CRITICAL']
[Tripwire] Lap 14: ['TYRE_CRITICAL']
[Tripwire] Lap 14: ['TYRE_CRITICAL']
[Tripwire] Lap 14: ['TYRE_CRITICAL']
[Tripwire] Lap 14: ['TYRE_CRITICAL']
[Tripwire] Lap 14: ['TYRE_CRITICAL']
[Tripwire] Lap 14: ['TYRE_CRITICAL']
[Tripwire] Lap 14: ['TYRE_CRITICAL']
[Tripwire] Lap 14: ['TYRE_CRITICAL']
[Tripwire] Lap 14: ['TYRE_CRITICAL']
[Tripwire] Lap 14: ['TYRE_CRITICAL']
[Tripwire] Lap 14: ['TYRE_CRITICAL']
[Tripwire] Lap 14: ['TYRE_CRITICAL']
[Tripwire] Lap 14: ['TYRE_CRITICAL']
[Tripwire] Lap 14: ['TYRE_CRITICAL']
[Tripwire] Lap 14: ['TYRE_CRITICAL']
[Tripwire] Lap 14: ['TYRE_CRITICAL']
[Tripwire] Lap 14: ['TYRE_CRITICAL']
[Tripwire] Lap 14: ['TYRE_CRITICAL']
[Tripwire] Lap 14: ['TYRE_CRITICAL']
[Tripwire] Lap 14: ['TYRE_CRITICAL']
[Tripwire] Lap 14: ['TYRE_CRITICAL']
[Tripwire] Lap 14: ['TYRE_CRITICAL']
[Tripwire] Lap 14: ['TYRE_CRITICAL']
[Tripwire] Lap 14: ['TYRE_CRITICAL']
[Tripwire] Lap 14: ['TYRE_CRITICAL']
[Tripwire] Lap 14: ['TYRE_CRITICAL']
[Tripwire] Lap 14: ['TYRE_CRITICAL']
[Tripwire] Lap 14: ['TYRE_CRITICAL']
[Tripwire] Lap 14: ['TYRE_CRITICAL']
[Tripwire] Lap 14: ['TYRE_CRITICAL']
[Tripwire] Lap 14: ['TYRE_CRITICAL']
[Tripwire] Lap 14: ['TYRE_CRITICAL']
[Tripwire] Lap 14: ['TYRE_CRITICAL']
[Tripwire] Lap 14: ['TYRE_CRITICAL']
[Tripwire] Lap 14: ['TYRE_CRITICAL']
[Tripwire] Lap 14: ['TYRE_CRITICAL']
[Tripwire] Lap 14: ['TYRE_CRITICAL']
[Tripwire] Lap 14: ['PACE_DROP', 'TYRE_CRITICAL']
[Tripwire] Lap 14: ['PACE_DROP', 'TYRE_CRITICAL']
[Tripwire] Lap 14: ['PACE_DROP', 'TYRE_CRITICAL']
[Tripwire] Lap 15: ['PACE_DROP']
[Tripwire] Lap 15: ['PACE_DROP', 'THROTTLE_BRAKE_OVERLAP']
[Tripwire] Lap 15: ['PACE_DROP']
[Tripwire] Lap 15: ['THROTTLE_BRAKE_OVERLAP']
[Tripwire] Lap 15: ['THROTTLE_BRAKE_OVERLAP']
[Tripwire] Lap 15: ['THROTTLE_BRAKE_OVERLAP']
[Tripwire] Lap 15: ['THROTTLE_BRAKE_OVERLAP']
[Tripwire] Lap 15: ['THROTTLE_BRAKE_OVERLAP']
[Tripwire] Lap 15: ['THROTTLE_BRAKE_OVERLAP']
[Tripwire] Lap 15: ['THROTTLE_BRAKE_OVERLAP']
[Tripwire] Lap 15: ['THROTTLE_BRAKE_OVERLAP']
[Tripwire] Lap 15: ['THROTTLE_BRAKE_OVERLAP']
[Tripwire] Lap 15: ['THROTTLE_BRAKE_OVERLAP']
[Tripwire] Lap 15: ['THROTTLE_BRAKE_OVERLAP']
[Tripwire] Lap 15: ['THROTTLE_BRAKE_OVERLAP']
[Tripwire] Lap 15: ['THROTTLE_BRAKE_OVERLAP']
[Tripwire] Lap 15: ['THROTTLE_BRAKE_OVERLAP']
[Tripwire] Lap 15: ['THROTTLE_BRAKE_OVERLAP']
[Tripwire] Lap 15: ['THROTTLE_BRAKE_OVERLAP']
[Tripwire] Lap 15: ['THROTTLE_BRAKE_OVERLAP']
[Tripwire] Lap 15: ['THROTTLE_BRAKE_OVERLAP']
[Tripwire] Lap 15: ['THROTTLE_BRAKE_OVERLAP']
[Tripwire] Lap 15: ['THROTTLE_BRAKE_OVERLAP']
[Tripwire] Lap 15: ['PACE_DROP']
[Tripwire] Lap 15: ['PACE_DROP']
[Tripwire] Lap 15: ['PACE_DROP']
[Tripwire] Lap 15: ['PACE_DROP']
[Tripwire] Lap 15: ['TYRE_CRITICAL']
[Tripwire] Lap 15: ['TYRE_CRITICAL']
[Tripwire] Lap 15: ['TYRE_CRITICAL']
[Tripwire] Lap 15: ['TYRE_CRITICAL']
[Tripwire] Lap 15: ['TYRE_CRITICAL']
[Tripwire] Lap 15: ['TYRE_CRITICAL']
[Tripwire] Lap 15: ['TYRE_CRITICAL']
[Tripwire] Lap 15: ['TYRE_CRITICAL']
[Tripwire] Lap 15: ['TYRE_CRITICAL']
[Tripwire] Lap 15: ['TYRE_CRITICAL']
[Tripwire] Lap 15: ['TYRE_CRITICAL']
[Tripwire] Lap 15: ['TYRE_CRITICAL']
[Tripwire] Lap 15: ['TYRE_CRITICAL']
[Tripwire] Lap 15: ['TYRE_CRITICAL']
[Tripwire] Lap 15: ['TYRE_CRITICAL']
[Tripwire] Lap 15: ['TYRE_CRITICAL']
[Tripwire] Lap 15: ['TYRE_CRITICAL']
[Tripwire] Lap 15: ['TYRE_CRITICAL']
[Tripwire] Lap 15: ['TYRE_CRITICAL']
[Tripwire] Lap 15: ['TYRE_CRITICAL']
[Tripwire] Lap 15: ['TYRE_CRITICAL']
[Tripwire] Lap 15: ['TYRE_CRITICAL']
[Tripwire] Lap 15: ['TYRE_CRITICAL']
[Tripwire] Lap 15: ['TYRE_CRITICAL']
[Tripwire] Lap 15: ['TYRE_CRITICAL']
[Tripwire] Lap 15: ['TYRE_CRITICAL']
[Tripwire] Lap 15: ['TYRE_CRITICAL']
[Tripwire] Lap 15: ['TYRE_CRITICAL']
[Tripwire] Lap 15: ['TYRE_CRITICAL']
[Tripwire] Lap 15: ['TYRE_CRITICAL']
[Tripwire] Lap 15: ['TYRE_CRITICAL']
[Tripwire] Lap 15: ['TYRE_CRITICAL']
[Tripwire] Lap 15: ['TYRE_CRITICAL']
[Tripwire] Lap 15: ['TYRE_CRITICAL']
[Tripwire] Lap 15: ['TYRE_CRITICAL']
[Tripwire] Lap 15: ['TYRE_CRITICAL']
[Tripwire] Lap 15: ['TYRE_CRITICAL']
[Tripwire] Lap 15: ['TYRE_CRITICAL']
[Tripwire] Lap 15: ['TYRE_CRITICAL']
[Tripwire] Lap 15: ['TYRE_CRITICAL']
[Tripwire] Lap 15: ['TYRE_CRITICAL']
[Tripwire] Lap 15: ['TYRE_CRITICAL']
[Tripwire] Lap 15: ['TYRE_CRITICAL']
[Tripwire] Lap 15: ['TYRE_CRITICAL']
[Tripwire] Lap 15: ['TYRE_CRITICAL']
[Tripwire] Lap 15: ['TYRE_CRITICAL']
[Tripwire] Lap 15: ['TYRE_CRITICAL']
[Tripwire] Lap 15: ['TYRE_CRITICAL']
[Tripwire] Lap 15: ['TYRE_CRITICAL']
[Tripwire] Lap 15: ['TYRE_CRITICAL']
[Tripwire] Lap 15: ['TYRE_CRITICAL']
[Tripwire] Lap 15: ['TYRE_CRITICAL']
[Tripwire] Lap 15: ['TYRE_CRITICAL']
[Tripwire] Lap 15: ['TYRE_CRITICAL']
[Tripwire] Lap 15: ['TYRE_CRITICAL']
[Tripwire] Lap 15: ['TYRE_CRITICAL']
[Tripwire] Lap 15: ['TYRE_CRITICAL']
[Tripwire] Lap 15: ['TYRE_CRITICAL']
[Tripwire] Lap 15: ['TYRE_CRITICAL']
[Tripwire] Lap 15: ['TYRE_CRITICAL']
[Tripwire] Lap 15: ['TYRE_CRITICAL']
[Tripwire] Lap 15: ['TYRE_CRITICAL']
[Tripwire] Lap 15: ['PACE_DROP', 'THROTTLE_BRAKE_OVERLAP', 'TYRE_CRITICAL']
[Tripwire] Lap 15: ['PACE_DROP', 'TYRE_CRITICAL']
[Tripwire] Lap 15: ['PACE_DROP', 'THROTTLE_BRAKE_OVERLAP', 'TYRE_CRITICAL']
[Tripwire] Lap 16: ['PACE_DROP']
[Tripwire] Lap 16: ['PACE_DROP', 'THROTTLE_BRAKE_OVERLAP']
[Tripwire] Lap 16: ['THROTTLE_BRAKE_OVERLAP']
[Tripwire] Lap 16: ['THROTTLE_BRAKE_OVERLAP']
[Tripwire] Lap 16: ['THROTTLE_BRAKE_OVERLAP']
[Tripwire] Lap 16: ['THROTTLE_BRAKE_OVERLAP']
[Tripwire] Lap 16: ['THROTTLE_BRAKE_OVERLAP']
[Tripwire] Lap 16: ['THROTTLE_BRAKE_OVERLAP']
[Tripwire] Lap 16: ['THROTTLE_BRAKE_OVERLAP']
[Tripwire] Lap 16: ['THROTTLE_BRAKE_OVERLAP']
[Tripwire] Lap 16: ['THROTTLE_BRAKE_OVERLAP']
[Tripwire] Lap 16: ['THROTTLE_BRAKE_OVERLAP']
[Tripwire] Lap 16: ['THROTTLE_BRAKE_OVERLAP']
[Tripwire] Lap 16: ['THROTTLE_BRAKE_OVERLAP']
[Tripwire] Lap 16: ['THROTTLE_BRAKE_OVERLAP']
[Tripwire] Lap 16: ['THROTTLE_BRAKE_OVERLAP']
[Tripwire] Lap 16: ['THROTTLE_BRAKE_OVERLAP']
[Tripwire] Lap 16: ['THROTTLE_BRAKE_OVERLAP']
[Tripwire] Lap 16: ['THROTTLE_BRAKE_OVERLAP']
[Tripwire] Lap 16: ['THROTTLE_BRAKE_OVERLAP']
[Tripwire] Lap 16: ['THROTTLE_BRAKE_OVERLAP']
[Tripwire] Lap 16: ['THROTTLE_BRAKE_OVERLAP']
[Tripwire] Lap 16: ['THROTTLE_BRAKE_OVERLAP']
[Tripwire] Lap 16: ['PACE_DROP']
[Tripwire] Lap 16: ['PACE_DROP']
[Tripwire] Lap 16: ['PACE_DROP']
[Tripwire] Lap 16: ['PACE_DROP']
[Tripwire] Lap 16: ['PACE_DROP']
[Tripwire] Lap 16: ['PACE_DROP']
[Tripwire] Lap 16: ['TYRE_CRITICAL']
[Tripwire] Lap 16: ['TYRE_CRITICAL']
[Tripwire] Lap 16: ['TYRE_CRITICAL']
[Tripwire] Lap 16: ['TYRE_CRITICAL']
[Tripwire] Lap 16: ['TYRE_CRITICAL']
[Tripwire] Lap 16: ['TYRE_CRITICAL']
[Tripwire] Lap 16: ['TYRE_CRITICAL']
[Tripwire] Lap 16: ['TYRE_CRITICAL']
[Tripwire] Lap 16: ['TYRE_CRITICAL']
[Tripwire] Lap 16: ['TYRE_CRITICAL']
[Tripwire] Lap 16: ['TYRE_CRITICAL']
[Tripwire] Lap 16: ['TYRE_CRITICAL']
[Tripwire] Lap 16: ['TYRE_CRITICAL']
[Tripwire] Lap 16: ['TYRE_CRITICAL']
[Tripwire] Lap 16: ['TYRE_CRITICAL']
[Tripwire] Lap 16: ['TYRE_CRITICAL']
[Tripwire] Lap 16: ['TYRE_CRITICAL']
[Tripwire] Lap 16: ['TYRE_CRITICAL']
[Tripwire] Lap 16: ['TYRE_CRITICAL']
[Tripwire] Lap 16: ['TYRE_CRITICAL']
[Tripwire] Lap 16: ['TYRE_CRITICAL']
[Tripwire] Lap 16: ['TYRE_CRITICAL']
[Tripwire] Lap 16: ['TYRE_CRITICAL']
[Tripwire] Lap 16: ['TYRE_CRITICAL']
[Tripwire] Lap 16: ['TYRE_CRITICAL']
[Tripwire] Lap 16: ['TYRE_CRITICAL']
[Tripwire] Lap 16: ['TYRE_CRITICAL']
[Tripwire] Lap 16: ['TYRE_CRITICAL']
[Tripwire] Lap 16: ['TYRE_CRITICAL']
[Tripwire] Lap 16: ['TYRE_CRITICAL']
[Tripwire] Lap 16: ['TYRE_CRITICAL']
[Tripwire] Lap 16: ['TYRE_CRITICAL']
[Tripwire] Lap 16: ['TYRE_CRITICAL']
[Tripwire] Lap 16: ['TYRE_CRITICAL']
[Tripwire] Lap 16: ['TYRE_CRITICAL']
[Tripwire] Lap 16: ['TYRE_CRITICAL']
[Tripwire] Lap 16: ['TYRE_CRITICAL']
[Tripwire] Lap 16: ['TYRE_CRITICAL']
[Tripwire] Lap 16: ['TYRE_CRITICAL']
[Tripwire] Lap 16: ['TYRE_CRITICAL']
[Tripwire] Lap 16: ['TYRE_CRITICAL']
[Tripwire] Lap 16: ['TYRE_CRITICAL']
[Tripwire] Lap 16: ['TYRE_CRITICAL']
[Tripwire] Lap 16: ['TYRE_CRITICAL']
[Tripwire] Lap 16: ['TYRE_CRITICAL']
[Tripwire] Lap 16: ['TYRE_CRITICAL']
[Tripwire] Lap 16: ['TYRE_CRITICAL']
[Tripwire] Lap 16: ['TYRE_CRITICAL']
[Tripwire] Lap 16: ['TYRE_CRITICAL']
[Tripwire] Lap 16: ['TYRE_CRITICAL']
[Tripwire] Lap 16: ['TYRE_CRITICAL']
[Tripwire] Lap 16: ['TYRE_CRITICAL']
[Tripwire] Lap 16: ['TYRE_CRITICAL']
[Tripwire] Lap 16: ['TYRE_CRITICAL']
[Tripwire] Lap 16: ['TYRE_CRITICAL']
[Tripwire] Lap 16: ['TYRE_CRITICAL']
[Tripwire] Lap 16: ['TYRE_CRITICAL']
[Tripwire] Lap 16: ['TYRE_CRITICAL']
[Tripwire] Lap 16: ['TYRE_CRITICAL']
[Tripwire] Lap 16: ['TYRE_CRITICAL']
[Tripwire] Lap 16: ['TYRE_CRITICAL']
[Tripwire] Lap 16: ['TYRE_CRITICAL']
[Tripwire] Lap 16: ['PACE_DROP', 'TYRE_CRITICAL']
[Tripwire] Lap 16: ['PACE_DROP', 'TYRE_CRITICAL']
[Tripwire] Lap 16: ['PACE_DROP', 'TYRE_CRITICAL']
[Tripwire] Lap 17: ['PACE_DROP']
[Tripwire] Lap 17: ['PACE_DROP']
[Tripwire] Lap 17: ['THROTTLE_BRAKE_OVERLAP']
[Tripwire] Lap 17: ['THROTTLE_BRAKE_OVERLAP']
[Tripwire] Lap 17: ['THROTTLE_BRAKE_OVERLAP']
[Tripwire] Lap 17: ['THROTTLE_BRAKE_OVERLAP']
[Tripwire] Lap 17: ['THROTTLE_BRAKE_OVERLAP']
[Tripwire] Lap 17: ['THROTTLE_BRAKE_OVERLAP']
[Tripwire] Lap 17: ['THROTTLE_BRAKE_OVERLAP']
[Tripwire] Lap 17: ['THROTTLE_BRAKE_OVERLAP']
[Tripwire] Lap 17: ['THROTTLE_BRAKE_OVERLAP']
[Tripwire] Lap 17: ['THROTTLE_BRAKE_OVERLAP']
[Tripwire] Lap 17: ['THROTTLE_BRAKE_OVERLAP']
[Tripwire] Lap 17: ['THROTTLE_BRAKE_OVERLAP']
[Tripwire] Lap 17: ['THROTTLE_BRAKE_OVERLAP']
[Tripwire] Lap 17: ['THROTTLE_BRAKE_OVERLAP']
[Tripwire] Lap 17: ['THROTTLE_BRAKE_OVERLAP']
[Tripwire] Lap 17: ['THROTTLE_BRAKE_OVERLAP']
[Tripwire] Lap 17: ['THROTTLE_BRAKE_OVERLAP']
[Tripwire] Lap 17: ['THROTTLE_BRAKE_OVERLAP']
[Tripwire] Lap 17: ['THROTTLE_BRAKE_OVERLAP']
[Tripwire] Lap 17: ['THROTTLE_BRAKE_OVERLAP']
[Tripwire] Lap 17: ['THROTTLE_BRAKE_OVERLAP']
[Tripwire] Lap 17: ['THROTTLE_BRAKE_OVERLAP']
[Tripwire] Lap 17: ['PACE_DROP']
[Tripwire] Lap 17: ['PACE_DROP']
[Tripwire] Lap 17: ['PACE_DROP']
[Tripwire] Lap 17: ['PACE_DROP']
[Tripwire] Lap 17: ['PACE_DROP']
[Tripwire] Lap 17: ['PACE_DROP']
[Tripwire] Lap 17: ['TYRE_CRITICAL']
[Tripwire] Lap 17: ['TYRE_CRITICAL']
[Tripwire] Lap 17: ['TYRE_CRITICAL']
[Tripwire] Lap 17: ['TYRE_CRITICAL']
[Tripwire] Lap 17: ['TYRE_CRITICAL']
[Tripwire] Lap 17: ['TYRE_CRITICAL']
[Tripwire] Lap 17: ['TYRE_CRITICAL']
[Tripwire] Lap 17: ['TYRE_CRITICAL']
[Tripwire] Lap 17: ['TYRE_CRITICAL']
[Tripwire] Lap 17: ['TYRE_CRITICAL']
[Tripwire] Lap 17: ['TYRE_CRITICAL']
[Tripwire] Lap 17: ['TYRE_CRITICAL']
[Tripwire] Lap 17: ['TYRE_CRITICAL']
[Tripwire] Lap 17: ['TYRE_CRITICAL']
[Tripwire] Lap 17: ['TYRE_CRITICAL']
[Tripwire] Lap 17: ['TYRE_CRITICAL']
[Tripwire] Lap 17: ['TYRE_CRITICAL']
[Tripwire] Lap 17: ['TYRE_CRITICAL']
[Tripwire] Lap 17: ['TYRE_CRITICAL']
[Tripwire] Lap 17: ['TYRE_CRITICAL']
[Tripwire] Lap 17: ['TYRE_CRITICAL']
[Tripwire] Lap 17: ['TYRE_CRITICAL']
[Tripwire] Lap 17: ['TYRE_CRITICAL']
[Tripwire] Lap 17: ['TYRE_CRITICAL']
[Tripwire] Lap 17: ['TYRE_CRITICAL']
[Tripwire] Lap 17: ['TYRE_CRITICAL']
[Tripwire] Lap 17: ['TYRE_CRITICAL']
[Tripwire] Lap 17: ['TYRE_CRITICAL']
[Tripwire] Lap 17: ['TYRE_CRITICAL']
[Tripwire] Lap 17: ['TYRE_CRITICAL']
[Tripwire] Lap 17: ['TYRE_CRITICAL']
[Tripwire] Lap 17: ['TYRE_CRITICAL']
[Tripwire] Lap 17: ['TYRE_CRITICAL']
[Tripwire] Lap 17: ['TYRE_CRITICAL']
[Tripwire] Lap 17: ['TYRE_CRITICAL']
[Tripwire] Lap 17: ['TYRE_CRITICAL']
[Tripwire] Lap 17: ['TYRE_CRITICAL']
[Tripwire] Lap 17: ['TYRE_CRITICAL']
[Tripwire] Lap 17: ['TYRE_CRITICAL']
[Tripwire] Lap 17: ['TYRE_CRITICAL']
[Tripwire] Lap 17: ['TYRE_CRITICAL']
[Tripwire] Lap 17: ['TYRE_CRITICAL']
[Tripwire] Lap 17: ['TYRE_CRITICAL']
[Tripwire] Lap 17: ['TYRE_CRITICAL']
[Tripwire] Lap 17: ['TYRE_CRITICAL']
[Tripwire] Lap 17: ['TYRE_CRITICAL']
[Tripwire] Lap 17: ['TYRE_CRITICAL']
[Tripwire] Lap 17: ['TYRE_CRITICAL']
[Tripwire] Lap 17: ['TYRE_CRITICAL']
[Tripwire] Lap 17: ['TYRE_CRITICAL']
[Tripwire] Lap 17: ['TYRE_CRITICAL']
[Tripwire] Lap 17: ['TYRE_CRITICAL']
[Tripwire] Lap 17: ['TYRE_CRITICAL']
[Tripwire] Lap 17: ['TYRE_CRITICAL']
[Tripwire] Lap 17: ['TYRE_CRITICAL']
[Tripwire] Lap 17: ['TYRE_CRITICAL']
[Tripwire] Lap 17: ['TYRE_CRITICAL']
[Tripwire] Lap 17: ['TYRE_CRITICAL']
[Tripwire] Lap 17: ['TYRE_CRITICAL']
[Tripwire] Lap 17: ['TYRE_CRITICAL']
[Tripwire] Lap 17: ['TYRE_CRITICAL']
[Tripwire] Lap 17: ['TYRE_CRITICAL']
[Tripwire] Lap 17: ['PACE_DROP', 'TYRE_CRITICAL']
[Tripwire] Lap 17: ['PACE_DROP', 'TYRE_CRITICAL']
[Tripwire] Lap 17: ['PACE_DROP', 'THROTTLE_BRAKE_OVERLAP', 'TYRE_CRITICAL']
[Tripwire] Lap 18: ['PACE_DROP']
[Tripwire] Lap 18: ['PACE_DROP', 'THROTTLE_BRAKE_OVERLAP']
[Tripwire] Lap 18: ['PACE_DROP']
[Tripwire] Lap 18: ['THROTTLE_BRAKE_OVERLAP']
[Tripwire] Lap 18: ['THROTTLE_BRAKE_OVERLAP']
[Tripwire] Lap 18: ['THROTTLE_BRAKE_OVERLAP']
[Tripwire] Lap 18: ['THROTTLE_BRAKE_OVERLAP']
[Tripwire] Lap 18: ['THROTTLE_BRAKE_OVERLAP']
[Tripwire] Lap 18: ['THROTTLE_BRAKE_OVERLAP']
[Tripwire] Lap 18: ['THROTTLE_BRAKE_OVERLAP']
[Tripwire] Lap 18: ['THROTTLE_BRAKE_OVERLAP']
[Tripwire] Lap 18: ['PACE_DROP', 'THROTTLE_BRAKE_OVERLAP']
[Tripwire] Lap 18: ['THROTTLE_BRAKE_OVERLAP']
[Tripwire] Lap 18: ['THROTTLE_BRAKE_OVERLAP']
[Tripwire] Lap 18: ['THROTTLE_BRAKE_OVERLAP']
[Tripwire] Lap 18: ['THROTTLE_BRAKE_OVERLAP']
[Tripwire] Lap 18: ['THROTTLE_BRAKE_OVERLAP']
[Tripwire] Lap 18: ['THROTTLE_BRAKE_OVERLAP']
[Tripwire] Lap 18: ['THROTTLE_BRAKE_OVERLAP']
[Tripwire] Lap 18: ['THROTTLE_BRAKE_OVERLAP']
[Tripwire] Lap 18: ['THROTTLE_BRAKE_OVERLAP']
[Tripwire] Lap 18: ['PACE_DROP']
[Tripwire] Lap 18: ['PACE_DROP']
[Tripwire] Lap 18: ['PACE_DROP']
[Tripwire] Lap 18: ['PACE_DROP']
[Tripwire] Lap 18: ['PACE_DROP']
[Tripwire] Lap 18: ['TYRE_CRITICAL']
[Tripwire] Lap 18: ['TYRE_CRITICAL']
[Tripwire] Lap 18: ['TYRE_CRITICAL']
[Tripwire] Lap 18: ['TYRE_CRITICAL']
[Tripwire] Lap 18: ['TYRE_CRITICAL']
[Tripwire] Lap 18: ['TYRE_CRITICAL']
[Tripwire] Lap 18: ['TYRE_CRITICAL']
[Tripwire] Lap 18: ['TYRE_CRITICAL']
[Tripwire] Lap 18: ['TYRE_CRITICAL']
[Tripwire] Lap 18: ['TYRE_CRITICAL']
[Tripwire] Lap 18: ['TYRE_CRITICAL']
[Tripwire] Lap 18: ['TYRE_CRITICAL']
[Tripwire] Lap 18: ['TYRE_CRITICAL']
[Tripwire] Lap 18: ['TYRE_CRITICAL']
[Tripwire] Lap 18: ['TYRE_CRITICAL']
[Tripwire] Lap 18: ['TYRE_CRITICAL']
[Tripwire] Lap 18: ['TYRE_CRITICAL']
[Tripwire] Lap 18: ['TYRE_CRITICAL']
[Tripwire] Lap 18: ['TYRE_CRITICAL']
[Tripwire] Lap 18: ['TYRE_CRITICAL']
[Tripwire] Lap 18: ['TYRE_CRITICAL']
[Tripwire] Lap 18: ['TYRE_CRITICAL']
[Tripwire] Lap 18: ['TYRE_CRITICAL']
[Tripwire] Lap 18: ['TYRE_CRITICAL']
[Tripwire] Lap 18: ['TYRE_CRITICAL']
[Tripwire] Lap 18: ['TYRE_CRITICAL']
[Tripwire] Lap 18: ['TYRE_CRITICAL']
[Tripwire] Lap 18: ['TYRE_CRITICAL']
[Tripwire] Lap 18: ['TYRE_CRITICAL']
[Tripwire] Lap 18: ['TYRE_CRITICAL']
[Tripwire] Lap 18: ['TYRE_CRITICAL']
[Tripwire] Lap 18: ['TYRE_CRITICAL']
[Tripwire] Lap 18: ['TYRE_CRITICAL']
[Tripwire] Lap 18: ['TYRE_CRITICAL']
[Tripwire] Lap 18: ['TYRE_CRITICAL']
[Tripwire] Lap 18: ['TYRE_CRITICAL']
[Tripwire] Lap 18: ['TYRE_CRITICAL']
[Tripwire] Lap 18: ['TYRE_CRITICAL']
[Tripwire] Lap 18: ['TYRE_CRITICAL']
[Tripwire] Lap 18: ['TYRE_CRITICAL']
[Tripwire] Lap 18: ['TYRE_CRITICAL']
[Tripwire] Lap 18: ['TYRE_CRITICAL']
[Tripwire] Lap 18: ['TYRE_CRITICAL']
[Tripwire] Lap 18: ['TYRE_CRITICAL']
[Tripwire] Lap 18: ['TYRE_CRITICAL']
[Tripwire] Lap 18: ['TYRE_CRITICAL']
[Tripwire] Lap 18: ['TYRE_CRITICAL']
[Tripwire] Lap 18: ['TYRE_CRITICAL']
[Tripwire] Lap 18: ['TYRE_CRITICAL']
[Tripwire] Lap 18: ['TYRE_CRITICAL']
[Tripwire] Lap 18: ['TYRE_CRITICAL']
[Tripwire] Lap 18: ['TYRE_CRITICAL']
[Tripwire] Lap 18: ['TYRE_CRITICAL']
[Tripwire] Lap 18: ['TYRE_CRITICAL']
[Tripwire] Lap 18: ['TYRE_CRITICAL']
[Tripwire] Lap 18: ['TYRE_CRITICAL']
[Tripwire] Lap 18: ['TYRE_CRITICAL']
[Tripwire] Lap 18: ['TYRE_CRITICAL']
[Tripwire] Lap 18: ['TYRE_CRITICAL']
[Tripwire] Lap 18: ['TYRE_CRITICAL']
[Tripwire] Lap 18: ['TYRE_CRITICAL']
[Tripwire] Lap 18: ['PACE_DROP', 'TYRE_CRITICAL']
[Tripwire] Lap 18: ['PACE_DROP', 'THROTTLE_BRAKE_OVERLAP', 'TYRE_CRITICAL']
[Tripwire] Lap 18: ['PACE_DROP', 'TYRE_CRITICAL']
[Tripwire] Lap 19: ['PACE_DROP']
[Tripwire] Lap 19: ['PACE_DROP', 'THROTTLE_BRAKE_OVERLAP']
[Tripwire] Lap 19: ['PACE_DROP', 'THROTTLE_BRAKE_OVERLAP']
[Tripwire] Lap 19: ['THROTTLE_BRAKE_OVERLAP']
[Tripwire] Lap 19: ['THROTTLE_BRAKE_OVERLAP']
[Tripwire] Lap 19: ['THROTTLE_BRAKE_OVERLAP']
[Tripwire] Lap 19: ['THROTTLE_BRAKE_OVERLAP']
[Tripwire] Lap 19: ['THROTTLE_BRAKE_OVERLAP']
[Tripwire] Lap 19: ['THROTTLE_BRAKE_OVERLAP']
[Tripwire] Lap 19: ['THROTTLE_BRAKE_OVERLAP']
[Tripwire] Lap 19: ['THROTTLE_BRAKE_OVERLAP']
[Tripwire] Lap 19: ['THROTTLE_BRAKE_OVERLAP']
[Tripwire] Lap 19: ['THROTTLE_BRAKE_OVERLAP']
[Tripwire] Lap 19: ['THROTTLE_BRAKE_OVERLAP']
[Tripwire] Lap 19: ['THROTTLE_BRAKE_OVERLAP']
[Tripwire] Lap 19: ['THROTTLE_BRAKE_OVERLAP']
[Tripwire] Lap 19: ['THROTTLE_BRAKE_OVERLAP']
[Tripwire] Lap 19: ['THROTTLE_BRAKE_OVERLAP']
[Tripwire] Lap 19: ['THROTTLE_BRAKE_OVERLAP']
[Tripwire] Lap 19: ['THROTTLE_BRAKE_OVERLAP']
[Tripwire] Lap 19: ['THROTTLE_BRAKE_OVERLAP']
[Tripwire] Lap 19: ['THROTTLE_BRAKE_OVERLAP']
[Tripwire] Lap 19: ['THROTTLE_BRAKE_OVERLAP']
[Tripwire] Lap 19: ['THROTTLE_BRAKE_OVERLAP']
[Tripwire] Lap 19: ['THROTTLE_BRAKE_OVERLAP']
[Tripwire] Lap 19: ['THROTTLE_BRAKE_OVERLAP']
[Tripwire] Lap 19: ['THROTTLE_BRAKE_OVERLAP']
[Tripwire] Lap 19: ['THROTTLE_BRAKE_OVERLAP']
[Tripwire] Lap 19: ['THROTTLE_BRAKE_OVERLAP']
[Tripwire] Lap 19: ['THROTTLE_BRAKE_OVERLAP']
[Tripwire] Lap 19: ['PACE_DROP']
[Tripwire] Lap 19: ['PACE_DROP']
[Tripwire] Lap 19: ['PACE_DROP']
[Tripwire] Lap 19: ['PACE_DROP']
[Tripwire] Lap 19: ['PACE_DROP']
[Tripwire] Lap 19: ['TYRE_CRITICAL']
[Tripwire] Lap 19: ['TYRE_CRITICAL']
[Tripwire] Lap 19: ['TYRE_CRITICAL']
[Tripwire] Lap 19: ['TYRE_CRITICAL']
[Tripwire] Lap 19: ['TYRE_CRITICAL']
[Tripwire] Lap 19: ['TYRE_CRITICAL']
[Tripwire] Lap 19: ['TYRE_CRITICAL']
[Tripwire] Lap 19: ['TYRE_CRITICAL']
[Tripwire] Lap 19: ['TYRE_CRITICAL']
[Tripwire] Lap 19: ['TYRE_CRITICAL']
[Tripwire] Lap 19: ['TYRE_CRITICAL']
[Tripwire] Lap 19: ['TYRE_CRITICAL']
[Tripwire] Lap 19: ['TYRE_CRITICAL']
[Tripwire] Lap 19: ['TYRE_CRITICAL']
[Tripwire] Lap 19: ['TYRE_CRITICAL']
[Tripwire] Lap 19: ['TYRE_CRITICAL']
[Tripwire] Lap 19: ['TYRE_CRITICAL']
[Tripwire] Lap 19: ['TYRE_CRITICAL']
[Tripwire] Lap 19: ['TYRE_CRITICAL']
[Tripwire] Lap 19: ['TYRE_CRITICAL']
[Tripwire] Lap 19: ['TYRE_CRITICAL']
[Tripwire] Lap 19: ['TYRE_CRITICAL']
[Tripwire] Lap 19: ['TYRE_CRITICAL']
[Tripwire] Lap 19: ['TYRE_CRITICAL']
[Tripwire] Lap 19: ['TYRE_CRITICAL']
[Tripwire] Lap 19: ['TYRE_CRITICAL']
[Tripwire] Lap 19: ['TYRE_CRITICAL']
[Tripwire] Lap 19: ['TYRE_CRITICAL']
[Tripwire] Lap 19: ['TYRE_CRITICAL']
[Tripwire] Lap 19: ['TYRE_CRITICAL']
[Tripwire] Lap 19: ['TYRE_CRITICAL']
[Tripwire] Lap 19: ['TYRE_CRITICAL']
[Tripwire] Lap 19: ['TYRE_CRITICAL']
[Tripwire] Lap 19: ['TYRE_CRITICAL']
[Tripwire] Lap 19: ['TYRE_CRITICAL']
[Tripwire] Lap 19: ['TYRE_CRITICAL']
[Tripwire] Lap 19: ['TYRE_CRITICAL']
[Tripwire] Lap 19: ['TYRE_CRITICAL']
[Tripwire] Lap 19: ['TYRE_CRITICAL']
[Tripwire] Lap 19: ['TYRE_CRITICAL']
[Tripwire] Lap 19: ['TYRE_CRITICAL']
[Tripwire] Lap 19: ['TYRE_CRITICAL']
[Tripwire] Lap 19: ['TYRE_CRITICAL']
[Tripwire] Lap 19: ['TYRE_CRITICAL']
[Tripwire] Lap 19: ['TYRE_CRITICAL']
[Tripwire] Lap 19: ['TYRE_CRITICAL']
[Tripwire] Lap 19: ['TYRE_CRITICAL']
[Tripwire] Lap 19: ['TYRE_CRITICAL']
[Tripwire] Lap 19: ['TYRE_CRITICAL']
[Tripwire] Lap 19: ['TYRE_CRITICAL']
[Tripwire] Lap 19: ['TYRE_CRITICAL']
[Tripwire] Lap 19: ['TYRE_CRITICAL']
[Tripwire] Lap 19: ['TYRE_CRITICAL']
[Tripwire] Lap 19: ['TYRE_CRITICAL']
[Tripwire] Lap 19: ['TYRE_CRITICAL']
[Tripwire] Lap 19: ['TYRE_CRITICAL']
[Tripwire] Lap 19: ['TYRE_CRITICAL']
[Tripwire] Lap 19: ['TYRE_CRITICAL']
[Tripwire] Lap 19: ['TYRE_CRITICAL']
[Tripwire] Lap 19: ['TYRE_CRITICAL']
[Tripwire] Lap 19: ['TYRE_CRITICAL']
[Tripwire] Lap 19: ['PACE_DROP', 'TYRE_CRITICAL']
[Tripwire] Lap 19: ['PACE_DROP', 'TYRE_CRITICAL']
[Tripwire] Lap 19: ['PACE_DROP', 'TYRE_CRITICAL']
[Tripwire] Lap 20: ['PACE_DROP']
[Tripwire] Lap 20: ['PACE_DROP', 'THROTTLE_BRAKE_OVERLAP']
[Tripwire] Lap 20: ['THROTTLE_BRAKE_OVERLAP']
[Tripwire] Lap 20: ['THROTTLE_BRAKE_OVERLAP']
[Tripwire] Lap 20: ['THROTTLE_BRAKE_OVERLAP']
[Tripwire] Lap 20: ['THROTTLE_BRAKE_OVERLAP']
[Tripwire] Lap 20: ['THROTTLE_BRAKE_OVERLAP']
[Tripwire] Lap 20: ['THROTTLE_BRAKE_OVERLAP']
[Tripwire] Lap 20: ['THROTTLE_BRAKE_OVERLAP']
[Tripwire] Lap 20: ['THROTTLE_BRAKE_OVERLAP']
[Tripwire] Lap 20: ['THROTTLE_BRAKE_OVERLAP']
[Tripwire] Lap 20: ['THROTTLE_BRAKE_OVERLAP']
[Tripwire] Lap 20: ['THROTTLE_BRAKE_OVERLAP']
[Tripwire] Lap 20: ['THROTTLE_BRAKE_OVERLAP']
[Tripwire] Lap 20: ['THROTTLE_BRAKE_OVERLAP']
[Tripwire] Lap 20: ['THROTTLE_BRAKE_OVERLAP']
[Tripwire] Lap 20: ['THROTTLE_BRAKE_OVERLAP']
[Tripwire] Lap 20: ['THROTTLE_BRAKE_OVERLAP']
[Tripwire] Lap 20: ['THROTTLE_BRAKE_OVERLAP']
[Tripwire] Lap 20: ['THROTTLE_BRAKE_OVERLAP']
[Tripwire] Lap 20: ['THROTTLE_BRAKE_OVERLAP']
[Tripwire] Lap 20: ['THROTTLE_BRAKE_OVERLAP']
[Tripwire] Lap 20: ['THROTTLE_BRAKE_OVERLAP']
[Tripwire] Lap 20: ['THROTTLE_BRAKE_OVERLAP']
[Tripwire] Lap 20: ['THROTTLE_BRAKE_OVERLAP']
[Tripwire] Lap 20: ['THROTTLE_BRAKE_OVERLAP']
[Tripwire] Lap 20: ['THROTTLE_BRAKE_OVERLAP']
[Tripwire] Lap 20: ['THROTTLE_BRAKE_OVERLAP']
[Tripwire] Lap 20: ['PACE_DROP']
[Tripwire] Lap 20: ['PACE_DROP']
[Tripwire] Lap 20: ['PACE_DROP']
[Tripwire] Lap 20: ['PACE_DROP']
[Tripwire] Lap 20: ['PACE_DROP']
[Tripwire] Lap 20: ['TYRE_CRITICAL']
[Tripwire] Lap 20: ['TYRE_CRITICAL']
[Tripwire] Lap 20: ['TYRE_CRITICAL']
[Tripwire] Lap 20: ['TYRE_CRITICAL']
[Tripwire] Lap 20: ['TYRE_CRITICAL']
[Tripwire] Lap 20: ['TYRE_CRITICAL']
[Tripwire] Lap 20: ['TYRE_CRITICAL']
[Tripwire] Lap 20: ['TYRE_CRITICAL']
[Tripwire] Lap 20: ['TYRE_CRITICAL']
[Tripwire] Lap 20: ['TYRE_CRITICAL']
[Tripwire] Lap 20: ['TYRE_CRITICAL']
[Tripwire] Lap 20: ['TYRE_CRITICAL']
[Tripwire] Lap 20: ['TYRE_CRITICAL']
[Tripwire] Lap 20: ['TYRE_CRITICAL']
[Tripwire] Lap 20: ['TYRE_CRITICAL']
[Tripwire] Lap 20: ['TYRE_CRITICAL']
[Tripwire] Lap 20: ['TYRE_CRITICAL']
[Tripwire] Lap 20: ['TYRE_CRITICAL']
[Tripwire] Lap 20: ['TYRE_CRITICAL']
[Tripwire] Lap 20: ['TYRE_CRITICAL']
[Tripwire] Lap 20: ['TYRE_CRITICAL']
[Tripwire] Lap 20: ['TYRE_CRITICAL']
[Tripwire] Lap 20: ['TYRE_CRITICAL']
[Tripwire] Lap 20: ['TYRE_CRITICAL']
[Tripwire] Lap 20: ['TYRE_CRITICAL']
[Tripwire] Lap 20: ['TYRE_CRITICAL']
[Tripwire] Lap 20: ['TYRE_CRITICAL']
[Tripwire] Lap 20: ['TYRE_CRITICAL']
[Tripwire] Lap 20: ['TYRE_CRITICAL']
[Tripwire] Lap 20: ['TYRE_CRITICAL']
[Tripwire] Lap 20: ['TYRE_CRITICAL']
[Tripwire] Lap 20: ['TYRE_CRITICAL']
[Tripwire] Lap 20: ['TYRE_CRITICAL']
[Tripwire] Lap 20: ['TYRE_CRITICAL']
[Tripwire] Lap 20: ['TYRE_CRITICAL']
[Tripwire] Lap 20: ['TYRE_CRITICAL']
[Tripwire] Lap 20: ['TYRE_CRITICAL']
[Tripwire] Lap 20: ['TYRE_CRITICAL']
[Tripwire] Lap 20: ['TYRE_CRITICAL']
[Tripwire] Lap 20: ['TYRE_CRITICAL']
[Tripwire] Lap 20: ['TYRE_CRITICAL']
[Tripwire] Lap 20: ['TYRE_CRITICAL']
[Tripwire] Lap 20: ['TYRE_CRITICAL']
[Tripwire] Lap 20: ['TYRE_CRITICAL']
[Tripwire] Lap 20: ['TYRE_CRITICAL']
[Tripwire] Lap 20: ['TYRE_CRITICAL']
[Tripwire] Lap 20: ['TYRE_CRITICAL']
[Tripwire] Lap 20: ['TYRE_CRITICAL']
[Tripwire] Lap 20: ['TYRE_CRITICAL']
[Tripwire] Lap 20: ['TYRE_CRITICAL']
[Tripwire] Lap 20: ['TYRE_CRITICAL']
[Tripwire] Lap 20: ['TYRE_CRITICAL']
[Tripwire] Lap 20: ['TYRE_CRITICAL']
[Tripwire] Lap 20: ['TYRE_CRITICAL']
[Tripwire] Lap 20: ['TYRE_CRITICAL']
[Tripwire] Lap 20: ['TYRE_CRITICAL']
[Tripwire] Lap 20: ['TYRE_CRITICAL']
[Tripwire] Lap 20: ['TYRE_CRITICAL']
[Tripwire] Lap 20: ['TYRE_CRITICAL']
[Tripwire] Lap 20: ['TYRE_CRITICAL']
[Tripwire] Lap 20: ['TYRE_CRITICAL']
[Tripwire] Lap 20: ['TYRE_CRITICAL']
[Tripwire] Lap 20: ['PACE_DROP', 'TYRE_CRITICAL']
[Tripwire] Lap 20: ['PACE_DROP', 'THROTTLE_BRAKE_OVERLAP', 'TYRE_CRITICAL']
[Tripwire] Lap 20: ['PACE_DROP', 'TYRE_CRITICAL']
[Tripwire] Lap 21: ['PACE_DROP', 'THROTTLE_BRAKE_OVERLAP']
[Tripwire] Lap 21: ['PACE_DROP', 'THROTTLE_BRAKE_OVERLAP']
[Tripwire] Lap 21: ['THROTTLE_BRAKE_OVERLAP']
[Tripwire] Lap 21: ['THROTTLE_BRAKE_OVERLAP']
[Tripwire] Lap 21: ['THROTTLE_BRAKE_OVERLAP']
[Tripwire] Lap 21: ['THROTTLE_BRAKE_OVERLAP']
[Tripwire] Lap 21: ['THROTTLE_BRAKE_OVERLAP']
[Tripwire] Lap 21: ['THROTTLE_BRAKE_OVERLAP']
[Tripwire] Lap 21: ['THROTTLE_BRAKE_OVERLAP']
[Tripwire] Lap 21: ['THROTTLE_BRAKE_OVERLAP']
[Tripwire] Lap 21: ['THROTTLE_BRAKE_OVERLAP']
[Tripwire] Lap 21: ['THROTTLE_BRAKE_OVERLAP']
[Tripwire] Lap 21: ['THROTTLE_BRAKE_OVERLAP']
[Tripwire] Lap 21: ['THROTTLE_BRAKE_OVERLAP']
[Tripwire] Lap 21: ['THROTTLE_BRAKE_OVERLAP']
[Tripwire] Lap 21: ['THROTTLE_BRAKE_OVERLAP']
[Tripwire] Lap 21: ['THROTTLE_BRAKE_OVERLAP']
[Tripwire] Lap 21: ['THROTTLE_BRAKE_OVERLAP']
[Tripwire] Lap 21: ['THROTTLE_BRAKE_OVERLAP']
[Tripwire] Lap 21: ['THROTTLE_BRAKE_OVERLAP']
[Tripwire] Lap 21: ['PACE_DROP']
[Tripwire] Lap 21: ['THROTTLE_BRAKE_OVERLAP']
[Tripwire] Lap 21: ['THROTTLE_BRAKE_OVERLAP']
[Tripwire] Lap 21: ['THROTTLE_BRAKE_OVERLAP']
[Tripwire] Lap 21: ['THROTTLE_BRAKE_OVERLAP']
[Tripwire] Lap 21: ['THROTTLE_BRAKE_OVERLAP']
[Tripwire] Lap 21: ['THROTTLE_BRAKE_OVERLAP']
[Tripwire] Lap 21: ['THROTTLE_BRAKE_OVERLAP']
[Tripwire] Lap 21: ['THROTTLE_BRAKE_OVERLAP']
[Tripwire] Lap 21: ['THROTTLE_BRAKE_OVERLAP']
[Tripwire] Lap 21: ['THROTTLE_BRAKE_OVERLAP']
[Tripwire] Lap 21: ['THROTTLE_BRAKE_OVERLAP']
[Tripwire] Lap 21: ['THROTTLE_BRAKE_OVERLAP']
[Tripwire] Lap 21: ['PACE_DROP']
[Tripwire] Lap 21: ['PACE_DROP']
[Tripwire] Lap 21: ['PACE_DROP']
[Tripwire] Lap 21: ['PACE_DROP']
[Tripwire] Lap 21: ['PACE_DROP']
[Tripwire] Lap 21: ['PACE_DROP']
[Tripwire] Lap 21: ['TYRE_CRITICAL']
[Tripwire] Lap 21: ['TYRE_CRITICAL']
[Tripwire] Lap 21: ['TYRE_CRITICAL']
[Tripwire] Lap 21: ['TYRE_CRITICAL']
[Tripwire] Lap 21: ['PACE_DROP', 'TYRE_CRITICAL']
[Tripwire] Lap 21: ['TYRE_CRITICAL']
[Tripwire] Lap 21: ['TYRE_CRITICAL']
[Tripwire] Lap 21: ['TYRE_CRITICAL']
[Tripwire] Lap 21: ['TYRE_CRITICAL']
[Tripwire] Lap 21: ['TYRE_CRITICAL']
[Tripwire] Lap 21: ['TYRE_CRITICAL']
[Tripwire] Lap 21: ['TYRE_CRITICAL']
[Tripwire] Lap 21: ['TYRE_CRITICAL']
[Tripwire] Lap 21: ['TYRE_CRITICAL']
[Tripwire] Lap 21: ['TYRE_CRITICAL']
[Tripwire] Lap 21: ['TYRE_CRITICAL']
[Tripwire] Lap 21: ['TYRE_CRITICAL']
[Tripwire] Lap 21: ['TYRE_CRITICAL']
[Tripwire] Lap 21: ['TYRE_CRITICAL']
[Tripwire] Lap 21: ['TYRE_CRITICAL']
[Tripwire] Lap 21: ['TYRE_CRITICAL']
[Tripwire] Lap 21: ['TYRE_CRITICAL']
[Tripwire] Lap 21: ['TYRE_CRITICAL']
[Tripwire] Lap 21: ['TYRE_CRITICAL']
[Tripwire] Lap 21: ['TYRE_CRITICAL']
[Tripwire] Lap 21: ['TYRE_CRITICAL']
[Tripwire] Lap 21: ['TYRE_CRITICAL']
[Tripwire] Lap 21: ['TYRE_CRITICAL']
[Tripwire] Lap 21: ['TYRE_CRITICAL']
[Tripwire] Lap 21: ['TYRE_CRITICAL']
[Tripwire] Lap 21: ['TYRE_CRITICAL']
[Tripwire] Lap 21: ['TYRE_CRITICAL']
[Tripwire] Lap 21: ['TYRE_CRITICAL']
[Tripwire] Lap 21: ['TYRE_CRITICAL']
[Tripwire] Lap 21: ['TYRE_CRITICAL']
[Tripwire] Lap 21: ['TYRE_CRITICAL']
[Tripwire] Lap 21: ['TYRE_CRITICAL']
[Tripwire] Lap 21: ['TYRE_CRITICAL']
[Tripwire] Lap 21: ['TYRE_CRITICAL']
[Tripwire] Lap 21: ['TYRE_CRITICAL']
[Tripwire] Lap 21: ['TYRE_CRITICAL']
[Tripwire] Lap 21: ['TYRE_CRITICAL']
[Tripwire] Lap 21: ['TYRE_CRITICAL']
[Tripwire] Lap 21: ['TYRE_CRITICAL']
[Tripwire] Lap 21: ['TYRE_CRITICAL']
[Tripwire] Lap 21: ['TYRE_CRITICAL']
[Tripwire] Lap 21: ['TYRE_CRITICAL']
[Tripwire] Lap 21: ['TYRE_CRITICAL']
[Tripwire] Lap 21: ['TYRE_CRITICAL']
[Tripwire] Lap 21: ['TYRE_CRITICAL']
[Tripwire] Lap 21: ['TYRE_CRITICAL']
[Tripwire] Lap 21: ['TYRE_CRITICAL']
[Tripwire] Lap 21: ['TYRE_CRITICAL']
[Tripwire] Lap 21: ['TYRE_CRITICAL']
[Tripwire] Lap 21: ['TYRE_CRITICAL']
[Tripwire] Lap 21: ['TYRE_CRITICAL']
[Tripwire] Lap 21: ['TYRE_CRITICAL']
[Tripwire] Lap 21: ['TYRE_CRITICAL']
[Tripwire] Lap 21: ['TYRE_CRITICAL']
[Tripwire] Lap 21: ['TYRE_CRITICAL']
[Tripwire] Lap 21: ['TYRE_CRITICAL']
[Tripwire] Lap 21: ['TYRE_CRITICAL']
[Tripwire] Lap 21: ['PACE_DROP', 'THROTTLE_BRAKE_OVERLAP', 'TYRE_CRITICAL']
[Tripwire] Lap 21: ['PACE_DROP', 'TYRE_CRITICAL']
[Tripwire] Lap 21: ['PACE_DROP', 'THROTTLE_BRAKE_OVERLAP', 'TYRE_CRITICAL']
[Tripwire] Lap 22: ['PACE_DROP']
[Tripwire] Lap 22: ['PACE_DROP']
[Tripwire] Lap 22: ['PACE_DROP']
[Tripwire] Lap 22: ['THROTTLE_BRAKE_OVERLAP']
[Tripwire] Lap 22: ['THROTTLE_BRAKE_OVERLAP']
[Tripwire] Lap 22: ['THROTTLE_BRAKE_OVERLAP']
[Tripwire] Lap 22: ['THROTTLE_BRAKE_OVERLAP']
[Tripwire] Lap 22: ['THROTTLE_BRAKE_OVERLAP']
[Tripwire] Lap 22: ['THROTTLE_BRAKE_OVERLAP']
[Tripwire] Lap 22: ['THROTTLE_BRAKE_OVERLAP']
[Tripwire] Lap 22: ['THROTTLE_BRAKE_OVERLAP']
[Tripwire] Lap 22: ['THROTTLE_BRAKE_OVERLAP']
[Tripwire] Lap 22: ['THROTTLE_BRAKE_OVERLAP']
[Tripwire] Lap 22: ['THROTTLE_BRAKE_OVERLAP']
[Tripwire] Lap 22: ['THROTTLE_BRAKE_OVERLAP']
[Tripwire] Lap 22: ['THROTTLE_BRAKE_OVERLAP']
[Tripwire] Lap 22: ['THROTTLE_BRAKE_OVERLAP']
[Tripwire] Lap 22: ['THROTTLE_BRAKE_OVERLAP']
[Tripwire] Lap 22: ['THROTTLE_BRAKE_OVERLAP']
[Tripwire] Lap 22: ['THROTTLE_BRAKE_OVERLAP']
[Tripwire] Lap 22: ['THROTTLE_BRAKE_OVERLAP']
[Tripwire] Lap 22: ['THROTTLE_BRAKE_OVERLAP']
[Tripwire] Lap 22: ['THROTTLE_BRAKE_OVERLAP']
[Tripwire] Lap 22: ['THROTTLE_BRAKE_OVERLAP']
[Tripwire] Lap 22: ['THROTTLE_BRAKE_OVERLAP']
[Tripwire] Lap 22: ['THROTTLE_BRAKE_OVERLAP']
[Tripwire] Lap 22: ['THROTTLE_BRAKE_OVERLAP']
[Tripwire] Lap 22: ['THROTTLE_BRAKE_OVERLAP']
[Tripwire] Lap 22: ['THROTTLE_BRAKE_OVERLAP']
[Tripwire] Lap 22: ['THROTTLE_BRAKE_OVERLAP']
[Tripwire] Lap 22: ['THROTTLE_BRAKE_OVERLAP']
[Tripwire] Lap 22: ['PACE_DROP']
[Tripwire] Lap 22: ['PACE_DROP']
[Tripwire] Lap 22: ['PACE_DROP']
[Tripwire] Lap 22: ['PACE_DROP']
[Tripwire] Lap 22: ['PACE_DROP']
[Tripwire] Lap 22: ['TYRE_CRITICAL']
[Tripwire] Lap 22: ['TYRE_CRITICAL']
[Tripwire] Lap 22: ['TYRE_CRITICAL']
[Tripwire] Lap 22: ['TYRE_CRITICAL']
[Tripwire] Lap 22: ['TYRE_CRITICAL']
[Tripwire] Lap 22: ['TYRE_CRITICAL']
[Tripwire] Lap 22: ['TYRE_CRITICAL']
[Tripwire] Lap 22: ['TYRE_CRITICAL']
[Tripwire] Lap 22: ['TYRE_CRITICAL']
[Tripwire] Lap 22: ['TYRE_CRITICAL']
[Tripwire] Lap 22: ['TYRE_CRITICAL']
[Tripwire] Lap 22: ['TYRE_CRITICAL']
[Tripwire] Lap 22: ['TYRE_CRITICAL']
[Tripwire] Lap 22: ['TYRE_CRITICAL']
[Tripwire] Lap 22: ['TYRE_CRITICAL']
[Tripwire] Lap 22: ['TYRE_CRITICAL']
[Tripwire] Lap 22: ['TYRE_CRITICAL']
[Tripwire] Lap 22: ['TYRE_CRITICAL']
[Tripwire] Lap 22: ['TYRE_CRITICAL']
[Tripwire] Lap 22: ['TYRE_CRITICAL']
[Tripwire] Lap 22: ['TYRE_CRITICAL']
[Tripwire] Lap 22: ['TYRE_CRITICAL']
[Tripwire] Lap 22: ['TYRE_CRITICAL']
[Tripwire] Lap 22: ['TYRE_CRITICAL']
[Tripwire] Lap 22: ['TYRE_CRITICAL']
[Tripwire] Lap 22: ['TYRE_CRITICAL']
[Tripwire] Lap 22: ['TYRE_CRITICAL']
[Tripwire] Lap 22: ['TYRE_CRITICAL']
[Tripwire] Lap 22: ['TYRE_CRITICAL']
[Tripwire] Lap 22: ['TYRE_CRITICAL']
[Tripwire] Lap 22: ['TYRE_CRITICAL']
[Tripwire] Lap 22: ['TYRE_CRITICAL']
[Tripwire] Lap 22: ['TYRE_CRITICAL']
[Tripwire] Lap 22: ['TYRE_CRITICAL']
[Tripwire] Lap 22: ['TYRE_CRITICAL']
[Tripwire] Lap 22: ['TYRE_CRITICAL']
[Tripwire] Lap 22: ['TYRE_CRITICAL']
[Tripwire] Lap 22: ['TYRE_CRITICAL']
[Tripwire] Lap 22: ['TYRE_CRITICAL']
[Tripwire] Lap 22: ['TYRE_CRITICAL']
[Tripwire] Lap 22: ['TYRE_CRITICAL']
[Tripwire] Lap 22: ['TYRE_CRITICAL']
[Tripwire] Lap 22: ['TYRE_CRITICAL']
[Tripwire] Lap 22: ['TYRE_CRITICAL']
[Tripwire] Lap 22: ['TYRE_CRITICAL']
[Tripwire] Lap 22: ['TYRE_CRITICAL']
[Tripwire] Lap 22: ['TYRE_CRITICAL']
[Tripwire] Lap 22: ['TYRE_CRITICAL']
[Tripwire] Lap 22: ['TYRE_CRITICAL']
[Tripwire] Lap 22: ['TYRE_CRITICAL']
[Tripwire] Lap 22: ['TYRE_CRITICAL']
[Tripwire] Lap 22: ['TYRE_CRITICAL']
[Tripwire] Lap 22: ['TYRE_CRITICAL']
[Tripwire] Lap 22: ['TYRE_CRITICAL']
[Tripwire] Lap 22: ['TYRE_CRITICAL']
[Tripwire] Lap 22: ['TYRE_CRITICAL']
[Tripwire] Lap 22: ['TYRE_CRITICAL']
[Tripwire] Lap 22: ['TYRE_CRITICAL']
[Tripwire] Lap 22: ['TYRE_CRITICAL']
[Tripwire] Lap 22: ['TYRE_CRITICAL']
[Tripwire] Lap 22: ['TYRE_CRITICAL']
[Tripwire] Lap 22: ['TYRE_CRITICAL']
[Tripwire] Lap 22: ['PACE_DROP', 'TYRE_CRITICAL']
[Tripwire] Lap 22: ['PACE_DROP', 'TYRE_CRITICAL']
[Tripwire] Lap 22: ['PACE_DROP', 'TYRE_CRITICAL']
[Tripwire] Lap 23: ['PACE_DROP', 'THROTTLE_BRAKE_OVERLAP']
[Tripwire] Lap 23: ['PACE_DROP']
[Tripwire] Lap 23: ['THROTTLE_BRAKE_OVERLAP']
[Tripwire] Lap 23: ['THROTTLE_BRAKE_OVERLAP']
[Tripwire] Lap 23: ['THROTTLE_BRAKE_OVERLAP']
[Tripwire] Lap 23: ['THROTTLE_BRAKE_OVERLAP']
[Tripwire] Lap 23: ['THROTTLE_BRAKE_OVERLAP']
[Tripwire] Lap 23: ['THROTTLE_BRAKE_OVERLAP']
[Tripwire] Lap 23: ['THROTTLE_BRAKE_OVERLAP']
[Tripwire] Lap 23: ['THROTTLE_BRAKE_OVERLAP']
[Tripwire] Lap 23: ['THROTTLE_BRAKE_OVERLAP']
[Tripwire] Lap 23: ['THROTTLE_BRAKE_OVERLAP']
[Tripwire] Lap 23: ['THROTTLE_BRAKE_OVERLAP']
[Tripwire] Lap 23: ['THROTTLE_BRAKE_OVERLAP']
[Tripwire] Lap 23: ['THROTTLE_BRAKE_OVERLAP']
[Tripwire] Lap 23: ['THROTTLE_BRAKE_OVERLAP']
[Tripwire] Lap 23: ['THROTTLE_BRAKE_OVERLAP']
[Tripwire] Lap 23: ['THROTTLE_BRAKE_OVERLAP']
[Tripwire] Lap 23: ['THROTTLE_BRAKE_OVERLAP']
[Tripwire] Lap 23: ['THROTTLE_BRAKE_OVERLAP']
[Tripwire] Lap 23: ['THROTTLE_BRAKE_OVERLAP']
[Tripwire] Lap 23: ['THROTTLE_BRAKE_OVERLAP']
[Tripwire] Lap 23: ['THROTTLE_BRAKE_OVERLAP']
[Tripwire] Lap 23: ['THROTTLE_BRAKE_OVERLAP']
[Tripwire] Lap 23: ['THROTTLE_BRAKE_OVERLAP']
[Tripwire] Lap 23: ['THROTTLE_BRAKE_OVERLAP']
[Tripwire] Lap 23: ['THROTTLE_BRAKE_OVERLAP']
[Tripwire] Lap 23: ['PACE_DROP']
[Tripwire] Lap 23: ['PACE_DROP']
[Tripwire] Lap 23: ['PACE_DROP']
[Tripwire] Lap 23: ['PACE_DROP']
[Tripwire] Lap 23: ['PACE_DROP']
[Tripwire] Lap 23: ['TYRE_CRITICAL']
[Tripwire] Lap 23: ['TYRE_CRITICAL']
[Tripwire] Lap 23: ['TYRE_CRITICAL']
[Tripwire] Lap 23: ['TYRE_CRITICAL']
[Tripwire] Lap 23: ['TYRE_CRITICAL']
[Tripwire] Lap 23: ['TYRE_CRITICAL']
[Tripwire] Lap 23: ['TYRE_CRITICAL']
[Tripwire] Lap 23: ['TYRE_CRITICAL']
[Tripwire] Lap 23: ['TYRE_CRITICAL']
[Tripwire] Lap 23: ['TYRE_CRITICAL']
[Tripwire] Lap 23: ['TYRE_CRITICAL']
[Tripwire] Lap 23: ['TYRE_CRITICAL']
[Tripwire] Lap 23: ['TYRE_CRITICAL']
[Tripwire] Lap 23: ['TYRE_CRITICAL']
[Tripwire] Lap 23: ['TYRE_CRITICAL']
[Tripwire] Lap 23: ['TYRE_CRITICAL']
[Tripwire] Lap 23: ['TYRE_CRITICAL']
[Tripwire] Lap 23: ['TYRE_CRITICAL']
[Tripwire] Lap 23: ['TYRE_CRITICAL']
[Tripwire] Lap 23: ['TYRE_CRITICAL']
[Tripwire] Lap 23: ['TYRE_CRITICAL']
[Tripwire] Lap 23: ['TYRE_CRITICAL']
[Tripwire] Lap 23: ['TYRE_CRITICAL']
[Tripwire] Lap 23: ['TYRE_CRITICAL']
[Tripwire] Lap 23: ['TYRE_CRITICAL']
[Tripwire] Lap 23: ['TYRE_CRITICAL']
[Tripwire] Lap 23: ['TYRE_CRITICAL']
[Tripwire] Lap 23: ['TYRE_CRITICAL']
[Tripwire] Lap 23: ['TYRE_CRITICAL']
[Tripwire] Lap 23: ['TYRE_CRITICAL']
[Tripwire] Lap 23: ['TYRE_CRITICAL']
[Tripwire] Lap 23: ['TYRE_CRITICAL']
[Tripwire] Lap 23: ['TYRE_CRITICAL']
[Tripwire] Lap 23: ['TYRE_CRITICAL']
[Tripwire] Lap 23: ['TYRE_CRITICAL']
[Tripwire] Lap 23: ['TYRE_CRITICAL']
[Tripwire] Lap 23: ['TYRE_CRITICAL']
[Tripwire] Lap 23: ['TYRE_CRITICAL']
[Tripwire] Lap 23: ['TYRE_CRITICAL']
[Tripwire] Lap 23: ['TYRE_CRITICAL']
[Tripwire] Lap 23: ['TYRE_CRITICAL']
[Tripwire] Lap 23: ['TYRE_CRITICAL']
[Tripwire] Lap 23: ['TYRE_CRITICAL']
[Tripwire] Lap 23: ['TYRE_CRITICAL']
[Tripwire] Lap 23: ['TYRE_CRITICAL']
[Tripwire] Lap 23: ['TYRE_CRITICAL']
[Tripwire] Lap 23: ['TYRE_CRITICAL']
[Tripwire] Lap 23: ['TYRE_CRITICAL']
[Tripwire] Lap 23: ['TYRE_CRITICAL']
[Tripwire] Lap 23: ['TYRE_CRITICAL']
[Tripwire] Lap 23: ['TYRE_CRITICAL']
[Tripwire] Lap 23: ['TYRE_CRITICAL']
[Tripwire] Lap 23: ['TYRE_CRITICAL']
[Tripwire] Lap 23: ['TYRE_CRITICAL']
[Tripwire] Lap 23: ['TYRE_CRITICAL']
[Tripwire] Lap 23: ['TYRE_CRITICAL']
[Tripwire] Lap 23: ['TYRE_CRITICAL']
[Tripwire] Lap 23: ['TYRE_CRITICAL']
[Tripwire] Lap 23: ['TYRE_CRITICAL']
[Tripwire] Lap 23: ['TYRE_CRITICAL']
[Tripwire] Lap 23: ['PACE_DROP', 'TYRE_CRITICAL']
[Tripwire] Lap 23: ['PACE_DROP', 'TYRE_CRITICAL']
[Tripwire] Lap 23: ['PACE_DROP', 'TYRE_CRITICAL']
[Tripwire] Lap 24: ['PACE_DROP', 'THROTTLE_BRAKE_OVERLAP']
[Tripwire] Lap 24: ['PACE_DROP']
[Tripwire] Lap 24: ['PACE_DROP', 'THROTTLE_BRAKE_OVERLAP']
[Tripwire] Lap 24: ['THROTTLE_BRAKE_OVERLAP']
[Tripwire] Lap 24: ['THROTTLE_BRAKE_OVERLAP']
[Tripwire] Lap 24: ['THROTTLE_BRAKE_OVERLAP']
[Tripwire] Lap 24: ['THROTTLE_BRAKE_OVERLAP']
[Tripwire] Lap 24: ['THROTTLE_BRAKE_OVERLAP']
[Tripwire] Lap 24: ['THROTTLE_BRAKE_OVERLAP']
[Tripwire] Lap 24: ['THROTTLE_BRAKE_OVERLAP']
[Tripwire] Lap 24: ['THROTTLE_BRAKE_OVERLAP']
[Tripwire] Lap 24: ['THROTTLE_BRAKE_OVERLAP']
[Tripwire] Lap 24: ['THROTTLE_BRAKE_OVERLAP']
[Tripwire] Lap 24: ['THROTTLE_BRAKE_OVERLAP']
[Tripwire] Lap 24: ['THROTTLE_BRAKE_OVERLAP']
[Tripwire] Lap 24: ['THROTTLE_BRAKE_OVERLAP']
[Tripwire] Lap 24: ['THROTTLE_BRAKE_OVERLAP']
[Tripwire] Lap 24: ['THROTTLE_BRAKE_OVERLAP']
[Tripwire] Lap 24: ['THROTTLE_BRAKE_OVERLAP']
[Tripwire] Lap 24: ['THROTTLE_BRAKE_OVERLAP']
[Tripwire] Lap 24: ['THROTTLE_BRAKE_OVERLAP']
[Tripwire] Lap 24: ['THROTTLE_BRAKE_OVERLAP']
[Tripwire] Lap 24: ['THROTTLE_BRAKE_OVERLAP']
[Tripwire] Lap 24: ['THROTTLE_BRAKE_OVERLAP']
[Tripwire] Lap 24: ['THROTTLE_BRAKE_OVERLAP']
[Tripwire] Lap 24: ['THROTTLE_BRAKE_OVERLAP']
[Tripwire] Lap 24: ['THROTTLE_BRAKE_OVERLAP']
[Tripwire] Lap 24: ['THROTTLE_BRAKE_OVERLAP']
[Tripwire] Lap 24: ['THROTTLE_BRAKE_OVERLAP']
[Tripwire] Lap 24: ['THROTTLE_BRAKE_OVERLAP']
[Tripwire] Lap 24: ['THROTTLE_BRAKE_OVERLAP']
[Tripwire] Lap 24: ['THROTTLE_BRAKE_OVERLAP']
[Tripwire] Lap 24: ['THROTTLE_BRAKE_OVERLAP']
[Tripwire] Lap 24: ['PACE_DROP']
[Tripwire] Lap 24: ['PACE_DROP']
[Tripwire] Lap 24: ['PACE_DROP']
[Tripwire] Lap 24: ['PACE_DROP']
[Tripwire] Lap 24: ['PACE_DROP']
[Tripwire] Lap 24: ['TYRE_CRITICAL']
[Tripwire] Lap 24: ['TYRE_CRITICAL']
[Tripwire] Lap 24: ['TYRE_CRITICAL']
[Tripwire] Lap 24: ['TYRE_CRITICAL']
[Tripwire] Lap 24: ['TYRE_CRITICAL']
[Tripwire] Lap 24: ['TYRE_CRITICAL']
[Tripwire] Lap 24: ['TYRE_CRITICAL']
[Tripwire] Lap 24: ['TYRE_CRITICAL']
[Tripwire] Lap 24: ['TYRE_CRITICAL']
[Tripwire] Lap 24: ['TYRE_CRITICAL']
[Tripwire] Lap 24: ['TYRE_CRITICAL']
[Tripwire] Lap 24: ['TYRE_CRITICAL']
[Tripwire] Lap 24: ['TYRE_CRITICAL']
[Tripwire] Lap 24: ['TYRE_CRITICAL']
[Tripwire] Lap 24: ['TYRE_CRITICAL']
[Tripwire] Lap 24: ['TYRE_CRITICAL']
[Tripwire] Lap 24: ['TYRE_CRITICAL']
[Tripwire] Lap 24: ['TYRE_CRITICAL']
[Tripwire] Lap 24: ['TYRE_CRITICAL']
[Tripwire] Lap 24: ['TYRE_CRITICAL']
[Tripwire] Lap 24: ['TYRE_CRITICAL']
[Tripwire] Lap 24: ['TYRE_CRITICAL']
[Tripwire] Lap 24: ['TYRE_CRITICAL']
[Tripwire] Lap 24: ['TYRE_CRITICAL']
[Tripwire] Lap 24: ['TYRE_CRITICAL']
[Tripwire] Lap 24: ['TYRE_CRITICAL']
[Tripwire] Lap 24: ['TYRE_CRITICAL']
[Tripwire] Lap 24: ['TYRE_CRITICAL']
[Tripwire] Lap 24: ['TYRE_CRITICAL']
[Tripwire] Lap 24: ['TYRE_CRITICAL']
[Tripwire] Lap 24: ['TYRE_CRITICAL']
[Tripwire] Lap 24: ['TYRE_CRITICAL']
[Tripwire] Lap 24: ['TYRE_CRITICAL']
[Tripwire] Lap 24: ['TYRE_CRITICAL']
[Tripwire] Lap 24: ['TYRE_CRITICAL']
[Tripwire] Lap 24: ['TYRE_CRITICAL']
[Tripwire] Lap 24: ['TYRE_CRITICAL']
[Tripwire] Lap 24: ['TYRE_CRITICAL']
[Tripwire] Lap 24: ['TYRE_CRITICAL']
[Tripwire] Lap 24: ['TYRE_CRITICAL']
[Tripwire] Lap 24: ['TYRE_CRITICAL']
[Tripwire] Lap 24: ['TYRE_CRITICAL']
[Tripwire] Lap 24: ['TYRE_CRITICAL']
[Tripwire] Lap 24: ['TYRE_CRITICAL']
[Tripwire] Lap 24: ['TYRE_CRITICAL']
[Tripwire] Lap 24: ['TYRE_CRITICAL']
[Tripwire] Lap 24: ['TYRE_CRITICAL']
[Tripwire] Lap 24: ['TYRE_CRITICAL']
[Tripwire] Lap 24: ['TYRE_CRITICAL']
[Tripwire] Lap 24: ['TYRE_CRITICAL']
[Tripwire] Lap 24: ['TYRE_CRITICAL']
[Tripwire] Lap 24: ['TYRE_CRITICAL']
[Tripwire] Lap 24: ['TYRE_CRITICAL']
[Tripwire] Lap 24: ['TYRE_CRITICAL']
[Tripwire] Lap 24: ['TYRE_CRITICAL']
[Tripwire] Lap 24: ['TYRE_CRITICAL']
[Tripwire] Lap 24: ['TYRE_CRITICAL']
[Tripwire] Lap 24: ['TYRE_CRITICAL']
[Tripwire] Lap 24: ['TYRE_CRITICAL']
[Tripwire] Lap 24: ['TYRE_CRITICAL']
[Tripwire] Lap 24: ['TYRE_CRITICAL']
[Tripwire] Lap 24: ['TYRE_CRITICAL']
[Tripwire] Lap 24: ['PACE_DROP', 'TYRE_CRITICAL']
[Tripwire] Lap 24: ['PACE_DROP', 'TYRE_CRITICAL']
[Tripwire] Lap 24: ['PACE_DROP', 'THROTTLE_BRAKE_OVERLAP', 'TYRE_CRITICAL']
[Tripwire] Lap 25: ['PACE_DROP', 'THROTTLE_BRAKE_OVERLAP']
[Tripwire] Lap 25: ['PACE_DROP']
[Tripwire] Lap 25: ['PACE_DROP']
[Tripwire] Lap 25: ['THROTTLE_BRAKE_OVERLAP']
[Tripwire] Lap 25: ['THROTTLE_BRAKE_OVERLAP']
[Tripwire] Lap 25: ['THROTTLE_BRAKE_OVERLAP']
[Tripwire] Lap 25: ['THROTTLE_BRAKE_OVERLAP']
[Tripwire] Lap 25: ['THROTTLE_BRAKE_OVERLAP']
[Tripwire] Lap 25: ['THROTTLE_BRAKE_OVERLAP']
[Tripwire] Lap 25: ['THROTTLE_BRAKE_OVERLAP']
[Tripwire] Lap 25: ['THROTTLE_BRAKE_OVERLAP']
[Tripwire] Lap 25: ['THROTTLE_BRAKE_OVERLAP']
[Tripwire] Lap 25: ['THROTTLE_BRAKE_OVERLAP']
[Tripwire] Lap 25: ['THROTTLE_BRAKE_OVERLAP']
[Tripwire] Lap 25: ['THROTTLE_BRAKE_OVERLAP']
[Tripwire] Lap 25: ['THROTTLE_BRAKE_OVERLAP']
[Tripwire] Lap 25: ['THROTTLE_BRAKE_OVERLAP']
[Tripwire] Lap 25: ['THROTTLE_BRAKE_OVERLAP']
[Tripwire] Lap 25: ['THROTTLE_BRAKE_OVERLAP']
[Tripwire] Lap 25: ['THROTTLE_BRAKE_OVERLAP']
[Tripwire] Lap 25: ['THROTTLE_BRAKE_OVERLAP']
[Tripwire] Lap 25: ['THROTTLE_BRAKE_OVERLAP']
[Tripwire] Lap 25: ['THROTTLE_BRAKE_OVERLAP']
[Tripwire] Lap 25: ['THROTTLE_BRAKE_OVERLAP']
[Tripwire] Lap 25: ['THROTTLE_BRAKE_OVERLAP']
[Tripwire] Lap 25: ['THROTTLE_BRAKE_OVERLAP']
[Tripwire] Lap 25: ['PACE_DROP']
[Tripwire] Lap 25: ['PACE_DROP']
[Tripwire] Lap 25: ['PACE_DROP']
[Tripwire] Lap 25: ['PACE_DROP']
[Tripwire] Lap 25: ['PACE_DROP']
[Tripwire] Lap 25: ['PACE_DROP']
[Tripwire] Lap 25: ['TYRE_CRITICAL']
[Tripwire] Lap 25: ['TYRE_CRITICAL']
[Tripwire] Lap 25: ['TYRE_CRITICAL']
[Tripwire] Lap 25: ['TYRE_CRITICAL']
[Tripwire] Lap 25: ['TYRE_CRITICAL']
[Tripwire] Lap 25: ['TYRE_CRITICAL']
[Tripwire] Lap 25: ['TYRE_CRITICAL']
[Tripwire] Lap 25: ['TYRE_CRITICAL']
[Tripwire] Lap 25: ['TYRE_CRITICAL']
[Tripwire] Lap 25: ['TYRE_CRITICAL']
[Tripwire] Lap 25: ['TYRE_CRITICAL']
[Tripwire] Lap 25: ['TYRE_CRITICAL']
[Tripwire] Lap 25: ['TYRE_CRITICAL']
[Tripwire] Lap 25: ['TYRE_CRITICAL']
[Tripwire] Lap 25: ['TYRE_CRITICAL']
[Tripwire] Lap 25: ['TYRE_CRITICAL']
[Tripwire] Lap 25: ['TYRE_CRITICAL']
[Tripwire] Lap 25: ['TYRE_CRITICAL']
[Tripwire] Lap 25: ['TYRE_CRITICAL']
[Tripwire] Lap 25: ['TYRE_CRITICAL']
[Tripwire] Lap 25: ['TYRE_CRITICAL']
[Tripwire] Lap 25: ['TYRE_CRITICAL']
[Tripwire] Lap 25: ['TYRE_CRITICAL']
[Tripwire] Lap 25: ['TYRE_CRITICAL']
[Tripwire] Lap 25: ['TYRE_CRITICAL']
[Tripwire] Lap 25: ['TYRE_CRITICAL']
[Tripwire] Lap 25: ['TYRE_CRITICAL']
[Tripwire] Lap 25: ['TYRE_CRITICAL']
[Tripwire] Lap 25: ['TYRE_CRITICAL']
[Tripwire] Lap 25: ['TYRE_CRITICAL']
[Tripwire] Lap 25: ['TYRE_CRITICAL']
[Tripwire] Lap 25: ['TYRE_CRITICAL']
[Tripwire] Lap 25: ['TYRE_CRITICAL']
[Tripwire] Lap 25: ['TYRE_CRITICAL']
[Tripwire] Lap 25: ['TYRE_CRITICAL']
[Tripwire] Lap 25: ['TYRE_CRITICAL']
[Tripwire] Lap 25: ['TYRE_CRITICAL']
[Tripwire] Lap 25: ['TYRE_CRITICAL']
[Tripwire] Lap 25: ['TYRE_CRITICAL']
[Tripwire] Lap 25: ['TYRE_CRITICAL']
[Tripwire] Lap 25: ['TYRE_CRITICAL']
[Tripwire] Lap 25: ['TYRE_CRITICAL']
[Tripwire] Lap 25: ['TYRE_CRITICAL']
[Tripwire] Lap 25: ['TYRE_CRITICAL']
[Tripwire] Lap 25: ['TYRE_CRITICAL']
[Tripwire] Lap 25: ['TYRE_CRITICAL']
[Tripwire] Lap 25: ['TYRE_CRITICAL']
[Tripwire] Lap 25: ['TYRE_CRITICAL']
[Tripwire] Lap 25: ['TYRE_CRITICAL']
[Tripwire] Lap 25: ['TYRE_CRITICAL']
[Tripwire] Lap 25: ['TYRE_CRITICAL']
[Tripwire] Lap 25: ['TYRE_CRITICAL']
[Tripwire] Lap 25: ['TYRE_CRITICAL']
[Tripwire] Lap 25: ['TYRE_CRITICAL']
[Tripwire] Lap 25: ['TYRE_CRITICAL']
[Tripwire] Lap 25: ['TYRE_CRITICAL']
[Tripwire] Lap 25: ['TYRE_CRITICAL']
[Tripwire] Lap 25: ['TYRE_CRITICAL']
[Tripwire] Lap 25: ['TYRE_CRITICAL']
[Tripwire] Lap 25: ['TYRE_CRITICAL']
[Tripwire] Lap 25: ['TYRE_CRITICAL']
[Tripwire] Lap 25: ['PACE_DROP', 'THROTTLE_BRAKE_OVERLAP', 'TYRE_CRITICAL']
[Tripwire] Lap 25: ['PACE_DROP', 'TYRE_CRITICAL']
[Tripwire] Lap 25: ['PACE_DROP', 'THROTTLE_BRAKE_OVERLAP', 'TYRE_CRITICAL']
[Tripwire] Lap 26: ['PACE_DROP']
[Tripwire] Lap 26: ['PACE_DROP']
[Tripwire] Lap 26: ['THROTTLE_BRAKE_OVERLAP']
[Tripwire] Lap 26: ['THROTTLE_BRAKE_OVERLAP']
[Tripwire] Lap 26: ['THROTTLE_BRAKE_OVERLAP']
[Tripwire] Lap 26: ['THROTTLE_BRAKE_OVERLAP']
[Tripwire] Lap 26: ['THROTTLE_BRAKE_OVERLAP']
[Tripwire] Lap 26: ['THROTTLE_BRAKE_OVERLAP']
[Tripwire] Lap 26: ['THROTTLE_BRAKE_OVERLAP']
[Tripwire] Lap 26: ['THROTTLE_BRAKE_OVERLAP']
[Tripwire] Lap 26: ['THROTTLE_BRAKE_OVERLAP']
[Tripwire] Lap 26: ['THROTTLE_BRAKE_OVERLAP']
[Tripwire] Lap 26: ['THROTTLE_BRAKE_OVERLAP']
[Tripwire] Lap 26: ['THROTTLE_BRAKE_OVERLAP']
[Tripwire] Lap 26: ['THROTTLE_BRAKE_OVERLAP']
[Tripwire] Lap 26: ['THROTTLE_BRAKE_OVERLAP']
[Tripwire] Lap 26: ['THROTTLE_BRAKE_OVERLAP']
[Tripwire] Lap 26: ['THROTTLE_BRAKE_OVERLAP']
[Tripwire] Lap 26: ['THROTTLE_BRAKE_OVERLAP']
[Tripwire] Lap 26: ['THROTTLE_BRAKE_OVERLAP']
[Tripwire] Lap 26: ['THROTTLE_BRAKE_OVERLAP']
[Tripwire] Lap 26: ['THROTTLE_BRAKE_OVERLAP']
[Tripwire] Lap 26: ['THROTTLE_BRAKE_OVERLAP']
[Tripwire] Lap 26: ['THROTTLE_BRAKE_OVERLAP']
[Tripwire] Lap 26: ['THROTTLE_BRAKE_OVERLAP']
[Tripwire] Lap 26: ['THROTTLE_BRAKE_OVERLAP']
[Tripwire] Lap 26: ['THROTTLE_BRAKE_OVERLAP']
[Tripwire] Lap 26: ['THROTTLE_BRAKE_OVERLAP']
[Tripwire] Lap 26: ['THROTTLE_BRAKE_OVERLAP']
[Tripwire] Lap 26: ['THROTTLE_BRAKE_OVERLAP']
[Tripwire] Lap 26: ['THROTTLE_BRAKE_OVERLAP']
[Tripwire] Lap 26: ['THROTTLE_BRAKE_OVERLAP']
[Tripwire] Lap 26: ['THROTTLE_BRAKE_OVERLAP']
[Tripwire] Lap 26: ['THROTTLE_BRAKE_OVERLAP']
[Tripwire] Lap 26: ['THROTTLE_BRAKE_OVERLAP']
[Tripwire] Lap 26: ['THROTTLE_BRAKE_OVERLAP']
[Tripwire] Lap 26: ['THROTTLE_BRAKE_OVERLAP']
[Tripwire] Lap 26: ['PACE_DROP']
[Tripwire] Lap 26: ['PACE_DROP']
[Tripwire] Lap 26: ['PACE_DROP']
[Tripwire] Lap 26: ['PACE_DROP']
[Tripwire] Lap 26: ['PACE_DROP']
[Tripwire] Lap 26: ['TYRE_CRITICAL']
[Tripwire] Lap 26: ['TYRE_CRITICAL']
[Tripwire] Lap 26: ['TYRE_CRITICAL']
[Tripwire] Lap 26: ['TYRE_CRITICAL']
[Tripwire] Lap 26: ['TYRE_CRITICAL']
[Tripwire] Lap 26: ['TYRE_CRITICAL']
[Tripwire] Lap 26: ['TYRE_CRITICAL']
[Tripwire] Lap 26: ['TYRE_CRITICAL']
[Tripwire] Lap 26: ['TYRE_CRITICAL']
[Tripwire] Lap 26: ['TYRE_CRITICAL']
[Tripwire] Lap 26: ['TYRE_CRITICAL']
[Tripwire] Lap 26: ['TYRE_CRITICAL']
[Tripwire] Lap 26: ['TYRE_CRITICAL']
[Tripwire] Lap 26: ['TYRE_CRITICAL']
[Tripwire] Lap 26: ['TYRE_CRITICAL']
[Tripwire] Lap 26: ['TYRE_CRITICAL']
[Tripwire] Lap 26: ['TYRE_CRITICAL']
[Tripwire] Lap 26: ['TYRE_CRITICAL']
[Tripwire] Lap 26: ['TYRE_CRITICAL']
[Tripwire] Lap 26: ['TYRE_CRITICAL']
[Tripwire] Lap 26: ['TYRE_CRITICAL']
[Tripwire] Lap 26: ['TYRE_CRITICAL']
[Tripwire] Lap 26: ['TYRE_CRITICAL']
[Tripwire] Lap 26: ['TYRE_CRITICAL']
[Tripwire] Lap 26: ['TYRE_CRITICAL']
[Tripwire] Lap 26: ['TYRE_CRITICAL']
[Tripwire] Lap 26: ['TYRE_CRITICAL']
[Tripwire] Lap 26: ['TYRE_CRITICAL']
[Tripwire] Lap 26: ['PACE_DROP', 'TYRE_CRITICAL']
[Tripwire] Lap 26: ['TYRE_CRITICAL']
[Tripwire] Lap 26: ['TYRE_CRITICAL']
[Tripwire] Lap 26: ['PACE_DROP', 'TYRE_CRITICAL']
[Tripwire] Lap 26: ['TYRE_CRITICAL']
[Tripwire] Lap 26: ['TYRE_CRITICAL']
[Tripwire] Lap 26: ['TYRE_CRITICAL']
[Tripwire] Lap 26: ['TYRE_CRITICAL']
[Tripwire] Lap 26: ['TYRE_CRITICAL']
[Tripwire] Lap 26: ['TYRE_CRITICAL']
[Tripwire] Lap 26: ['TYRE_CRITICAL']
[Tripwire] Lap 26: ['TYRE_CRITICAL']
[Tripwire] Lap 26: ['TYRE_CRITICAL']
[Tripwire] Lap 26: ['TYRE_CRITICAL']
[Tripwire] Lap 26: ['TYRE_CRITICAL']
[Tripwire] Lap 26: ['TYRE_CRITICAL']
[Tripwire] Lap 26: ['TYRE_CRITICAL']
[Tripwire] Lap 26: ['TYRE_CRITICAL']
[Tripwire] Lap 26: ['TYRE_CRITICAL']
[Tripwire] Lap 26: ['TYRE_CRITICAL']
[Tripwire] Lap 26: ['TYRE_CRITICAL']
[Tripwire] Lap 26: ['TYRE_CRITICAL']
[Tripwire] Lap 26: ['TYRE_CRITICAL']
[Tripwire] Lap 26: ['TYRE_CRITICAL']
[Tripwire] Lap 26: ['TYRE_CRITICAL']
[Tripwire] Lap 26: ['TYRE_CRITICAL']
[Tripwire] Lap 26: ['TYRE_CRITICAL']
[Tripwire] Lap 26: ['TYRE_CRITICAL']
[Tripwire] Lap 26: ['TYRE_CRITICAL']
[Tripwire] Lap 26: ['TYRE_CRITICAL']
[Tripwire] Lap 26: ['TYRE_CRITICAL']
[Tripwire] Lap 26: ['TYRE_CRITICAL']
[Tripwire] Lap 26: ['TYRE_CRITICAL']
[Tripwire] Lap 26: ['TYRE_CRITICAL']
[Tripwire] Lap 26: ['PACE_DROP', 'TYRE_CRITICAL']
[Tripwire] Lap 26: ['PACE_DROP', 'THROTTLE_BRAKE_OVERLAP', 'TYRE_CRITICAL']
[Tripwire] Lap 26: ['PACE_DROP', 'THROTTLE_BRAKE_OVERLAP', 'TYRE_CRITICAL']
[Tripwire] Lap 27: ['PACE_DROP']
[Tripwire] Lap 27: ['PACE_DROP']
[Tripwire] Lap 27: ['THROTTLE_BRAKE_OVERLAP']
[Tripwire] Lap 27: ['THROTTLE_BRAKE_OVERLAP']
[Tripwire] Lap 27: ['THROTTLE_BRAKE_OVERLAP']
[Tripwire] Lap 27: ['THROTTLE_BRAKE_OVERLAP']
[Tripwire] Lap 27: ['THROTTLE_BRAKE_OVERLAP']
[Tripwire] Lap 27: ['THROTTLE_BRAKE_OVERLAP']
[Tripwire] Lap 27: ['THROTTLE_BRAKE_OVERLAP']
[Tripwire] Lap 27: ['THROTTLE_BRAKE_OVERLAP']
[Tripwire] Lap 27: ['THROTTLE_BRAKE_OVERLAP']
[Tripwire] Lap 27: ['THROTTLE_BRAKE_OVERLAP']
[Tripwire] Lap 27: ['THROTTLE_BRAKE_OVERLAP']
[Tripwire] Lap 27: ['THROTTLE_BRAKE_OVERLAP']
[Tripwire] Lap 27: ['THROTTLE_BRAKE_OVERLAP']
[Tripwire] Lap 27: ['THROTTLE_BRAKE_OVERLAP']
[Tripwire] Lap 27: ['THROTTLE_BRAKE_OVERLAP']
[Tripwire] Lap 27: ['THROTTLE_BRAKE_OVERLAP']
[Tripwire] Lap 27: ['THROTTLE_BRAKE_OVERLAP']
[Tripwire] Lap 27: ['THROTTLE_BRAKE_OVERLAP']
[Tripwire] Lap 27: ['THROTTLE_BRAKE_OVERLAP']
[Tripwire] Lap 27: ['THROTTLE_BRAKE_OVERLAP']
[Tripwire] Lap 27: ['THROTTLE_BRAKE_OVERLAP']
[Tripwire] Lap 27: ['THROTTLE_BRAKE_OVERLAP']
[Tripwire] Lap 27: ['THROTTLE_BRAKE_OVERLAP']
[Tripwire] Lap 27: ['THROTTLE_BRAKE_OVERLAP']
[Tripwire] Lap 27: ['THROTTLE_BRAKE_OVERLAP']
[Tripwire] Lap 27: ['THROTTLE_BRAKE_OVERLAP']
[Tripwire] Lap 27: ['THROTTLE_BRAKE_OVERLAP']
[Tripwire] Lap 27: ['PACE_DROP']
[Tripwire] Lap 27: ['PACE_DROP']
[Tripwire] Lap 27: ['PACE_DROP']
[Tripwire] Lap 27: ['PACE_DROP']
[Tripwire] Lap 27: ['PACE_DROP']
[Tripwire] Lap 27: ['PACE_DROP']
[Tripwire] Lap 27: ['TYRE_CRITICAL']
[Tripwire] Lap 27: ['TYRE_CRITICAL']
[Tripwire] Lap 27: ['TYRE_CRITICAL']
[Tripwire] Lap 27: ['TYRE_CRITICAL']
[Tripwire] Lap 27: ['TYRE_CRITICAL']
[Tripwire] Lap 27: ['TYRE_CRITICAL']
[Tripwire] Lap 27: ['TYRE_CRITICAL']
[Tripwire] Lap 27: ['TYRE_CRITICAL']
[Tripwire] Lap 27: ['TYRE_CRITICAL']
[Tripwire] Lap 27: ['TYRE_CRITICAL']
[Tripwire] Lap 27: ['TYRE_CRITICAL']
[Tripwire] Lap 27: ['TYRE_CRITICAL']
[Tripwire] Lap 27: ['TYRE_CRITICAL']
[Tripwire] Lap 27: ['TYRE_CRITICAL']
[Tripwire] Lap 27: ['TYRE_CRITICAL']
[Tripwire] Lap 27: ['TYRE_CRITICAL']
[Tripwire] Lap 27: ['TYRE_CRITICAL']
[Tripwire] Lap 27: ['TYRE_CRITICAL']
[Tripwire] Lap 27: ['TYRE_CRITICAL']
[Tripwire] Lap 27: ['TYRE_CRITICAL']
[Tripwire] Lap 27: ['TYRE_CRITICAL']
[Tripwire] Lap 27: ['TYRE_CRITICAL']
[Tripwire] Lap 27: ['TYRE_CRITICAL']
[Tripwire] Lap 27: ['TYRE_CRITICAL']
[Tripwire] Lap 27: ['TYRE_CRITICAL']
[Tripwire] Lap 27: ['TYRE_CRITICAL']
[Tripwire] Lap 27: ['TYRE_CRITICAL']
[Tripwire] Lap 27: ['TYRE_CRITICAL']
[Tripwire] Lap 27: ['TYRE_CRITICAL']
[Tripwire] Lap 27: ['TYRE_CRITICAL']
[Tripwire] Lap 27: ['TYRE_CRITICAL']
[Tripwire] Lap 27: ['TYRE_CRITICAL']
[Tripwire] Lap 27: ['TYRE_CRITICAL']
[Tripwire] Lap 27: ['TYRE_CRITICAL']
[Tripwire] Lap 27: ['TYRE_CRITICAL']
[Tripwire] Lap 27: ['TYRE_CRITICAL']
[Tripwire] Lap 27: ['TYRE_CRITICAL']
[Tripwire] Lap 27: ['TYRE_CRITICAL']
[Tripwire] Lap 27: ['TYRE_CRITICAL']
[Tripwire] Lap 27: ['TYRE_CRITICAL']
[Tripwire] Lap 27: ['TYRE_CRITICAL']
[Tripwire] Lap 27: ['TYRE_CRITICAL']
[Tripwire] Lap 27: ['TYRE_CRITICAL']
[Tripwire] Lap 27: ['TYRE_CRITICAL']
[Tripwire] Lap 27: ['TYRE_CRITICAL']
[Tripwire] Lap 27: ['TYRE_CRITICAL']
[Tripwire] Lap 27: ['TYRE_CRITICAL']
[Tripwire] Lap 27: ['TYRE_CRITICAL']
[Tripwire] Lap 27: ['TYRE_CRITICAL']
[Tripwire] Lap 27: ['TYRE_CRITICAL']
[Tripwire] Lap 27: ['TYRE_CRITICAL']
[Tripwire] Lap 27: ['TYRE_CRITICAL']
[Tripwire] Lap 27: ['TYRE_CRITICAL']
[Tripwire] Lap 27: ['TYRE_CRITICAL']
[Tripwire] Lap 27: ['TYRE_CRITICAL']
[Tripwire] Lap 27: ['TYRE_CRITICAL']
[Tripwire] Lap 27: ['TYRE_CRITICAL']
[Tripwire] Lap 27: ['TYRE_CRITICAL']
[Tripwire] Lap 27: ['TYRE_CRITICAL']
[Tripwire] Lap 27: ['TYRE_CRITICAL']
[Tripwire] Lap 27: ['TYRE_CRITICAL']
[Tripwire] Lap 27: ['TYRE_CRITICAL']
[Tripwire] Lap 27: ['PACE_DROP', 'TYRE_CRITICAL']
[Tripwire] Lap 27: ['PACE_DROP', 'THROTTLE_BRAKE_OVERLAP', 'TYRE_CRITICAL']
[Tripwire] Lap 27: ['PACE_DROP', 'TYRE_CRITICAL']
[Tripwire] Lap 28: ['PACE_DROP', 'THROTTLE_BRAKE_OVERLAP']
[Tripwire] Lap 28: ['PACE_DROP']
[Tripwire] Lap 28: ['THROTTLE_BRAKE_OVERLAP']
[Tripwire] Lap 28: ['THROTTLE_BRAKE_OVERLAP']
[Tripwire] Lap 28: ['THROTTLE_BRAKE_OVERLAP']
[Tripwire] Lap 28: ['THROTTLE_BRAKE_OVERLAP']
[Tripwire] Lap 28: ['THROTTLE_BRAKE_OVERLAP']
[Tripwire] Lap 28: ['THROTTLE_BRAKE_OVERLAP']
[Tripwire] Lap 28: ['THROTTLE_BRAKE_OVERLAP']
[Tripwire] Lap 28: ['THROTTLE_BRAKE_OVERLAP']
[Tripwire] Lap 28: ['THROTTLE_BRAKE_OVERLAP']
[Tripwire] Lap 28: ['THROTTLE_BRAKE_OVERLAP']
[Tripwire] Lap 28: ['THROTTLE_BRAKE_OVERLAP']
[Tripwire] Lap 28: ['THROTTLE_BRAKE_OVERLAP']
[Tripwire] Lap 28: ['THROTTLE_BRAKE_OVERLAP']
[Tripwire] Lap 28: ['THROTTLE_BRAKE_OVERLAP']
[Tripwire] Lap 28: ['THROTTLE_BRAKE_OVERLAP']
[Tripwire] Lap 28: ['THROTTLE_BRAKE_OVERLAP']
[Tripwire] Lap 28: ['THROTTLE_BRAKE_OVERLAP']
[Tripwire] Lap 28: ['THROTTLE_BRAKE_OVERLAP']
[Tripwire] Lap 28: ['THROTTLE_BRAKE_OVERLAP']
[Tripwire] Lap 28: ['THROTTLE_BRAKE_OVERLAP']
[Tripwire] Lap 28: ['THROTTLE_BRAKE_OVERLAP']
[Tripwire] Lap 28: ['THROTTLE_BRAKE_OVERLAP']
[Tripwire] Lap 28: ['THROTTLE_BRAKE_OVERLAP']
[Tripwire] Lap 28: ['THROTTLE_BRAKE_OVERLAP']
[Tripwire] Lap 28: ['THROTTLE_BRAKE_OVERLAP']
[Tripwire] Lap 28: ['THROTTLE_BRAKE_OVERLAP']
[Tripwire] Lap 28: ['PACE_DROP']
[Tripwire] Lap 28: ['PACE_DROP']
[Tripwire] Lap 28: ['PACE_DROP']
[Tripwire] Lap 28: ['PACE_DROP']
[Tripwire] Lap 28: ['PACE_DROP']
[Tripwire] Lap 28: ['PACE_DROP']
[Tripwire] Lap 28: ['PACE_DROP']
[Tripwire] Lap 28: ['TYRE_CRITICAL']
[Tripwire] Lap 28: ['TYRE_CRITICAL']
[Tripwire] Lap 28: ['TYRE_CRITICAL']
[Tripwire] Lap 28: ['TYRE_CRITICAL']
[Tripwire] Lap 28: ['TYRE_CRITICAL']
[Tripwire] Lap 28: ['TYRE_CRITICAL']
[Tripwire] Lap 28: ['TYRE_CRITICAL']
[Tripwire] Lap 28: ['TYRE_CRITICAL']
[Tripwire] Lap 28: ['TYRE_CRITICAL']
[Tripwire] Lap 28: ['TYRE_CRITICAL']
[Tripwire] Lap 28: ['TYRE_CRITICAL']
[Tripwire] Lap 28: ['TYRE_CRITICAL']
[Tripwire] Lap 28: ['TYRE_CRITICAL']
[Tripwire] Lap 28: ['TYRE_CRITICAL']
[Tripwire] Lap 28: ['TYRE_CRITICAL']
[Tripwire] Lap 28: ['TYRE_CRITICAL']
[Tripwire] Lap 28: ['TYRE_CRITICAL']
[Tripwire] Lap 28: ['TYRE_CRITICAL']
[Tripwire] Lap 28: ['TYRE_CRITICAL']
[Tripwire] Lap 28: ['TYRE_CRITICAL']
[Tripwire] Lap 28: ['TYRE_CRITICAL']
[Tripwire] Lap 28: ['TYRE_CRITICAL']
[Tripwire] Lap 28: ['TYRE_CRITICAL']
[Tripwire] Lap 28: ['TYRE_CRITICAL']
[Tripwire] Lap 28: ['TYRE_CRITICAL']
[Tripwire] Lap 28: ['TYRE_CRITICAL']
[Tripwire] Lap 28: ['TYRE_CRITICAL']
[Tripwire] Lap 28: ['TYRE_CRITICAL']
[Tripwire] Lap 28: ['TYRE_CRITICAL']
[Tripwire] Lap 28: ['TYRE_CRITICAL']
[Tripwire] Lap 28: ['TYRE_CRITICAL']
[Tripwire] Lap 28: ['TYRE_CRITICAL']
[Tripwire] Lap 28: ['TYRE_CRITICAL']
[Tripwire] Lap 28: ['TYRE_CRITICAL']
[Tripwire] Lap 28: ['TYRE_CRITICAL']
[Tripwire] Lap 28: ['TYRE_CRITICAL']
[Tripwire] Lap 28: ['TYRE_CRITICAL']
[Tripwire] Lap 28: ['TYRE_CRITICAL']
[Tripwire] Lap 28: ['TYRE_CRITICAL']
[Tripwire] Lap 28: ['TYRE_CRITICAL']
[Tripwire] Lap 28: ['TYRE_CRITICAL']
[Tripwire] Lap 28: ['TYRE_CRITICAL']
[Tripwire] Lap 28: ['TYRE_CRITICAL']
[Tripwire] Lap 28: ['TYRE_CRITICAL']
[Tripwire] Lap 28: ['TYRE_CRITICAL']
[Tripwire] Lap 28: ['TYRE_CRITICAL']
[Tripwire] Lap 28: ['TYRE_CRITICAL']
[Tripwire] Lap 28: ['TYRE_CRITICAL']
[Tripwire] Lap 28: ['TYRE_CRITICAL']
[Tripwire] Lap 28: ['TYRE_CRITICAL']
[Tripwire] Lap 28: ['TYRE_CRITICAL']
[Tripwire] Lap 28: ['TYRE_CRITICAL']
[Tripwire] Lap 28: ['TYRE_CRITICAL']
[Tripwire] Lap 28: ['TYRE_CRITICAL']
[Tripwire] Lap 28: ['TYRE_CRITICAL']
[Tripwire] Lap 28: ['TYRE_CRITICAL']
[Tripwire] Lap 28: ['TYRE_CRITICAL']
[Tripwire] Lap 28: ['TYRE_CRITICAL']
[Tripwire] Lap 28: ['TYRE_CRITICAL']
[Tripwire] Lap 28: ['TYRE_CRITICAL']
[Tripwire] Lap 28: ['TYRE_CRITICAL']
[Tripwire] Lap 28: ['TYRE_CRITICAL']
[Tripwire] Lap 28: ['PACE_DROP', 'THROTTLE_BRAKE_OVERLAP', 'TYRE_CRITICAL']
[Tripwire] Lap 28: ['PACE_DROP', 'TYRE_CRITICAL']
[Tripwire] Lap 28: ['PACE_DROP', 'TYRE_CRITICAL']
[Tripwire] Lap 29: ['PACE_DROP']
[Tripwire] Lap 29: ['PACE_DROP']
[Tripwire] Lap 29: ['THROTTLE_BRAKE_OVERLAP']
[Tripwire] Lap 29: ['THROTTLE_BRAKE_OVERLAP']
[Tripwire] Lap 29: ['THROTTLE_BRAKE_OVERLAP']
[Tripwire] Lap 29: ['THROTTLE_BRAKE_OVERLAP']
[Tripwire] Lap 29: ['THROTTLE_BRAKE_OVERLAP']
[Tripwire] Lap 29: ['THROTTLE_BRAKE_OVERLAP']
[Tripwire] Lap 29: ['THROTTLE_BRAKE_OVERLAP']
[Tripwire] Lap 29: ['THROTTLE_BRAKE_OVERLAP']
[Tripwire] Lap 29: ['THROTTLE_BRAKE_OVERLAP']
[Tripwire] Lap 29: ['THROTTLE_BRAKE_OVERLAP']
[Tripwire] Lap 29: ['THROTTLE_BRAKE_OVERLAP']
[Tripwire] Lap 29: ['THROTTLE_BRAKE_OVERLAP']
[Tripwire] Lap 29: ['THROTTLE_BRAKE_OVERLAP']
[Tripwire] Lap 29: ['THROTTLE_BRAKE_OVERLAP']
[Tripwire] Lap 29: ['THROTTLE_BRAKE_OVERLAP']
[Tripwire] Lap 29: ['THROTTLE_BRAKE_OVERLAP']
[Tripwire] Lap 29: ['THROTTLE_BRAKE_OVERLAP']
[Tripwire] Lap 29: ['THROTTLE_BRAKE_OVERLAP']
[Tripwire] Lap 29: ['THROTTLE_BRAKE_OVERLAP']
[Tripwire] Lap 29: ['THROTTLE_BRAKE_OVERLAP']
[Tripwire] Lap 29: ['THROTTLE_BRAKE_OVERLAP']
[Tripwire] Lap 29: ['THROTTLE_BRAKE_OVERLAP']
[Tripwire] Lap 29: ['THROTTLE_BRAKE_OVERLAP']
[Tripwire] Lap 29: ['THROTTLE_BRAKE_OVERLAP']
[Tripwire] Lap 29: ['THROTTLE_BRAKE_OVERLAP']
[Tripwire] Lap 29: ['THROTTLE_BRAKE_OVERLAP']
[Tripwire] Lap 29: ['THROTTLE_BRAKE_OVERLAP']
[Tripwire] Lap 29: ['THROTTLE_BRAKE_OVERLAP']
[Tripwire] Lap 29: ['THROTTLE_BRAKE_OVERLAP']
[Tripwire] Lap 29: ['THROTTLE_BRAKE_OVERLAP']
[Tripwire] Lap 29: ['PACE_DROP']
[Tripwire] Lap 29: ['PACE_DROP']
[Tripwire] Lap 29: ['PACE_DROP']
[Tripwire] Lap 29: ['PACE_DROP']
[Tripwire] Lap 29: ['PACE_DROP']
[Tripwire] Lap 29: ['TYRE_CRITICAL']
[Tripwire] Lap 29: ['TYRE_CRITICAL']
[Tripwire] Lap 29: ['TYRE_CRITICAL']
[Tripwire] Lap 29: ['TYRE_CRITICAL']
[Tripwire] Lap 29: ['TYRE_CRITICAL']
[Tripwire] Lap 29: ['TYRE_CRITICAL']
[Tripwire] Lap 29: ['TYRE_CRITICAL']
[Tripwire] Lap 29: ['TYRE_CRITICAL']
[Tripwire] Lap 29: ['TYRE_CRITICAL']
[Tripwire] Lap 29: ['TYRE_CRITICAL']
[Tripwire] Lap 29: ['TYRE_CRITICAL']
[Tripwire] Lap 29: ['TYRE_CRITICAL']
[Tripwire] Lap 29: ['TYRE_CRITICAL']
[Tripwire] Lap 29: ['TYRE_CRITICAL']
[Tripwire] Lap 29: ['TYRE_CRITICAL']
[Tripwire] Lap 29: ['TYRE_CRITICAL']
[Tripwire] Lap 29: ['TYRE_CRITICAL']
[Tripwire] Lap 29: ['TYRE_CRITICAL']
[Tripwire] Lap 29: ['TYRE_CRITICAL']
[Tripwire] Lap 29: ['TYRE_CRITICAL']
[Tripwire] Lap 29: ['TYRE_CRITICAL']
[Tripwire] Lap 29: ['TYRE_CRITICAL']
[Tripwire] Lap 29: ['TYRE_CRITICAL']
[Tripwire] Lap 29: ['TYRE_CRITICAL']
[Tripwire] Lap 29: ['TYRE_CRITICAL']
[Tripwire] Lap 29: ['TYRE_CRITICAL']
[Tripwire] Lap 29: ['TYRE_CRITICAL']
[Tripwire] Lap 29: ['TYRE_CRITICAL']
[Tripwire] Lap 29: ['TYRE_CRITICAL']
[Tripwire] Lap 29: ['TYRE_CRITICAL']
[Tripwire] Lap 29: ['TYRE_CRITICAL']
[Tripwire] Lap 29: ['TYRE_CRITICAL']
[Tripwire] Lap 29: ['TYRE_CRITICAL']
[Tripwire] Lap 29: ['TYRE_CRITICAL']
[Tripwire] Lap 29: ['TYRE_CRITICAL']
[Tripwire] Lap 29: ['TYRE_CRITICAL']
[Tripwire] Lap 29: ['TYRE_CRITICAL']
[Tripwire] Lap 29: ['TYRE_CRITICAL']
[Tripwire] Lap 29: ['TYRE_CRITICAL']
[Tripwire] Lap 29: ['TYRE_CRITICAL']
[Tripwire] Lap 29: ['TYRE_CRITICAL']
[Tripwire] Lap 29: ['TYRE_CRITICAL']
[Tripwire] Lap 29: ['TYRE_CRITICAL']
[Tripwire] Lap 29: ['TYRE_CRITICAL']
[Tripwire] Lap 29: ['TYRE_CRITICAL']
[Tripwire] Lap 29: ['TYRE_CRITICAL']
[Tripwire] Lap 29: ['TYRE_CRITICAL']
[Tripwire] Lap 29: ['TYRE_CRITICAL']
[Tripwire] Lap 29: ['TYRE_CRITICAL']
[Tripwire] Lap 29: ['TYRE_CRITICAL']
[Tripwire] Lap 29: ['TYRE_CRITICAL']
[Tripwire] Lap 29: ['TYRE_CRITICAL']
[Tripwire] Lap 29: ['TYRE_CRITICAL']
[Tripwire] Lap 29: ['TYRE_CRITICAL']
[Tripwire] Lap 29: ['TYRE_CRITICAL']
[Tripwire] Lap 29: ['TYRE_CRITICAL']
[Tripwire] Lap 29: ['TYRE_CRITICAL']
[Tripwire] Lap 29: ['TYRE_CRITICAL']
[Tripwire] Lap 29: ['TYRE_CRITICAL']
[Tripwire] Lap 29: ['TYRE_CRITICAL']
[Tripwire] Lap 29: ['PACE_DROP', 'THROTTLE_BRAKE_OVERLAP', 'TYRE_CRITICAL']
[Tripwire] Lap 29: ['PACE_DROP', 'TYRE_CRITICAL']
[Tripwire] Lap 29: ['PACE_DROP', 'THROTTLE_BRAKE_OVERLAP', 'TYRE_CRITICAL']
[Tripwire] Lap 30: ['PACE_DROP', 'THROTTLE_BRAKE_OVERLAP']
[Tripwire] Lap 30: ['PACE_DROP']
[Tripwire] Lap 30: ['THROTTLE_BRAKE_OVERLAP']
[Tripwire] Lap 30: ['THROTTLE_BRAKE_OVERLAP']
[Tripwire] Lap 30: ['THROTTLE_BRAKE_OVERLAP']
[Tripwire] Lap 30: ['THROTTLE_BRAKE_OVERLAP']
[Tripwire] Lap 30: ['THROTTLE_BRAKE_OVERLAP']
[Tripwire] Lap 30: ['THROTTLE_BRAKE_OVERLAP']
[Tripwire] Lap 30: ['THROTTLE_BRAKE_OVERLAP']
[Tripwire] Lap 30: ['THROTTLE_BRAKE_OVERLAP']
[Tripwire] Lap 30: ['THROTTLE_BRAKE_OVERLAP']
[Tripwire] Lap 30: ['THROTTLE_BRAKE_OVERLAP']
[Tripwire] Lap 30: ['THROTTLE_BRAKE_OVERLAP']
[Tripwire] Lap 30: ['THROTTLE_BRAKE_OVERLAP']
[Tripwire] Lap 30: ['THROTTLE_BRAKE_OVERLAP']
[Tripwire] Lap 30: ['THROTTLE_BRAKE_OVERLAP']
[Tripwire] Lap 30: ['THROTTLE_BRAKE_OVERLAP']
[Tripwire] Lap 30: ['THROTTLE_BRAKE_OVERLAP']
[Tripwire] Lap 30: ['THROTTLE_BRAKE_OVERLAP']
[Tripwire] Lap 30: ['THROTTLE_BRAKE_OVERLAP']
[Tripwire] Lap 30: ['PACE_DROP']
[Tripwire] Lap 30: ['THROTTLE_BRAKE_OVERLAP']
[Tripwire] Lap 30: ['THROTTLE_BRAKE_OVERLAP']
[Tripwire] Lap 30: ['THROTTLE_BRAKE_OVERLAP']
[Tripwire] Lap 30: ['PACE_DROP']
[Tripwire] Lap 30: ['PACE_DROP']
[Tripwire] Lap 30: ['PACE_DROP']
[Tripwire] Lap 30: ['PACE_DROP']
[Tripwire] Lap 30: ['PACE_DROP']
[Tripwire] Lap 30: ['TYRE_CRITICAL']
[Tripwire] Lap 30: ['TYRE_CRITICAL']
[Tripwire] Lap 30: ['TYRE_CRITICAL']
[Tripwire] Lap 30: ['TYRE_CRITICAL']
[Tripwire] Lap 30: ['TYRE_CRITICAL']
[Tripwire] Lap 30: ['TYRE_CRITICAL']
[Tripwire] Lap 30: ['PACE_DROP', 'TYRE_CRITICAL']
[Tripwire] Lap 30: ['TYRE_CRITICAL']
[Tripwire] Lap 30: ['TYRE_CRITICAL']
[Tripwire] Lap 30: ['TYRE_CRITICAL']
[Tripwire] Lap 30: ['TYRE_CRITICAL']
[Tripwire] Lap 30: ['TYRE_CRITICAL']
[Tripwire] Lap 30: ['TYRE_CRITICAL']
[Tripwire] Lap 30: ['TYRE_CRITICAL']
[Tripwire] Lap 30: ['TYRE_CRITICAL']
[Tripwire] Lap 30: ['TYRE_CRITICAL']
[Tripwire] Lap 30: ['TYRE_CRITICAL']
[Tripwire] Lap 30: ['TYRE_CRITICAL']
[Tripwire] Lap 30: ['TYRE_CRITICAL']
[Tripwire] Lap 30: ['TYRE_CRITICAL']
[Tripwire] Lap 30: ['TYRE_CRITICAL']
[Tripwire] Lap 30: ['TYRE_CRITICAL']
[Tripwire] Lap 30: ['TYRE_CRITICAL']
[Tripwire] Lap 30: ['TYRE_CRITICAL']
[Tripwire] Lap 30: ['TYRE_CRITICAL']
[Tripwire] Lap 30: ['TYRE_CRITICAL']
[Tripwire] Lap 30: ['TYRE_CRITICAL']
[Tripwire] Lap 30: ['TYRE_CRITICAL']
[Tripwire] Lap 30: ['TYRE_CRITICAL']
[Tripwire] Lap 30: ['TYRE_CRITICAL']
[Tripwire] Lap 30: ['TYRE_CRITICAL']
[Tripwire] Lap 30: ['TYRE_CRITICAL']
[Tripwire] Lap 30: ['TYRE_CRITICAL']
[Tripwire] Lap 30: ['PACE_DROP', 'TYRE_CRITICAL']
[Tripwire] Lap 30: ['TYRE_CRITICAL']
[Tripwire] Lap 30: ['TYRE_CRITICAL']
[Tripwire] Lap 30: ['TYRE_CRITICAL']
[Tripwire] Lap 30: ['TYRE_CRITICAL']
[Tripwire] Lap 30: ['TYRE_CRITICAL']
[Tripwire] Lap 30: ['TYRE_CRITICAL']
[Tripwire] Lap 30: ['TYRE_CRITICAL']
[Tripwire] Lap 30: ['TYRE_CRITICAL']
[Tripwire] Lap 30: ['TYRE_CRITICAL']
[Tripwire] Lap 30: ['TYRE_CRITICAL']
[Tripwire] Lap 30: ['TYRE_CRITICAL']
[Tripwire] Lap 30: ['TYRE_CRITICAL']
[Tripwire] Lap 30: ['TYRE_CRITICAL']
[Tripwire] Lap 30: ['TYRE_CRITICAL']
[Tripwire] Lap 30: ['TYRE_CRITICAL']
[Tripwire] Lap 30: ['TYRE_CRITICAL']
[Tripwire] Lap 30: ['TYRE_CRITICAL']
[Tripwire] Lap 30: ['TYRE_CRITICAL']
[Tripwire] Lap 30: ['TYRE_CRITICAL']
[Tripwire] Lap 30: ['TYRE_CRITICAL']
[Tripwire] Lap 30: ['TYRE_CRITICAL']
[Tripwire] Lap 30: ['TYRE_CRITICAL']
[Tripwire] Lap 30: ['TYRE_CRITICAL']
[Tripwire] Lap 30: ['TYRE_CRITICAL']
[Tripwire] Lap 30: ['TYRE_CRITICAL']
[Tripwire] Lap 30: ['TYRE_CRITICAL']
[Tripwire] Lap 30: ['TYRE_CRITICAL']
[Tripwire] Lap 30: ['PACE_DROP', 'TYRE_CRITICAL']
[Tripwire] Lap 30: ['PACE_DROP', 'THROTTLE_BRAKE_OVERLAP', 'TYRE_CRITICAL']
[Tripwire] Lap 30: ['PACE_DROP', 'THROTTLE_BRAKE_OVERLAP', 'TYRE_CRITICAL']
[Tripwire] Lap 31: ['PACE_DROP']
[Tripwire] Lap 31: ['PACE_DROP']
[Tripwire] Lap 31: ['THROTTLE_BRAKE_OVERLAP']
[Tripwire] Lap 31: ['THROTTLE_BRAKE_OVERLAP']
[Tripwire] Lap 31: ['THROTTLE_BRAKE_OVERLAP']
[Tripwire] Lap 31: ['THROTTLE_BRAKE_OVERLAP']
[Tripwire] Lap 31: ['THROTTLE_BRAKE_OVERLAP']
[Tripwire] Lap 31: ['THROTTLE_BRAKE_OVERLAP']
[Tripwire] Lap 31: ['THROTTLE_BRAKE_OVERLAP']
[Tripwire] Lap 31: ['THROTTLE_BRAKE_OVERLAP']
[Tripwire] Lap 31: ['THROTTLE_BRAKE_OVERLAP']
[Tripwire] Lap 31: ['THROTTLE_BRAKE_OVERLAP']
[Tripwire] Lap 31: ['THROTTLE_BRAKE_OVERLAP']
[Tripwire] Lap 31: ['THROTTLE_BRAKE_OVERLAP']
[Tripwire] Lap 31: ['THROTTLE_BRAKE_OVERLAP']
[Tripwire] Lap 31: ['THROTTLE_BRAKE_OVERLAP']
[Tripwire] Lap 31: ['THROTTLE_BRAKE_OVERLAP']
[Tripwire] Lap 31: ['THROTTLE_BRAKE_OVERLAP']
[Tripwire] Lap 31: ['THROTTLE_BRAKE_OVERLAP']
[Tripwire] Lap 31: ['THROTTLE_BRAKE_OVERLAP']
[Tripwire] Lap 31: ['THROTTLE_BRAKE_OVERLAP']
[Tripwire] Lap 31: ['THROTTLE_BRAKE_OVERLAP']
[Tripwire] Lap 31: ['THROTTLE_BRAKE_OVERLAP']
[Tripwire] Lap 31: ['THROTTLE_BRAKE_OVERLAP']
[Tripwire] Lap 31: ['THROTTLE_BRAKE_OVERLAP']
[Tripwire] Lap 31: ['THROTTLE_BRAKE_OVERLAP']
[Tripwire] Lap 31: ['THROTTLE_BRAKE_OVERLAP']
[Tripwire] Lap 31: ['THROTTLE_BRAKE_OVERLAP']
[Tripwire] Lap 31: ['THROTTLE_BRAKE_OVERLAP']
[Tripwire] Lap 31: ['THROTTLE_BRAKE_OVERLAP']
[Tripwire] Lap 31: ['PACE_DROP']
[Tripwire] Lap 31: ['PACE_DROP']
[Tripwire] Lap 31: ['PACE_DROP']
[Tripwire] Lap 31: ['PACE_DROP']
[Tripwire] Lap 31: ['PACE_DROP']
[Tripwire] Lap 31: ['PACE_DROP']
[Tripwire] Lap 31: ['PACE_DROP']
[Tripwire] Lap 31: ['PACE_DROP']
[Tripwire] Lap 31: ['TYRE_CRITICAL']
[Tripwire] Lap 31: ['TYRE_CRITICAL']
[Tripwire] Lap 31: ['TYRE_CRITICAL']
[Tripwire] Lap 31: ['TYRE_CRITICAL']
[Tripwire] Lap 31: ['TYRE_CRITICAL']
[Tripwire] Lap 31: ['TYRE_CRITICAL']
[Tripwire] Lap 31: ['TYRE_CRITICAL']
[Tripwire] Lap 31: ['TYRE_CRITICAL']
[Tripwire] Lap 31: ['TYRE_CRITICAL']
[Tripwire] Lap 31: ['TYRE_CRITICAL']
[Tripwire] Lap 31: ['TYRE_CRITICAL']
[Tripwire] Lap 31: ['TYRE_CRITICAL']
[Tripwire] Lap 31: ['TYRE_CRITICAL']
[Tripwire] Lap 31: ['TYRE_CRITICAL']
[Tripwire] Lap 31: ['TYRE_CRITICAL']
[Tripwire] Lap 31: ['TYRE_CRITICAL']
[Tripwire] Lap 31: ['TYRE_CRITICAL']
[Tripwire] Lap 31: ['TYRE_CRITICAL']
[Tripwire] Lap 31: ['TYRE_CRITICAL']
[Tripwire] Lap 31: ['TYRE_CRITICAL']
[Tripwire] Lap 31: ['TYRE_CRITICAL']
[Tripwire] Lap 31: ['TYRE_CRITICAL']
[Tripwire] Lap 31: ['TYRE_CRITICAL']
[Tripwire] Lap 31: ['TYRE_CRITICAL']
[Tripwire] Lap 31: ['TYRE_CRITICAL']
[Tripwire] Lap 31: ['TYRE_CRITICAL']
[Tripwire] Lap 31: ['TYRE_CRITICAL']
[Tripwire] Lap 31: ['TYRE_CRITICAL']
[Tripwire] Lap 31: ['TYRE_CRITICAL']
[Tripwire] Lap 31: ['TYRE_CRITICAL']
[Tripwire] Lap 31: ['TYRE_CRITICAL']
[Tripwire] Lap 31: ['TYRE_CRITICAL']
[Tripwire] Lap 31: ['TYRE_CRITICAL']
[Tripwire] Lap 31: ['TYRE_CRITICAL']
[Tripwire] Lap 31: ['TYRE_CRITICAL']
[Tripwire] Lap 31: ['TYRE_CRITICAL']
[Tripwire] Lap 31: ['TYRE_CRITICAL']
[Tripwire] Lap 31: ['TYRE_CRITICAL']
[Tripwire] Lap 31: ['TYRE_CRITICAL']
[Tripwire] Lap 31: ['TYRE_CRITICAL']
[Tripwire] Lap 31: ['TYRE_CRITICAL']
[Tripwire] Lap 31: ['TYRE_CRITICAL']
[Tripwire] Lap 31: ['TYRE_CRITICAL']
[Tripwire] Lap 31: ['TYRE_CRITICAL']
[Tripwire] Lap 31: ['TYRE_CRITICAL']
[Tripwire] Lap 31: ['TYRE_CRITICAL']
[Tripwire] Lap 31: ['TYRE_CRITICAL']
[Tripwire] Lap 31: ['TYRE_CRITICAL']
[Tripwire] Lap 31: ['TYRE_CRITICAL']
[Tripwire] Lap 31: ['TYRE_CRITICAL']
[Tripwire] Lap 31: ['TYRE_CRITICAL']
[Tripwire] Lap 31: ['TYRE_CRITICAL']
[Tripwire] Lap 31: ['TYRE_CRITICAL']
[Tripwire] Lap 31: ['TYRE_CRITICAL']
[Tripwire] Lap 31: ['TYRE_CRITICAL']
[Tripwire] Lap 31: ['TYRE_CRITICAL']
[Tripwire] Lap 31: ['TYRE_CRITICAL']
[Tripwire] Lap 31: ['TYRE_CRITICAL']
[Tripwire] Lap 31: ['TYRE_CRITICAL']
[Tripwire] Lap 31: ['TYRE_CRITICAL']
[Tripwire] Lap 31: ['TYRE_CRITICAL']
[Tripwire] Lap 31: ['TYRE_CRITICAL']
[Tripwire] Lap 31: ['TYRE_CRITICAL']
[Tripwire] Lap 31: ['PACE_DROP', 'TYRE_CRITICAL']
[Tripwire] Lap 31: ['PACE_DROP', 'TYRE_CRITICAL']
[Tripwire] Lap 31: ['PACE_DROP', 'THROTTLE_BRAKE_OVERLAP', 'TYRE_CRITICAL']
[Tripwire] Lap 32: ['PACE_DROP']
[Tripwire] Lap 32: ['PACE_DROP', 'THROTTLE_BRAKE_OVERLAP']
[Tripwire] Lap 32: ['PACE_DROP', 'THROTTLE_BRAKE_OVERLAP']
[Tripwire] Lap 32: ['THROTTLE_BRAKE_OVERLAP']
[Tripwire] Lap 32: ['THROTTLE_BRAKE_OVERLAP']
[Tripwire] Lap 32: ['THROTTLE_BRAKE_OVERLAP']
[Tripwire] Lap 32: ['THROTTLE_BRAKE_OVERLAP']
[Tripwire] Lap 32: ['THROTTLE_BRAKE_OVERLAP']
[Tripwire] Lap 32: ['THROTTLE_BRAKE_OVERLAP']
[Tripwire] Lap 32: ['THROTTLE_BRAKE_OVERLAP']
[Tripwire] Lap 32: ['THROTTLE_BRAKE_OVERLAP']
[Tripwire] Lap 32: ['THROTTLE_BRAKE_OVERLAP']
[Tripwire] Lap 32: ['THROTTLE_BRAKE_OVERLAP']
[Tripwire] Lap 32: ['THROTTLE_BRAKE_OVERLAP']
[Tripwire] Lap 32: ['THROTTLE_BRAKE_OVERLAP']
[Tripwire] Lap 32: ['THROTTLE_BRAKE_OVERLAP']
[Tripwire] Lap 32: ['THROTTLE_BRAKE_OVERLAP']
[Tripwire] Lap 32: ['THROTTLE_BRAKE_OVERLAP']
[Tripwire] Lap 32: ['THROTTLE_BRAKE_OVERLAP']
[Tripwire] Lap 32: ['THROTTLE_BRAKE_OVERLAP']
[Tripwire] Lap 32: ['THROTTLE_BRAKE_OVERLAP']
[Tripwire] Lap 32: ['THROTTLE_BRAKE_OVERLAP']
[Tripwire] Lap 32: ['THROTTLE_BRAKE_OVERLAP']
[Tripwire] Lap 32: ['THROTTLE_BRAKE_OVERLAP']
[Tripwire] Lap 32: ['THROTTLE_BRAKE_OVERLAP']
[Tripwire] Lap 32: ['THROTTLE_BRAKE_OVERLAP']
[Tripwire] Lap 32: ['THROTTLE_BRAKE_OVERLAP']
[Tripwire] Lap 32: ['THROTTLE_BRAKE_OVERLAP']
[Tripwire] Lap 32: ['THROTTLE_BRAKE_OVERLAP']
[Tripwire] Lap 32: ['THROTTLE_BRAKE_OVERLAP']
[Tripwire] Lap 32: ['THROTTLE_BRAKE_OVERLAP']
[Tripwire] Lap 32: ['THROTTLE_BRAKE_OVERLAP']
[Tripwire] Lap 32: ['PACE_DROP']
[Tripwire] Lap 32: ['PACE_DROP']
[Tripwire] Lap 32: ['PACE_DROP']
[Tripwire] Lap 32: ['PACE_DROP']
[Tripwire] Lap 32: ['PACE_DROP']
[Tripwire] Lap 32: ['TYRE_CRITICAL']
[Tripwire] Lap 32: ['TYRE_CRITICAL']
[Tripwire] Lap 32: ['TYRE_CRITICAL']
[Tripwire] Lap 32: ['TYRE_CRITICAL']
[Tripwire] Lap 32: ['TYRE_CRITICAL']
[Tripwire] Lap 32: ['TYRE_CRITICAL']
[Tripwire] Lap 32: ['TYRE_CRITICAL']
[Tripwire] Lap 32: ['TYRE_CRITICAL']
[Tripwire] Lap 32: ['TYRE_CRITICAL']
[Tripwire] Lap 32: ['TYRE_CRITICAL']
[Tripwire] Lap 32: ['TYRE_CRITICAL']
[Tripwire] Lap 32: ['TYRE_CRITICAL']
[Tripwire] Lap 32: ['TYRE_CRITICAL']
[Tripwire] Lap 32: ['TYRE_CRITICAL']
[Tripwire] Lap 32: ['TYRE_CRITICAL']
[Tripwire] Lap 32: ['TYRE_CRITICAL']
[Tripwire] Lap 32: ['TYRE_CRITICAL']
[Tripwire] Lap 32: ['TYRE_CRITICAL']
[Tripwire] Lap 32: ['TYRE_CRITICAL']
[Tripwire] Lap 32: ['TYRE_CRITICAL']
[Tripwire] Lap 32: ['TYRE_CRITICAL']
[Tripwire] Lap 32: ['TYRE_CRITICAL']
[Tripwire] Lap 32: ['TYRE_CRITICAL']
[Tripwire] Lap 32: ['TYRE_CRITICAL']
[Tripwire] Lap 32: ['TYRE_CRITICAL']
[Tripwire] Lap 32: ['TYRE_CRITICAL']
[Tripwire] Lap 32: ['TYRE_CRITICAL']
[Tripwire] Lap 32: ['TYRE_CRITICAL']
[Tripwire] Lap 32: ['TYRE_CRITICAL']
[Tripwire] Lap 32: ['TYRE_CRITICAL']
[Tripwire] Lap 32: ['TYRE_CRITICAL']
[Tripwire] Lap 32: ['TYRE_CRITICAL']
[Tripwire] Lap 32: ['TYRE_CRITICAL']
[Tripwire] Lap 32: ['TYRE_CRITICAL']
[Tripwire] Lap 32: ['TYRE_CRITICAL']
[Tripwire] Lap 32: ['TYRE_CRITICAL']
[Tripwire] Lap 32: ['TYRE_CRITICAL']
[Tripwire] Lap 32: ['TYRE_CRITICAL']
[Tripwire] Lap 32: ['TYRE_CRITICAL']
[Tripwire] Lap 32: ['TYRE_CRITICAL']
[Tripwire] Lap 32: ['TYRE_CRITICAL']
[Tripwire] Lap 32: ['TYRE_CRITICAL']
[Tripwire] Lap 32: ['TYRE_CRITICAL']
[Tripwire] Lap 32: ['TYRE_CRITICAL']
[Tripwire] Lap 32: ['TYRE_CRITICAL']
[Tripwire] Lap 32: ['TYRE_CRITICAL']
[Tripwire] Lap 32: ['TYRE_CRITICAL']
[Tripwire] Lap 32: ['TYRE_CRITICAL']
[Tripwire] Lap 32: ['TYRE_CRITICAL']
[Tripwire] Lap 32: ['TYRE_CRITICAL']
[Tripwire] Lap 32: ['TYRE_CRITICAL']
[Tripwire] Lap 32: ['TYRE_CRITICAL']
[Tripwire] Lap 32: ['TYRE_CRITICAL']
[Tripwire] Lap 32: ['TYRE_CRITICAL']
[Tripwire] Lap 32: ['TYRE_CRITICAL']
[Tripwire] Lap 32: ['TYRE_CRITICAL']
[Tripwire] Lap 32: ['TYRE_CRITICAL']
[Tripwire] Lap 32: ['TYRE_CRITICAL']
[Tripwire] Lap 32: ['TYRE_CRITICAL']
[Tripwire] Lap 32: ['TYRE_CRITICAL']
[Tripwire] Lap 32: ['TYRE_CRITICAL']
[Tripwire] Lap 32: ['TYRE_CRITICAL']
[Tripwire] Lap 32: ['PACE_DROP', 'TYRE_CRITICAL']
[Tripwire] Lap 32: ['PACE_DROP', 'TYRE_CRITICAL']
[Tripwire] Lap 32: ['PACE_DROP', 'TYRE_CRITICAL']
[Tripwire] Lap 33: ['PACE_DROP']
[Tripwire] Lap 33: ['PACE_DROP', 'THROTTLE_BRAKE_OVERLAP']
[Tripwire] Lap 33: ['THROTTLE_BRAKE_OVERLAP']
[Tripwire] Lap 33: ['THROTTLE_BRAKE_OVERLAP']
[Tripwire] Lap 33: ['THROTTLE_BRAKE_OVERLAP']
[Tripwire] Lap 33: ['THROTTLE_BRAKE_OVERLAP']
[Tripwire] Lap 33: ['THROTTLE_BRAKE_OVERLAP']
[Tripwire] Lap 33: ['THROTTLE_BRAKE_OVERLAP']
[Tripwire] Lap 33: ['THROTTLE_BRAKE_OVERLAP']
[Tripwire] Lap 33: ['THROTTLE_BRAKE_OVERLAP']
[Tripwire] Lap 33: ['THROTTLE_BRAKE_OVERLAP']
[Tripwire] Lap 33: ['THROTTLE_BRAKE_OVERLAP']
[Tripwire] Lap 33: ['THROTTLE_BRAKE_OVERLAP']
[Tripwire] Lap 33: ['THROTTLE_BRAKE_OVERLAP']
[Tripwire] Lap 33: ['THROTTLE_BRAKE_OVERLAP']
[Tripwire] Lap 33: ['THROTTLE_BRAKE_OVERLAP']
[Tripwire] Lap 33: ['THROTTLE_BRAKE_OVERLAP']
[Tripwire] Lap 33: ['THROTTLE_BRAKE_OVERLAP']
[Tripwire] Lap 33: ['THROTTLE_BRAKE_OVERLAP']
[Tripwire] Lap 33: ['THROTTLE_BRAKE_OVERLAP']
[Tripwire] Lap 33: ['THROTTLE_BRAKE_OVERLAP']
[Tripwire] Lap 33: ['THROTTLE_BRAKE_OVERLAP']
[Tripwire] Lap 33: ['THROTTLE_BRAKE_OVERLAP']
[Tripwire] Lap 33: ['THROTTLE_BRAKE_OVERLAP']
[Tripwire] Lap 33: ['THROTTLE_BRAKE_OVERLAP']
[Tripwire] Lap 33: ['THROTTLE_BRAKE_OVERLAP']
[Tripwire] Lap 33: ['THROTTLE_BRAKE_OVERLAP']
[Tripwire] Lap 33: ['THROTTLE_BRAKE_OVERLAP']
[Tripwire] Lap 33: ['THROTTLE_BRAKE_OVERLAP']
[Tripwire] Lap 33: ['THROTTLE_BRAKE_OVERLAP']
[Tripwire] Lap 33: ['THROTTLE_BRAKE_OVERLAP']
[Tripwire] Lap 33: ['PACE_DROP']
[Tripwire] Lap 33: ['PACE_DROP']
[Tripwire] Lap 33: ['PACE_DROP']
[Tripwire] Lap 33: ['PACE_DROP']
[Tripwire] Lap 33: ['PACE_DROP']
[Tripwire] Lap 33: ['PACE_DROP']
[Tripwire] Lap 33: ['PACE_DROP']
[Tripwire] Lap 33: ['TYRE_CRITICAL']
[Tripwire] Lap 33: ['TYRE_CRITICAL']
[Tripwire] Lap 33: ['TYRE_CRITICAL']
[Tripwire] Lap 33: ['TYRE_CRITICAL']
[Tripwire] Lap 33: ['TYRE_CRITICAL']
[Tripwire] Lap 33: ['TYRE_CRITICAL']
[Tripwire] Lap 33: ['TYRE_CRITICAL']
[Tripwire] Lap 33: ['TYRE_CRITICAL']
[Tripwire] Lap 33: ['TYRE_CRITICAL']
[Tripwire] Lap 33: ['TYRE_CRITICAL']
[Tripwire] Lap 33: ['TYRE_CRITICAL']
[Tripwire] Lap 33: ['TYRE_CRITICAL']
[Tripwire] Lap 33: ['TYRE_CRITICAL']
[Tripwire] Lap 33: ['TYRE_CRITICAL']
[Tripwire] Lap 33: ['TYRE_CRITICAL']
[Tripwire] Lap 33: ['TYRE_CRITICAL']
[Tripwire] Lap 33: ['TYRE_CRITICAL']
[Tripwire] Lap 33: ['TYRE_CRITICAL']
[Tripwire] Lap 33: ['TYRE_CRITICAL']
[Tripwire] Lap 33: ['TYRE_CRITICAL']
[Tripwire] Lap 33: ['TYRE_CRITICAL']
[Tripwire] Lap 33: ['TYRE_CRITICAL']
[Tripwire] Lap 33: ['TYRE_CRITICAL']
[Tripwire] Lap 33: ['TYRE_CRITICAL']
[Tripwire] Lap 33: ['TYRE_CRITICAL']
[Tripwire] Lap 33: ['TYRE_CRITICAL']
[Tripwire] Lap 33: ['TYRE_CRITICAL']
[Tripwire] Lap 33: ['TYRE_CRITICAL']
[Tripwire] Lap 33: ['TYRE_CRITICAL']
[Tripwire] Lap 33: ['TYRE_CRITICAL']
[Tripwire] Lap 33: ['TYRE_CRITICAL']
[Tripwire] Lap 33: ['TYRE_CRITICAL']
[Tripwire] Lap 33: ['TYRE_CRITICAL']
[Tripwire] Lap 33: ['TYRE_CRITICAL']
[Tripwire] Lap 33: ['TYRE_CRITICAL']
[Tripwire] Lap 33: ['TYRE_CRITICAL']
[Tripwire] Lap 33: ['TYRE_CRITICAL']
[Tripwire] Lap 33: ['TYRE_CRITICAL']
[Tripwire] Lap 33: ['TYRE_CRITICAL']
[Tripwire] Lap 33: ['TYRE_CRITICAL']
[Tripwire] Lap 33: ['TYRE_CRITICAL']
[Tripwire] Lap 33: ['TYRE_CRITICAL']
[Tripwire] Lap 33: ['TYRE_CRITICAL']
[Tripwire] Lap 33: ['TYRE_CRITICAL']
[Tripwire] Lap 33: ['TYRE_CRITICAL']
[Tripwire] Lap 33: ['TYRE_CRITICAL']
[Tripwire] Lap 33: ['TYRE_CRITICAL']
[Tripwire] Lap 33: ['TYRE_CRITICAL']
[Tripwire] Lap 33: ['TYRE_CRITICAL']
[Tripwire] Lap 33: ['TYRE_CRITICAL']
[Tripwire] Lap 33: ['TYRE_CRITICAL']
[Tripwire] Lap 33: ['TYRE_CRITICAL']
[Tripwire] Lap 33: ['TYRE_CRITICAL']
[Tripwire] Lap 33: ['TYRE_CRITICAL']
[Tripwire] Lap 33: ['TYRE_CRITICAL']
[Tripwire] Lap 33: ['TYRE_CRITICAL']
[Tripwire] Lap 33: ['TYRE_CRITICAL']
[Tripwire] Lap 33: ['TYRE_CRITICAL']
[Tripwire] Lap 33: ['TYRE_CRITICAL']
[Tripwire] Lap 33: ['TYRE_CRITICAL']
[Tripwire] Lap 33: ['TYRE_CRITICAL']
[Tripwire] Lap 33: ['PACE_DROP', 'THROTTLE_BRAKE_OVERLAP', 'TYRE_CRITICAL']
[Tripwire] Lap 33: ['PACE_DROP', 'TYRE_CRITICAL']
[Tripwire] Lap 33: ['PACE_DROP', 'THROTTLE_BRAKE_OVERLAP', 'TYRE_CRITICAL']
[Tripwire] Lap 34: ['PACE_DROP']
[Tripwire] Lap 34: ['PACE_DROP']
[Tripwire] Lap 34: ['THROTTLE_BRAKE_OVERLAP']
[Tripwire] Lap 34: ['THROTTLE_BRAKE_OVERLAP']
[Tripwire] Lap 34: ['THROTTLE_BRAKE_OVERLAP']
[Tripwire] Lap 34: ['THROTTLE_BRAKE_OVERLAP']
[Tripwire] Lap 34: ['THROTTLE_BRAKE_OVERLAP']
[Tripwire] Lap 34: ['THROTTLE_BRAKE_OVERLAP']
[Tripwire] Lap 34: ['THROTTLE_BRAKE_OVERLAP']
[Tripwire] Lap 34: ['THROTTLE_BRAKE_OVERLAP']
[Tripwire] Lap 34: ['THROTTLE_BRAKE_OVERLAP']
[Tripwire] Lap 34: ['THROTTLE_BRAKE_OVERLAP']
[Tripwire] Lap 34: ['THROTTLE_BRAKE_OVERLAP']
[Tripwire] Lap 34: ['THROTTLE_BRAKE_OVERLAP']
[Tripwire] Lap 34: ['THROTTLE_BRAKE_OVERLAP']
[Tripwire] Lap 34: ['THROTTLE_BRAKE_OVERLAP']
[Tripwire] Lap 34: ['THROTTLE_BRAKE_OVERLAP']
[Tripwire] Lap 34: ['THROTTLE_BRAKE_OVERLAP']
[Tripwire] Lap 34: ['THROTTLE_BRAKE_OVERLAP']
[Tripwire] Lap 34: ['THROTTLE_BRAKE_OVERLAP']
[Tripwire] Lap 34: ['THROTTLE_BRAKE_OVERLAP']
[Tripwire] Lap 34: ['THROTTLE_BRAKE_OVERLAP']
[Tripwire] Lap 34: ['THROTTLE_BRAKE_OVERLAP']
[Tripwire] Lap 34: ['THROTTLE_BRAKE_OVERLAP']
[Tripwire] Lap 34: ['PACE_DROP']
[Tripwire] Lap 34: ['PACE_DROP']
[Tripwire] Lap 34: ['PACE_DROP']
[Tripwire] Lap 34: ['PACE_DROP']
[Tripwire] Lap 34: ['PACE_DROP']
[Tripwire] Lap 34: ['PACE_DROP']
[Tripwire] Lap 34: ['PACE_DROP']
[Tripwire] Lap 34: ['TYRE_CRITICAL']
[Tripwire] Lap 34: ['TYRE_CRITICAL']
[Tripwire] Lap 34: ['TYRE_CRITICAL']
[Tripwire] Lap 34: ['TYRE_CRITICAL']
[Tripwire] Lap 34: ['TYRE_CRITICAL']
[Tripwire] Lap 34: ['TYRE_CRITICAL']
[Tripwire] Lap 34: ['TYRE_CRITICAL']
[Tripwire] Lap 34: ['TYRE_CRITICAL']
[Tripwire] Lap 34: ['TYRE_CRITICAL']
[Tripwire] Lap 34: ['TYRE_CRITICAL']
[Tripwire] Lap 34: ['TYRE_CRITICAL']
[Tripwire] Lap 34: ['TYRE_CRITICAL']
[Tripwire] Lap 34: ['TYRE_CRITICAL']
[Tripwire] Lap 34: ['TYRE_CRITICAL']
[Tripwire] Lap 34: ['TYRE_CRITICAL']
[Tripwire] Lap 34: ['TYRE_CRITICAL']
[Tripwire] Lap 34: ['TYRE_CRITICAL']
[Tripwire] Lap 34: ['TYRE_CRITICAL']
[Tripwire] Lap 34: ['TYRE_CRITICAL']
[Tripwire] Lap 34: ['TYRE_CRITICAL']
[Tripwire] Lap 34: ['TYRE_CRITICAL']
[Tripwire] Lap 34: ['TYRE_CRITICAL']
[Tripwire] Lap 34: ['TYRE_CRITICAL']
[Tripwire] Lap 34: ['TYRE_CRITICAL']
[Tripwire] Lap 34: ['TYRE_CRITICAL']
[Tripwire] Lap 34: ['TYRE_CRITICAL']
[Tripwire] Lap 34: ['TYRE_CRITICAL']
[Tripwire] Lap 34: ['TYRE_CRITICAL']
[Tripwire] Lap 34: ['TYRE_CRITICAL']
[Tripwire] Lap 34: ['TYRE_CRITICAL']
[Tripwire] Lap 34: ['TYRE_CRITICAL']
[Tripwire] Lap 34: ['TYRE_CRITICAL']
[Tripwire] Lap 34: ['TYRE_CRITICAL']
[Tripwire] Lap 34: ['TYRE_CRITICAL']
[Tripwire] Lap 34: ['TYRE_CRITICAL']
[Tripwire] Lap 34: ['TYRE_CRITICAL']
[Tripwire] Lap 34: ['TYRE_CRITICAL']
[Tripwire] Lap 34: ['TYRE_CRITICAL']
[Tripwire] Lap 34: ['TYRE_CRITICAL']
[Tripwire] Lap 34: ['TYRE_CRITICAL']
[Tripwire] Lap 34: ['TYRE_CRITICAL']
[Tripwire] Lap 34: ['TYRE_CRITICAL']
[Tripwire] Lap 34: ['TYRE_CRITICAL']
[Tripwire] Lap 34: ['TYRE_CRITICAL']
[Tripwire] Lap 34: ['TYRE_CRITICAL']
[Tripwire] Lap 34: ['TYRE_CRITICAL']
[Tripwire] Lap 34: ['TYRE_CRITICAL']
[Tripwire] Lap 34: ['TYRE_CRITICAL']
[Tripwire] Lap 34: ['TYRE_CRITICAL']
[Tripwire] Lap 34: ['TYRE_CRITICAL']
[Tripwire] Lap 34: ['TYRE_CRITICAL']
[Tripwire] Lap 34: ['TYRE_CRITICAL']
[Tripwire] Lap 34: ['TYRE_CRITICAL']
[Tripwire] Lap 34: ['TYRE_CRITICAL']
[Tripwire] Lap 34: ['TYRE_CRITICAL']
[Tripwire] Lap 34: ['TYRE_CRITICAL']
[Tripwire] Lap 34: ['TYRE_CRITICAL']
[Tripwire] Lap 34: ['TYRE_CRITICAL']
[Tripwire] Lap 34: ['TYRE_CRITICAL']
[Tripwire] Lap 34: ['TYRE_CRITICAL']
[Tripwire] Lap 34: ['TYRE_CRITICAL']
[Tripwire] Lap 34: ['TYRE_CRITICAL']
[Tripwire] Lap 34: ['PACE_DROP', 'TYRE_CRITICAL']
[Tripwire] Lap 34: ['PACE_DROP', 'TYRE_CRITICAL']
[Tripwire] Lap 34: ['PACE_DROP', 'TYRE_CRITICAL']
[Tripwire] Lap 35: ['PACE_DROP']
[Tripwire] Lap 35: ['PACE_DROP']
[Tripwire] Lap 35: ['PACE_DROP']
[Tripwire] Lap 35: ['THROTTLE_BRAKE_OVERLAP']
[Tripwire] Lap 35: ['THROTTLE_BRAKE_OVERLAP']
[Tripwire] Lap 35: ['THROTTLE_BRAKE_OVERLAP']
[Tripwire] Lap 35: ['THROTTLE_BRAKE_OVERLAP']
[Tripwire] Lap 35: ['THROTTLE_BRAKE_OVERLAP']
[Tripwire] Lap 35: ['THROTTLE_BRAKE_OVERLAP']
[Tripwire] Lap 35: ['THROTTLE_BRAKE_OVERLAP']
[Tripwire] Lap 35: ['THROTTLE_BRAKE_OVERLAP']
[Tripwire] Lap 35: ['THROTTLE_BRAKE_OVERLAP']
[Tripwire] Lap 35: ['THROTTLE_BRAKE_OVERLAP']
[Tripwire] Lap 35: ['THROTTLE_BRAKE_OVERLAP']
[Tripwire] Lap 35: ['THROTTLE_BRAKE_OVERLAP']
[Tripwire] Lap 35: ['THROTTLE_BRAKE_OVERLAP']
[Tripwire] Lap 35: ['THROTTLE_BRAKE_OVERLAP']
[Tripwire] Lap 35: ['THROTTLE_BRAKE_OVERLAP']
[Tripwire] Lap 35: ['THROTTLE_BRAKE_OVERLAP']
[Tripwire] Lap 35: ['THROTTLE_BRAKE_OVERLAP']
[Tripwire] Lap 35: ['THROTTLE_BRAKE_OVERLAP']
[Tripwire] Lap 35: ['THROTTLE_BRAKE_OVERLAP']
[Tripwire] Lap 35: ['THROTTLE_BRAKE_OVERLAP']
[Tripwire] Lap 35: ['THROTTLE_BRAKE_OVERLAP']
[Tripwire] Lap 35: ['THROTTLE_BRAKE_OVERLAP']
[Tripwire] Lap 35: ['THROTTLE_BRAKE_OVERLAP']
[Tripwire] Lap 35: ['THROTTLE_BRAKE_OVERLAP']
[Tripwire] Lap 35: ['THROTTLE_BRAKE_OVERLAP']
[Tripwire] Lap 35: ['PACE_DROP']
[Tripwire] Lap 35: ['PACE_DROP']
[Tripwire] Lap 35: ['PACE_DROP']
[Tripwire] Lap 35: ['PACE_DROP']
[Tripwire] Lap 35: ['PACE_DROP']
[Tripwire] Lap 35: ['TYRE_CRITICAL']
[Tripwire] Lap 35: ['TYRE_CRITICAL']
[Tripwire] Lap 35: ['TYRE_CRITICAL']
[Tripwire] Lap 35: ['TYRE_CRITICAL']
[Tripwire] Lap 35: ['TYRE_CRITICAL']
[Tripwire] Lap 35: ['TYRE_CRITICAL']
[Tripwire] Lap 35: ['TYRE_CRITICAL']
[Tripwire] Lap 35: ['TYRE_CRITICAL']
[Tripwire] Lap 35: ['TYRE_CRITICAL']
[Tripwire] Lap 35: ['TYRE_CRITICAL']
[Tripwire] Lap 35: ['TYRE_CRITICAL']
[Tripwire] Lap 35: ['TYRE_CRITICAL']
[Tripwire] Lap 35: ['TYRE_CRITICAL']
[Tripwire] Lap 35: ['TYRE_CRITICAL']
[Tripwire] Lap 35: ['TYRE_CRITICAL']
[Tripwire] Lap 35: ['TYRE_CRITICAL']
[Tripwire] Lap 35: ['TYRE_CRITICAL']
[Tripwire] Lap 35: ['TYRE_CRITICAL']
[Tripwire] Lap 35: ['TYRE_CRITICAL']
[Tripwire] Lap 35: ['TYRE_CRITICAL']
[Tripwire] Lap 35: ['TYRE_CRITICAL']
[Tripwire] Lap 35: ['TYRE_CRITICAL']
[Tripwire] Lap 35: ['TYRE_CRITICAL']
[Tripwire] Lap 35: ['TYRE_CRITICAL']
[Tripwire] Lap 35: ['TYRE_CRITICAL']
[Tripwire] Lap 35: ['TYRE_CRITICAL']
[Tripwire] Lap 35: ['TYRE_CRITICAL']
[Tripwire] Lap 35: ['TYRE_CRITICAL']
[Tripwire] Lap 35: ['TYRE_CRITICAL']
[Tripwire] Lap 35: ['TYRE_CRITICAL']
[Tripwire] Lap 35: ['TYRE_CRITICAL']
[Tripwire] Lap 35: ['TYRE_CRITICAL']
[Tripwire] Lap 35: ['TYRE_CRITICAL']
[Tripwire] Lap 35: ['TYRE_CRITICAL']
[Tripwire] Lap 35: ['TYRE_CRITICAL']
[Tripwire] Lap 35: ['TYRE_CRITICAL']
[Tripwire] Lap 35: ['TYRE_CRITICAL']
[Tripwire] Lap 35: ['TYRE_CRITICAL']
[Tripwire] Lap 35: ['TYRE_CRITICAL']
[Tripwire] Lap 35: ['TYRE_CRITICAL']
[Tripwire] Lap 35: ['TYRE_CRITICAL']
[Tripwire] Lap 35: ['TYRE_CRITICAL']
[Tripwire] Lap 35: ['TYRE_CRITICAL']
[Tripwire] Lap 35: ['TYRE_CRITICAL']
[Tripwire] Lap 35: ['TYRE_CRITICAL']
[Tripwire] Lap 35: ['TYRE_CRITICAL']
[Tripwire] Lap 35: ['TYRE_CRITICAL']
[Tripwire] Lap 35: ['TYRE_CRITICAL']
[Tripwire] Lap 35: ['TYRE_CRITICAL']
[Tripwire] Lap 35: ['TYRE_CRITICAL']
[Tripwire] Lap 35: ['TYRE_CRITICAL']
[Tripwire] Lap 35: ['TYRE_CRITICAL']
[Tripwire] Lap 35: ['TYRE_CRITICAL']
[Tripwire] Lap 35: ['TYRE_CRITICAL']
[Tripwire] Lap 35: ['TYRE_CRITICAL']
[Tripwire] Lap 35: ['TYRE_CRITICAL']
[Tripwire] Lap 35: ['TYRE_CRITICAL']
[Tripwire] Lap 35: ['TYRE_CRITICAL']
[Tripwire] Lap 35: ['TYRE_CRITICAL']
[Tripwire] Lap 35: ['TYRE_CRITICAL']
[Tripwire] Lap 35: ['PACE_DROP', 'TYRE_CRITICAL']
[Tripwire] Lap 35: ['TYRE_CRITICAL']
[Tripwire] Lap 35: ['TYRE_CRITICAL']
[Tripwire] Lap 35: ['PACE_DROP', 'THROTTLE_BRAKE_OVERLAP', 'TYRE_CRITICAL']
[Tripwire] Lap 35: ['PACE_DROP', 'TYRE_CRITICAL']
[Tripwire] Lap 35: ['PACE_DROP', 'THROTTLE_BRAKE_OVERLAP', 'TYRE_CRITICAL']
[Tripwire] Lap 36: ['PACE_DROP', 'THROTTLE_BRAKE_OVERLAP']
[Tripwire] Lap 36: ['PACE_DROP']
[Tripwire] Lap 36: ['THROTTLE_BRAKE_OVERLAP']
[Tripwire] Lap 36: ['THROTTLE_BRAKE_OVERLAP']
[Tripwire] Lap 36: ['THROTTLE_BRAKE_OVERLAP']
[Tripwire] Lap 36: ['THROTTLE_BRAKE_OVERLAP']
[Tripwire] Lap 36: ['THROTTLE_BRAKE_OVERLAP']
[Tripwire] Lap 36: ['THROTTLE_BRAKE_OVERLAP']
[Tripwire] Lap 36: ['THROTTLE_BRAKE_OVERLAP']
[Tripwire] Lap 36: ['THROTTLE_BRAKE_OVERLAP']
[Tripwire] Lap 36: ['THROTTLE_BRAKE_OVERLAP']
[Tripwire] Lap 36: ['THROTTLE_BRAKE_OVERLAP']
[Tripwire] Lap 36: ['THROTTLE_BRAKE_OVERLAP']
[Tripwire] Lap 36: ['THROTTLE_BRAKE_OVERLAP']
[Tripwire] Lap 36: ['THROTTLE_BRAKE_OVERLAP']
[Tripwire] Lap 36: ['THROTTLE_BRAKE_OVERLAP']
[Tripwire] Lap 36: ['THROTTLE_BRAKE_OVERLAP']
[Tripwire] Lap 36: ['THROTTLE_BRAKE_OVERLAP']
[Tripwire] Lap 36: ['THROTTLE_BRAKE_OVERLAP']
[Tripwire] Lap 36: ['THROTTLE_BRAKE_OVERLAP']
[Tripwire] Lap 36: ['THROTTLE_BRAKE_OVERLAP']
[Tripwire] Lap 36: ['THROTTLE_BRAKE_OVERLAP']
[Tripwire] Lap 36: ['THROTTLE_BRAKE_OVERLAP']
[Tripwire] Lap 36: ['THROTTLE_BRAKE_OVERLAP']
[Tripwire] Lap 36: ['THROTTLE_BRAKE_OVERLAP']
[Tripwire] Lap 36: ['THROTTLE_BRAKE_OVERLAP']
[Tripwire] Lap 36: ['THROTTLE_BRAKE_OVERLAP']
[Tripwire] Lap 36: ['THROTTLE_BRAKE_OVERLAP']
[Tripwire] Lap 36: ['THROTTLE_BRAKE_OVERLAP']
[Tripwire] Lap 36: ['THROTTLE_BRAKE_OVERLAP']
[Tripwire] Lap 36: ['THROTTLE_BRAKE_OVERLAP']
[Tripwire] Lap 36: ['THROTTLE_BRAKE_OVERLAP']
[Tripwire] Lap 36: ['THROTTLE_BRAKE_OVERLAP']
[Tripwire] Lap 36: ['PACE_DROP']
[Tripwire] Lap 36: ['PACE_DROP']
[Tripwire] Lap 36: ['PACE_DROP']
[Tripwire] Lap 36: ['PACE_DROP']
[Tripwire] Lap 36: ['PACE_DROP']
[Tripwire] Lap 36: ['TYRE_CRITICAL']
[Tripwire] Lap 36: ['TYRE_CRITICAL']
[Tripwire] Lap 36: ['TYRE_CRITICAL']
[Tripwire] Lap 36: ['TYRE_CRITICAL']
[Tripwire] Lap 36: ['TYRE_CRITICAL']
[Tripwire] Lap 36: ['TYRE_CRITICAL']
[Tripwire] Lap 36: ['TYRE_CRITICAL']
[Tripwire] Lap 36: ['TYRE_CRITICAL']
[Tripwire] Lap 36: ['TYRE_CRITICAL']
[Tripwire] Lap 36: ['TYRE_CRITICAL']
[Tripwire] Lap 36: ['TYRE_CRITICAL']
[Tripwire] Lap 36: ['TYRE_CRITICAL']
[Tripwire] Lap 36: ['TYRE_CRITICAL']
[Tripwire] Lap 36: ['TYRE_CRITICAL']
[Tripwire] Lap 36: ['TYRE_CRITICAL']
[Tripwire] Lap 36: ['TYRE_CRITICAL']
[Tripwire] Lap 36: ['TYRE_CRITICAL']
[Tripwire] Lap 36: ['TYRE_CRITICAL']
[Tripwire] Lap 36: ['TYRE_CRITICAL']
[Tripwire] Lap 36: ['TYRE_CRITICAL']
[Tripwire] Lap 36: ['TYRE_CRITICAL']
[Tripwire] Lap 36: ['TYRE_CRITICAL']
[Tripwire] Lap 36: ['TYRE_CRITICAL']
[Tripwire] Lap 36: ['TYRE_CRITICAL']
[Tripwire] Lap 36: ['TYRE_CRITICAL']
[Tripwire] Lap 36: ['TYRE_CRITICAL']
[Tripwire] Lap 36: ['TYRE_CRITICAL']
[Tripwire] Lap 36: ['TYRE_CRITICAL']
[Tripwire] Lap 36: ['TYRE_CRITICAL']
[Tripwire] Lap 36: ['TYRE_CRITICAL']
[Tripwire] Lap 36: ['TYRE_CRITICAL']
[Tripwire] Lap 36: ['TYRE_CRITICAL']
[Tripwire] Lap 36: ['TYRE_CRITICAL']
[Tripwire] Lap 36: ['TYRE_CRITICAL']
[Tripwire] Lap 36: ['TYRE_CRITICAL']
[Tripwire] Lap 36: ['TYRE_CRITICAL']
[Tripwire] Lap 36: ['TYRE_CRITICAL']
[Tripwire] Lap 36: ['TYRE_CRITICAL']
[Tripwire] Lap 36: ['TYRE_CRITICAL']
[Tripwire] Lap 36: ['TYRE_CRITICAL']
[Tripwire] Lap 36: ['TYRE_CRITICAL']
[Tripwire] Lap 36: ['TYRE_CRITICAL']
[Tripwire] Lap 36: ['TYRE_CRITICAL']
[Tripwire] Lap 36: ['TYRE_CRITICAL']
[Tripwire] Lap 36: ['TYRE_CRITICAL']
[Tripwire] Lap 36: ['TYRE_CRITICAL']
[Tripwire] Lap 36: ['TYRE_CRITICAL']
[Tripwire] Lap 36: ['TYRE_CRITICAL']
[Tripwire] Lap 36: ['TYRE_CRITICAL']
[Tripwire] Lap 36: ['TYRE_CRITICAL']
[Tripwire] Lap 36: ['TYRE_CRITICAL']
[Tripwire] Lap 36: ['TYRE_CRITICAL']
[Tripwire] Lap 36: ['TYRE_CRITICAL']
[Tripwire] Lap 36: ['TYRE_CRITICAL']
[Tripwire] Lap 36: ['TYRE_CRITICAL']
[Tripwire] Lap 36: ['TYRE_CRITICAL']
[Tripwire] Lap 36: ['TYRE_CRITICAL']
[Tripwire] Lap 36: ['TYRE_CRITICAL']
[Tripwire] Lap 36: ['TYRE_CRITICAL']
[Tripwire] Lap 36: ['TYRE_CRITICAL']
[Tripwire] Lap 36: ['TYRE_CRITICAL']
[Tripwire] Lap 36: ['PACE_DROP', 'TYRE_CRITICAL']
[Tripwire] Lap 36: ['PACE_DROP', 'TYRE_CRITICAL']
[Tripwire] Lap 36: ['PACE_DROP', 'TYRE_CRITICAL']
[Tripwire] Lap 37: ['PACE_DROP']
[Tripwire] Lap 37: ['PACE_DROP', 'THROTTLE_BRAKE_OVERLAP']
[Tripwire] Lap 37: ['THROTTLE_BRAKE_OVERLAP']
[Tripwire] Lap 37: ['THROTTLE_BRAKE_OVERLAP']
[Tripwire] Lap 37: ['THROTTLE_BRAKE_OVERLAP']
[Tripwire] Lap 37: ['THROTTLE_BRAKE_OVERLAP']
[Tripwire] Lap 37: ['THROTTLE_BRAKE_OVERLAP']
[Tripwire] Lap 37: ['THROTTLE_BRAKE_OVERLAP']
[Tripwire] Lap 37: ['THROTTLE_BRAKE_OVERLAP']
[Tripwire] Lap 37: ['THROTTLE_BRAKE_OVERLAP']
[Tripwire] Lap 37: ['THROTTLE_BRAKE_OVERLAP']
[Tripwire] Lap 37: ['THROTTLE_BRAKE_OVERLAP']
[Tripwire] Lap 37: ['THROTTLE_BRAKE_OVERLAP']
[Tripwire] Lap 37: ['THROTTLE_BRAKE_OVERLAP']
[Tripwire] Lap 37: ['THROTTLE_BRAKE_OVERLAP']
[Tripwire] Lap 37: ['THROTTLE_BRAKE_OVERLAP']
[Tripwire] Lap 37: ['THROTTLE_BRAKE_OVERLAP']
[Tripwire] Lap 37: ['THROTTLE_BRAKE_OVERLAP']
[Tripwire] Lap 37: ['THROTTLE_BRAKE_OVERLAP']
[Tripwire] Lap 37: ['THROTTLE_BRAKE_OVERLAP']
[Tripwire] Lap 37: ['THROTTLE_BRAKE_OVERLAP']
[Tripwire] Lap 37: ['THROTTLE_BRAKE_OVERLAP']
[Tripwire] Lap 37: ['THROTTLE_BRAKE_OVERLAP']
[Tripwire] Lap 37: ['THROTTLE_BRAKE_OVERLAP']
[Tripwire] Lap 37: ['THROTTLE_BRAKE_OVERLAP']
[Tripwire] Lap 37: ['THROTTLE_BRAKE_OVERLAP']
[Tripwire] Lap 37: ['THROTTLE_BRAKE_OVERLAP']
[Tripwire] Lap 37: ['THROTTLE_BRAKE_OVERLAP']
[Tripwire] Lap 37: ['PACE_DROP']
[Tripwire] Lap 37: ['PACE_DROP']
[Tripwire] Lap 37: ['PACE_DROP']
[Tripwire] Lap 37: ['PACE_DROP']
[Tripwire] Lap 37: ['PACE_DROP']
[Tripwire] Lap 37: ['PACE_DROP']
[Tripwire] Lap 37: ['TYRE_CRITICAL']
[Tripwire] Lap 37: ['TYRE_CRITICAL']
[Tripwire] Lap 37: ['TYRE_CRITICAL']
[Tripwire] Lap 37: ['TYRE_CRITICAL']
[Tripwire] Lap 37: ['TYRE_CRITICAL']
[Tripwire] Lap 37: ['TYRE_CRITICAL']
[Tripwire] Lap 37: ['TYRE_CRITICAL']
[Tripwire] Lap 37: ['TYRE_CRITICAL']
[Tripwire] Lap 37: ['TYRE_CRITICAL']
[Tripwire] Lap 37: ['TYRE_CRITICAL']
[Tripwire] Lap 37: ['TYRE_CRITICAL']
[Tripwire] Lap 37: ['TYRE_CRITICAL']
[Tripwire] Lap 37: ['TYRE_CRITICAL']
[Tripwire] Lap 37: ['TYRE_CRITICAL']
[Tripwire] Lap 37: ['TYRE_CRITICAL']
[Tripwire] Lap 37: ['TYRE_CRITICAL']
[Tripwire] Lap 37: ['TYRE_CRITICAL']
[Tripwire] Lap 37: ['TYRE_CRITICAL']
[Tripwire] Lap 37: ['TYRE_CRITICAL']
[Tripwire] Lap 37: ['TYRE_CRITICAL']
[Tripwire] Lap 37: ['TYRE_CRITICAL']
[Tripwire] Lap 37: ['TYRE_CRITICAL']
[Tripwire] Lap 37: ['TYRE_CRITICAL']
[Tripwire] Lap 37: ['TYRE_CRITICAL']
[Tripwire] Lap 37: ['TYRE_CRITICAL']
[Tripwire] Lap 37: ['TYRE_CRITICAL']
[Tripwire] Lap 37: ['TYRE_CRITICAL']
[Tripwire] Lap 37: ['PACE_DROP', 'TYRE_CRITICAL']
[Tripwire] Lap 37: ['TYRE_CRITICAL']
[Tripwire] Lap 37: ['TYRE_CRITICAL']
[Tripwire] Lap 37: ['TYRE_CRITICAL']
[Tripwire] Lap 37: ['PACE_DROP', 'TYRE_CRITICAL']
[Tripwire] Lap 37: ['TYRE_CRITICAL']
[Tripwire] Lap 37: ['TYRE_CRITICAL']
[Tripwire] Lap 37: ['TYRE_CRITICAL']
[Tripwire] Lap 37: ['TYRE_CRITICAL']
[Tripwire] Lap 37: ['TYRE_CRITICAL']
[Tripwire] Lap 37: ['TYRE_CRITICAL']
[Tripwire] Lap 37: ['TYRE_CRITICAL']
[Tripwire] Lap 37: ['TYRE_CRITICAL']
[Tripwire] Lap 37: ['TYRE_CRITICAL']
[Tripwire] Lap 37: ['TYRE_CRITICAL']
[Tripwire] Lap 37: ['TYRE_CRITICAL']
[Tripwire] Lap 37: ['TYRE_CRITICAL']
[Tripwire] Lap 37: ['TYRE_CRITICAL']
[Tripwire] Lap 37: ['TYRE_CRITICAL']
[Tripwire] Lap 37: ['TYRE_CRITICAL']
[Tripwire] Lap 37: ['TYRE_CRITICAL']
[Tripwire] Lap 37: ['TYRE_CRITICAL']
[Tripwire] Lap 37: ['TYRE_CRITICAL']
[Tripwire] Lap 37: ['TYRE_CRITICAL']
[Tripwire] Lap 37: ['TYRE_CRITICAL']
[Tripwire] Lap 37: ['TYRE_CRITICAL']
[Tripwire] Lap 37: ['TYRE_CRITICAL']
[Tripwire] Lap 37: ['TYRE_CRITICAL']
[Tripwire] Lap 37: ['TYRE_CRITICAL']
[Tripwire] Lap 37: ['TYRE_CRITICAL']
[Tripwire] Lap 37: ['TYRE_CRITICAL']
[Tripwire] Lap 37: ['TYRE_CRITICAL']
[Tripwire] Lap 37: ['TYRE_CRITICAL']
[Tripwire] Lap 37: ['TYRE_CRITICAL']
[Tripwire] Lap 37: ['TYRE_CRITICAL']
[Tripwire] Lap 37: ['PACE_DROP', 'TYRE_CRITICAL']
[Tripwire] Lap 37: ['PACE_DROP', 'TYRE_CRITICAL']
[Tripwire] Lap 37: ['PACE_DROP', 'TYRE_CRITICAL']
[Tripwire] Lap 38: ['PACE_DROP']
[Tripwire] Lap 38: ['PACE_DROP', 'THROTTLE_BRAKE_OVERLAP']
[Tripwire] Lap 38: ['THROTTLE_BRAKE_OVERLAP']
[Tripwire] Lap 38: ['THROTTLE_BRAKE_OVERLAP']
[Tripwire] Lap 38: ['THROTTLE_BRAKE_OVERLAP']
[Tripwire] Lap 38: ['THROTTLE_BRAKE_OVERLAP']
[Tripwire] Lap 38: ['THROTTLE_BRAKE_OVERLAP']
[Tripwire] Lap 38: ['THROTTLE_BRAKE_OVERLAP']
[Tripwire] Lap 38: ['THROTTLE_BRAKE_OVERLAP']
[Tripwire] Lap 38: ['THROTTLE_BRAKE_OVERLAP']
[Tripwire] Lap 38: ['THROTTLE_BRAKE_OVERLAP']
[Tripwire] Lap 38: ['THROTTLE_BRAKE_OVERLAP']
[Tripwire] Lap 38: ['THROTTLE_BRAKE_OVERLAP']
[Tripwire] Lap 38: ['THROTTLE_BRAKE_OVERLAP']
[Tripwire] Lap 38: ['THROTTLE_BRAKE_OVERLAP']
[Tripwire] Lap 38: ['THROTTLE_BRAKE_OVERLAP']
[Tripwire] Lap 38: ['THROTTLE_BRAKE_OVERLAP']
[Tripwire] Lap 38: ['THROTTLE_BRAKE_OVERLAP']
[Tripwire] Lap 38: ['THROTTLE_BRAKE_OVERLAP']
[Tripwire] Lap 38: ['THROTTLE_BRAKE_OVERLAP']
[Tripwire] Lap 38: ['THROTTLE_BRAKE_OVERLAP']
[Tripwire] Lap 38: ['THROTTLE_BRAKE_OVERLAP']
[Tripwire] Lap 38: ['THROTTLE_BRAKE_OVERLAP']
[Tripwire] Lap 38: ['THROTTLE_BRAKE_OVERLAP']
[Tripwire] Lap 38: ['THROTTLE_BRAKE_OVERLAP']
[Tripwire] Lap 38: ['THROTTLE_BRAKE_OVERLAP']
[Tripwire] Lap 38: ['THROTTLE_BRAKE_OVERLAP']
[Tripwire] Lap 38: ['THROTTLE_BRAKE_OVERLAP']
[Tripwire] Lap 38: ['THROTTLE_BRAKE_OVERLAP']
[Tripwire] Lap 38: ['PACE_DROP']
[Tripwire] Lap 38: ['PACE_DROP']
[Tripwire] Lap 38: ['PACE_DROP']
[Tripwire] Lap 38: ['PACE_DROP']
[Tripwire] Lap 38: ['PACE_DROP']
[Tripwire] Lap 38: ['PACE_DROP']
[Tripwire] Lap 38: ['TYRE_CRITICAL']
[Tripwire] Lap 38: ['TYRE_CRITICAL']
[Tripwire] Lap 38: ['TYRE_CRITICAL']
[Tripwire] Lap 38: ['TYRE_CRITICAL']
[Tripwire] Lap 38: ['TYRE_CRITICAL']
[Tripwire] Lap 38: ['TYRE_CRITICAL']
[Tripwire] Lap 38: ['TYRE_CRITICAL']
[Tripwire] Lap 38: ['TYRE_CRITICAL']
[Tripwire] Lap 38: ['TYRE_CRITICAL']
[Tripwire] Lap 38: ['TYRE_CRITICAL']
[Tripwire] Lap 38: ['TYRE_CRITICAL']
[Tripwire] Lap 38: ['TYRE_CRITICAL']
[Tripwire] Lap 38: ['TYRE_CRITICAL']
[Tripwire] Lap 38: ['TYRE_CRITICAL']
[Tripwire] Lap 38: ['TYRE_CRITICAL']
[Tripwire] Lap 38: ['TYRE_CRITICAL']
[Tripwire] Lap 38: ['TYRE_CRITICAL']
[Tripwire] Lap 38: ['TYRE_CRITICAL']
[Tripwire] Lap 38: ['TYRE_CRITICAL']
[Tripwire] Lap 38: ['TYRE_CRITICAL']
[Tripwire] Lap 38: ['TYRE_CRITICAL']
[Tripwire] Lap 38: ['TYRE_CRITICAL']
[Tripwire] Lap 38: ['TYRE_CRITICAL']
[Tripwire] Lap 38: ['TYRE_CRITICAL']
[Tripwire] Lap 38: ['TYRE_CRITICAL']
[Tripwire] Lap 38: ['TYRE_CRITICAL']
[Tripwire] Lap 38: ['TYRE_CRITICAL']
[Tripwire] Lap 38: ['TYRE_CRITICAL']
[Tripwire] Lap 38: ['TYRE_CRITICAL']
[Tripwire] Lap 38: ['TYRE_CRITICAL']
[Tripwire] Lap 38: ['TYRE_CRITICAL']
[Tripwire] Lap 38: ['TYRE_CRITICAL']
[Tripwire] Lap 38: ['TYRE_CRITICAL']
[Tripwire] Lap 38: ['TYRE_CRITICAL']
[Tripwire] Lap 38: ['TYRE_CRITICAL']
[Tripwire] Lap 38: ['TYRE_CRITICAL']
[Tripwire] Lap 38: ['TYRE_CRITICAL']
[Tripwire] Lap 38: ['TYRE_CRITICAL']
[Tripwire] Lap 38: ['TYRE_CRITICAL']
[Tripwire] Lap 38: ['TYRE_CRITICAL']
[Tripwire] Lap 38: ['TYRE_CRITICAL']
[Tripwire] Lap 38: ['TYRE_CRITICAL']
[Tripwire] Lap 38: ['TYRE_CRITICAL']
[Tripwire] Lap 38: ['TYRE_CRITICAL']
[Tripwire] Lap 38: ['TYRE_CRITICAL']
[Tripwire] Lap 38: ['TYRE_CRITICAL']
[Tripwire] Lap 38: ['TYRE_CRITICAL']
[Tripwire] Lap 38: ['TYRE_CRITICAL']
[Tripwire] Lap 38: ['TYRE_CRITICAL']
[Tripwire] Lap 38: ['TYRE_CRITICAL']
[Tripwire] Lap 38: ['TYRE_CRITICAL']
[Tripwire] Lap 38: ['TYRE_CRITICAL']
[Tripwire] Lap 38: ['TYRE_CRITICAL']
[Tripwire] Lap 38: ['TYRE_CRITICAL']
[Tripwire] Lap 38: ['TYRE_CRITICAL']
[Tripwire] Lap 38: ['TYRE_CRITICAL']
[Tripwire] Lap 38: ['TYRE_CRITICAL']
[Tripwire] Lap 38: ['TYRE_CRITICAL']
[Tripwire] Lap 38: ['TYRE_CRITICAL']
[Tripwire] Lap 38: ['TYRE_CRITICAL']
[Tripwire] Lap 38: ['TYRE_CRITICAL']
[Tripwire] Lap 38: ['TYRE_CRITICAL']
[Tripwire] Lap 38: ['PACE_DROP', 'TYRE_CRITICAL']
[Tripwire] Lap 38: ['PACE_DROP', 'TYRE_CRITICAL']
[Tripwire] Lap 38: ['PACE_DROP', 'THROTTLE_BRAKE_OVERLAP', 'TYRE_CRITICAL']
[Tripwire] Lap 39: ['PACE_DROP', 'THROTTLE_BRAKE_OVERLAP']
[Tripwire] Lap 39: ['PACE_DROP']
[Tripwire] Lap 39: ['PACE_DROP']
[Tripwire] Lap 39: ['THROTTLE_BRAKE_OVERLAP']
[Tripwire] Lap 39: ['THROTTLE_BRAKE_OVERLAP']
[Tripwire] Lap 39: ['THROTTLE_BRAKE_OVERLAP']
[Tripwire] Lap 39: ['THROTTLE_BRAKE_OVERLAP']
[Tripwire] Lap 39: ['THROTTLE_BRAKE_OVERLAP']
[Tripwire] Lap 39: ['THROTTLE_BRAKE_OVERLAP']
[Tripwire] Lap 39: ['PACE_DROP']
[Tripwire] Lap 39: ['THROTTLE_BRAKE_OVERLAP']
[Tripwire] Lap 39: ['THROTTLE_BRAKE_OVERLAP']
[Tripwire] Lap 39: ['THROTTLE_BRAKE_OVERLAP']
[Tripwire] Lap 39: ['THROTTLE_BRAKE_OVERLAP']
[Tripwire] Lap 39: ['PACE_DROP', 'THROTTLE_BRAKE_OVERLAP']
[Tripwire] Lap 39: ['THROTTLE_BRAKE_OVERLAP']
[Tripwire] Lap 39: ['THROTTLE_BRAKE_OVERLAP']
[Tripwire] Lap 39: ['THROTTLE_BRAKE_OVERLAP']
[Tripwire] Lap 39: ['THROTTLE_BRAKE_OVERLAP']
[Tripwire] Lap 39: ['THROTTLE_BRAKE_OVERLAP']
[Tripwire] Lap 39: ['THROTTLE_BRAKE_OVERLAP']
[Tripwire] Lap 39: ['THROTTLE_BRAKE_OVERLAP']
[Tripwire] Lap 39: ['THROTTLE_BRAKE_OVERLAP']
[Tripwire] Lap 39: ['THROTTLE_BRAKE_OVERLAP']
[Tripwire] Lap 39: ['THROTTLE_BRAKE_OVERLAP']
[Tripwire] Lap 39: ['PACE_DROP']
[Tripwire] Lap 39: ['PACE_DROP']
[Tripwire] Lap 39: ['PACE_DROP']
[Tripwire] Lap 39: ['PACE_DROP']
[Tripwire] Lap 39: ['PACE_DROP']
[Tripwire] Lap 39: ['TYRE_CRITICAL']
[Tripwire] Lap 39: ['TYRE_CRITICAL']
[Tripwire] Lap 39: ['TYRE_CRITICAL']
[Tripwire] Lap 39: ['TYRE_CRITICAL']
[Tripwire] Lap 39: ['TYRE_CRITICAL']
[Tripwire] Lap 39: ['TYRE_CRITICAL']
[Tripwire] Lap 39: ['TYRE_CRITICAL']
[Tripwire] Lap 39: ['TYRE_CRITICAL']
[Tripwire] Lap 39: ['TYRE_CRITICAL']
[Tripwire] Lap 39: ['TYRE_CRITICAL']
[Tripwire] Lap 39: ['TYRE_CRITICAL']
[Tripwire] Lap 39: ['TYRE_CRITICAL']
[Tripwire] Lap 39: ['TYRE_CRITICAL']
[Tripwire] Lap 39: ['TYRE_CRITICAL']
[Tripwire] Lap 39: ['TYRE_CRITICAL']
[Tripwire] Lap 39: ['TYRE_CRITICAL']
[Tripwire] Lap 39: ['TYRE_CRITICAL']
[Tripwire] Lap 39: ['TYRE_CRITICAL']
[Tripwire] Lap 39: ['TYRE_CRITICAL']
[Tripwire] Lap 39: ['TYRE_CRITICAL']
[Tripwire] Lap 39: ['TYRE_CRITICAL']
[Tripwire] Lap 39: ['TYRE_CRITICAL']
[Tripwire] Lap 39: ['TYRE_CRITICAL']
[Tripwire] Lap 39: ['TYRE_CRITICAL']
[Tripwire] Lap 39: ['TYRE_CRITICAL']
[Tripwire] Lap 39: ['TYRE_CRITICAL']
[Tripwire] Lap 39: ['TYRE_CRITICAL']
[Tripwire] Lap 39: ['TYRE_CRITICAL']
[Tripwire] Lap 39: ['TYRE_CRITICAL']
[Tripwire] Lap 39: ['TYRE_CRITICAL']
[Tripwire] Lap 39: ['TYRE_CRITICAL']
[Tripwire] Lap 39: ['TYRE_CRITICAL']
[Tripwire] Lap 39: ['TYRE_CRITICAL']
[Tripwire] Lap 39: ['TYRE_CRITICAL']
[Tripwire] Lap 39: ['TYRE_CRITICAL']
[Tripwire] Lap 39: ['TYRE_CRITICAL']
[Tripwire] Lap 39: ['TYRE_CRITICAL']
[Tripwire] Lap 39: ['TYRE_CRITICAL']
[Tripwire] Lap 39: ['TYRE_CRITICAL']
[Tripwire] Lap 39: ['TYRE_CRITICAL']
[Tripwire] Lap 39: ['TYRE_CRITICAL']
[Tripwire] Lap 39: ['TYRE_CRITICAL']
[Tripwire] Lap 39: ['TYRE_CRITICAL']
[Tripwire] Lap 39: ['TYRE_CRITICAL']
[Tripwire] Lap 39: ['TYRE_CRITICAL']
[Tripwire] Lap 39: ['TYRE_CRITICAL']
[Tripwire] Lap 39: ['TYRE_CRITICAL']
[Tripwire] Lap 39: ['TYRE_CRITICAL']
[Tripwire] Lap 39: ['TYRE_CRITICAL']
[Tripwire] Lap 39: ['TYRE_CRITICAL']
[Tripwire] Lap 39: ['TYRE_CRITICAL']
[Tripwire] Lap 39: ['TYRE_CRITICAL']
[Tripwire] Lap 39: ['TYRE_CRITICAL']
[Tripwire] Lap 39: ['TYRE_CRITICAL']
[Tripwire] Lap 39: ['TYRE_CRITICAL']
[Tripwire] Lap 39: ['TYRE_CRITICAL']
[Tripwire] Lap 39: ['TYRE_CRITICAL']
[Tripwire] Lap 39: ['TYRE_CRITICAL']
[Tripwire] Lap 39: ['TYRE_CRITICAL']
[Tripwire] Lap 39: ['TYRE_CRITICAL']
[Tripwire] Lap 39: ['TYRE_CRITICAL']
[Tripwire] Lap 39: ['PACE_DROP', 'TYRE_CRITICAL']
[Tripwire] Lap 39: ['PACE_DROP', 'TYRE_CRITICAL']
[Tripwire] Lap 39: ['PACE_DROP', 'TYRE_CRITICAL']
[Tripwire] Lap 40: ['PACE_DROP', 'THROTTLE_BRAKE_OVERLAP']
[Tripwire] Lap 40: ['PACE_DROP']
[Tripwire] Lap 40: ['THROTTLE_BRAKE_OVERLAP']
[Tripwire] Lap 40: ['THROTTLE_BRAKE_OVERLAP']
[Tripwire] Lap 40: ['THROTTLE_BRAKE_OVERLAP']
[Tripwire] Lap 40: ['THROTTLE_BRAKE_OVERLAP']
[Tripwire] Lap 40: ['THROTTLE_BRAKE_OVERLAP']
[Tripwire] Lap 40: ['THROTTLE_BRAKE_OVERLAP']
[Tripwire] Lap 40: ['THROTTLE_BRAKE_OVERLAP']
[Tripwire] Lap 40: ['THROTTLE_BRAKE_OVERLAP']
[Tripwire] Lap 40: ['THROTTLE_BRAKE_OVERLAP']
[Tripwire] Lap 40: ['THROTTLE_BRAKE_OVERLAP']
[Tripwire] Lap 40: ['THROTTLE_BRAKE_OVERLAP']
[Tripwire] Lap 40: ['THROTTLE_BRAKE_OVERLAP']
[Tripwire] Lap 40: ['THROTTLE_BRAKE_OVERLAP']
[Tripwire] Lap 40: ['THROTTLE_BRAKE_OVERLAP']
[Tripwire] Lap 40: ['THROTTLE_BRAKE_OVERLAP']
[Tripwire] Lap 40: ['THROTTLE_BRAKE_OVERLAP']
[Tripwire] Lap 40: ['THROTTLE_BRAKE_OVERLAP']
[Tripwire] Lap 40: ['THROTTLE_BRAKE_OVERLAP']
[Tripwire] Lap 40: ['THROTTLE_BRAKE_OVERLAP']
[Tripwire] Lap 40: ['THROTTLE_BRAKE_OVERLAP']
[Tripwire] Lap 40: ['THROTTLE_BRAKE_OVERLAP']
[Tripwire] Lap 40: ['THROTTLE_BRAKE_OVERLAP']
[Tripwire] Lap 40: ['THROTTLE_BRAKE_OVERLAP']
[Tripwire] Lap 40: ['THROTTLE_BRAKE_OVERLAP']
[Tripwire] Lap 40: ['THROTTLE_BRAKE_OVERLAP']
[Tripwire] Lap 40: ['THROTTLE_BRAKE_OVERLAP']
[Tripwire] Lap 40: ['THROTTLE_BRAKE_OVERLAP']
[Tripwire] Lap 40: ['PACE_DROP']
[Tripwire] Lap 40: ['PACE_DROP']
[Tripwire] Lap 40: ['PACE_DROP']
[Tripwire] Lap 40: ['PACE_DROP']
[Tripwire] Lap 40: ['PACE_DROP']
[Tripwire] Lap 40: ['TYRE_CRITICAL']
[Tripwire] Lap 40: ['TYRE_CRITICAL']
[Tripwire] Lap 40: ['TYRE_CRITICAL']
[Tripwire] Lap 40: ['TYRE_CRITICAL']
[Tripwire] Lap 40: ['TYRE_CRITICAL']
[Tripwire] Lap 40: ['TYRE_CRITICAL']
[Tripwire] Lap 40: ['TYRE_CRITICAL']
[Tripwire] Lap 40: ['TYRE_CRITICAL']
[Tripwire] Lap 40: ['TYRE_CRITICAL']
[Tripwire] Lap 40: ['TYRE_CRITICAL']
[Tripwire] Lap 40: ['TYRE_CRITICAL']
[Tripwire] Lap 40: ['TYRE_CRITICAL']
[Tripwire] Lap 40: ['TYRE_CRITICAL']
[Tripwire] Lap 40: ['TYRE_CRITICAL']
[Tripwire] Lap 40: ['TYRE_CRITICAL']
[Tripwire] Lap 40: ['TYRE_CRITICAL']
[Tripwire] Lap 40: ['TYRE_CRITICAL']
[Tripwire] Lap 40: ['TYRE_CRITICAL']
[Tripwire] Lap 40: ['TYRE_CRITICAL']
[Tripwire] Lap 40: ['TYRE_CRITICAL']
[Tripwire] Lap 40: ['TYRE_CRITICAL']
[Tripwire] Lap 40: ['TYRE_CRITICAL']
[Tripwire] Lap 40: ['TYRE_CRITICAL']
[Tripwire] Lap 40: ['TYRE_CRITICAL']
[Tripwire] Lap 40: ['TYRE_CRITICAL']
[Tripwire] Lap 40: ['TYRE_CRITICAL']
[Tripwire] Lap 40: ['TYRE_CRITICAL']
[Tripwire] Lap 40: ['TYRE_CRITICAL']
[Tripwire] Lap 40: ['TYRE_CRITICAL']
[Tripwire] Lap 40: ['TYRE_CRITICAL']
[Tripwire] Lap 40: ['TYRE_CRITICAL']
[Tripwire] Lap 40: ['TYRE_CRITICAL']
[Tripwire] Lap 40: ['TYRE_CRITICAL']
[Tripwire] Lap 40: ['TYRE_CRITICAL']
[Tripwire] Lap 40: ['TYRE_CRITICAL']
[Tripwire] Lap 40: ['TYRE_CRITICAL']
[Tripwire] Lap 40: ['TYRE_CRITICAL']
[Tripwire] Lap 40: ['TYRE_CRITICAL']
[Tripwire] Lap 40: ['TYRE_CRITICAL']
[Tripwire] Lap 40: ['TYRE_CRITICAL']
[Tripwire] Lap 40: ['TYRE_CRITICAL']
[Tripwire] Lap 40: ['TYRE_CRITICAL']
[Tripwire] Lap 40: ['TYRE_CRITICAL']
[Tripwire] Lap 40: ['TYRE_CRITICAL']
[Tripwire] Lap 40: ['TYRE_CRITICAL']
[Tripwire] Lap 40: ['TYRE_CRITICAL']
[Tripwire] Lap 40: ['TYRE_CRITICAL']
[Tripwire] Lap 40: ['TYRE_CRITICAL']
[Tripwire] Lap 40: ['TYRE_CRITICAL']
[Tripwire] Lap 40: ['TYRE_CRITICAL']
[Tripwire] Lap 40: ['TYRE_CRITICAL']
[Tripwire] Lap 40: ['TYRE_CRITICAL']
[Tripwire] Lap 40: ['TYRE_CRITICAL']
[Tripwire] Lap 40: ['TYRE_CRITICAL']
[Tripwire] Lap 40: ['TYRE_CRITICAL']
[Tripwire] Lap 40: ['TYRE_CRITICAL']
[Tripwire] Lap 40: ['TYRE_CRITICAL']
[Tripwire] Lap 40: ['TYRE_CRITICAL']
[Tripwire] Lap 40: ['TYRE_CRITICAL']
[Tripwire] Lap 40: ['TYRE_CRITICAL']
[Tripwire] Lap 40: ['TYRE_CRITICAL']
[Tripwire] Lap 40: ['PACE_DROP', 'THROTTLE_BRAKE_OVERLAP', 'TYRE_CRITICAL']
[Tripwire] Lap 40: ['PACE_DROP', 'TYRE_CRITICAL']
[Tripwire] Lap 40: ['PACE_DROP', 'TYRE_CRITICAL']
[Tripwire] Lap 41: ['PACE_DROP']
[Tripwire] Lap 41: ['PACE_DROP']
[Tripwire] Lap 41: ['PACE_DROP']
[Tripwire] Lap 41: ['THROTTLE_BRAKE_OVERLAP']
[Tripwire] Lap 41: ['THROTTLE_BRAKE_OVERLAP']
[Tripwire] Lap 41: ['THROTTLE_BRAKE_OVERLAP']
[Tripwire] Lap 41: ['THROTTLE_BRAKE_OVERLAP']
[Tripwire] Lap 41: ['THROTTLE_BRAKE_OVERLAP']
[Tripwire] Lap 41: ['THROTTLE_BRAKE_OVERLAP']
[Tripwire] Lap 41: ['THROTTLE_BRAKE_OVERLAP']
[Tripwire] Lap 41: ['THROTTLE_BRAKE_OVERLAP']
[Tripwire] Lap 41: ['THROTTLE_BRAKE_OVERLAP']
[Tripwire] Lap 41: ['THROTTLE_BRAKE_OVERLAP']
[Tripwire] Lap 41: ['THROTTLE_BRAKE_OVERLAP']
[Tripwire] Lap 41: ['THROTTLE_BRAKE_OVERLAP']
[Tripwire] Lap 41: ['THROTTLE_BRAKE_OVERLAP']
[Tripwire] Lap 41: ['THROTTLE_BRAKE_OVERLAP']
[Tripwire] Lap 41: ['THROTTLE_BRAKE_OVERLAP']
[Tripwire] Lap 41: ['THROTTLE_BRAKE_OVERLAP']
[Tripwire] Lap 41: ['THROTTLE_BRAKE_OVERLAP']
[Tripwire] Lap 41: ['THROTTLE_BRAKE_OVERLAP']
[Tripwire] Lap 41: ['THROTTLE_BRAKE_OVERLAP']
[Tripwire] Lap 41: ['THROTTLE_BRAKE_OVERLAP']
[Tripwire] Lap 41: ['THROTTLE_BRAKE_OVERLAP']
[Tripwire] Lap 41: ['THROTTLE_BRAKE_OVERLAP']
[Tripwire] Lap 41: ['THROTTLE_BRAKE_OVERLAP']
[Tripwire] Lap 41: ['THROTTLE_BRAKE_OVERLAP']
[Tripwire] Lap 41: ['THROTTLE_BRAKE_OVERLAP']
[Tripwire] Lap 41: ['THROTTLE_BRAKE_OVERLAP']
[Tripwire] Lap 41: ['THROTTLE_BRAKE_OVERLAP']
[Tripwire] Lap 41: ['THROTTLE_BRAKE_OVERLAP']
[Tripwire] Lap 41: ['THROTTLE_BRAKE_OVERLAP']
[Tripwire] Lap 41: ['PACE_DROP']
[Tripwire] Lap 41: ['PACE_DROP']
[Tripwire] Lap 41: ['PACE_DROP']
[Tripwire] Lap 41: ['PACE_DROP']
[Tripwire] Lap 41: ['PACE_DROP']
[Tripwire] Lap 41: ['PACE_DROP']
[Tripwire] Lap 41: ['PACE_DROP']
[Tripwire] Lap 41: ['TYRE_CRITICAL']
[Tripwire] Lap 41: ['TYRE_CRITICAL']
[Tripwire] Lap 41: ['TYRE_CRITICAL']
[Tripwire] Lap 41: ['TYRE_CRITICAL']
[Tripwire] Lap 41: ['TYRE_CRITICAL']
[Tripwire] Lap 41: ['TYRE_CRITICAL']
[Tripwire] Lap 41: ['TYRE_CRITICAL']
[Tripwire] Lap 41: ['TYRE_CRITICAL']
[Tripwire] Lap 41: ['TYRE_CRITICAL']
[Tripwire] Lap 41: ['TYRE_CRITICAL']
[Tripwire] Lap 41: ['TYRE_CRITICAL']
[Tripwire] Lap 41: ['TYRE_CRITICAL']
[Tripwire] Lap 41: ['TYRE_CRITICAL']
[Tripwire] Lap 41: ['TYRE_CRITICAL']
[Tripwire] Lap 41: ['TYRE_CRITICAL']
[Tripwire] Lap 41: ['TYRE_CRITICAL']
[Tripwire] Lap 41: ['TYRE_CRITICAL']
[Tripwire] Lap 41: ['TYRE_CRITICAL']
[Tripwire] Lap 41: ['TYRE_CRITICAL']
[Tripwire] Lap 41: ['TYRE_CRITICAL']
[Tripwire] Lap 41: ['TYRE_CRITICAL']
[Tripwire] Lap 41: ['TYRE_CRITICAL']
[Tripwire] Lap 41: ['TYRE_CRITICAL']
[Tripwire] Lap 41: ['TYRE_CRITICAL']
[Tripwire] Lap 41: ['TYRE_CRITICAL']
[Tripwire] Lap 41: ['TYRE_CRITICAL']
[Tripwire] Lap 41: ['TYRE_CRITICAL']
[Tripwire] Lap 41: ['TYRE_CRITICAL']
[Tripwire] Lap 41: ['TYRE_CRITICAL']
[Tripwire] Lap 41: ['TYRE_CRITICAL']
[Tripwire] Lap 41: ['TYRE_CRITICAL']
[Tripwire] Lap 41: ['TYRE_CRITICAL']
[Tripwire] Lap 41: ['TYRE_CRITICAL']
[Tripwire] Lap 41: ['TYRE_CRITICAL']
[Tripwire] Lap 41: ['TYRE_CRITICAL']
[Tripwire] Lap 41: ['TYRE_CRITICAL']
[Tripwire] Lap 41: ['TYRE_CRITICAL']
[Tripwire] Lap 41: ['TYRE_CRITICAL']
[Tripwire] Lap 41: ['TYRE_CRITICAL']
[Tripwire] Lap 41: ['TYRE_CRITICAL']
[Tripwire] Lap 41: ['TYRE_CRITICAL']
[Tripwire] Lap 41: ['TYRE_CRITICAL']
[Tripwire] Lap 41: ['PACE_DROP', 'TYRE_CRITICAL']
[Tripwire] Lap 41: ['TYRE_CRITICAL']
[Tripwire] Lap 41: ['TYRE_CRITICAL']
[Tripwire] Lap 41: ['TYRE_CRITICAL']
[Tripwire] Lap 41: ['TYRE_CRITICAL']
[Tripwire] Lap 41: ['TYRE_CRITICAL']
[Tripwire] Lap 41: ['TYRE_CRITICAL']
[Tripwire] Lap 41: ['TYRE_CRITICAL']
[Tripwire] Lap 41: ['TYRE_CRITICAL']
[Tripwire] Lap 41: ['TYRE_CRITICAL']
[Tripwire] Lap 41: ['TYRE_CRITICAL']
[Tripwire] Lap 41: ['TYRE_CRITICAL']
[Tripwire] Lap 41: ['TYRE_CRITICAL']
[Tripwire] Lap 41: ['TYRE_CRITICAL']
[Tripwire] Lap 41: ['TYRE_CRITICAL']
[Tripwire] Lap 41: ['TYRE_CRITICAL']
[Tripwire] Lap 41: ['TYRE_CRITICAL']
[Tripwire] Lap 41: ['TYRE_CRITICAL']
[Tripwire] Lap 41: ['TYRE_CRITICAL']
[Tripwire] Lap 41: ['PACE_DROP', 'TYRE_CRITICAL']
[Tripwire] Lap 41: ['PACE_DROP', 'TYRE_CRITICAL']
[Tripwire] Lap 41: ['PACE_DROP', 'TYRE_CRITICAL']
[Tripwire] Lap 42: ['PACE_DROP', 'THROTTLE_BRAKE_OVERLAP']
[Tripwire] Lap 42: ['PACE_DROP']
[Tripwire] Lap 42: ['THROTTLE_BRAKE_OVERLAP']
[Tripwire] Lap 42: ['THROTTLE_BRAKE_OVERLAP']
[Tripwire] Lap 42: ['THROTTLE_BRAKE_OVERLAP']
[Tripwire] Lap 42: ['THROTTLE_BRAKE_OVERLAP']
[Tripwire] Lap 42: ['THROTTLE_BRAKE_OVERLAP']
[Tripwire] Lap 42: ['THROTTLE_BRAKE_OVERLAP']
[Tripwire] Lap 42: ['THROTTLE_BRAKE_OVERLAP']
[Tripwire] Lap 42: ['THROTTLE_BRAKE_OVERLAP']
[Tripwire] Lap 42: ['THROTTLE_BRAKE_OVERLAP']
[Tripwire] Lap 42: ['THROTTLE_BRAKE_OVERLAP']
[Tripwire] Lap 42: ['THROTTLE_BRAKE_OVERLAP']
[Tripwire] Lap 42: ['THROTTLE_BRAKE_OVERLAP']
[Tripwire] Lap 42: ['THROTTLE_BRAKE_OVERLAP']
[Tripwire] Lap 42: ['THROTTLE_BRAKE_OVERLAP']
[Tripwire] Lap 42: ['THROTTLE_BRAKE_OVERLAP']
[Tripwire] Lap 42: ['THROTTLE_BRAKE_OVERLAP']
[Tripwire] Lap 42: ['THROTTLE_BRAKE_OVERLAP']
[Tripwire] Lap 42: ['THROTTLE_BRAKE_OVERLAP']
[Tripwire] Lap 42: ['THROTTLE_BRAKE_OVERLAP']
[Tripwire] Lap 42: ['THROTTLE_BRAKE_OVERLAP']
[Tripwire] Lap 42: ['THROTTLE_BRAKE_OVERLAP']
[Tripwire] Lap 42: ['THROTTLE_BRAKE_OVERLAP']
[Tripwire] Lap 42: ['THROTTLE_BRAKE_OVERLAP']
[Tripwire] Lap 42: ['THROTTLE_BRAKE_OVERLAP']
[Tripwire] Lap 42: ['THROTTLE_BRAKE_OVERLAP']
[Tripwire] Lap 42: ['THROTTLE_BRAKE_OVERLAP']
[Tripwire] Lap 42: ['THROTTLE_BRAKE_OVERLAP']
[Tripwire] Lap 42: ['THROTTLE_BRAKE_OVERLAP']
[Tripwire] Lap 42: ['THROTTLE_BRAKE_OVERLAP']
[Tripwire] Lap 42: ['THROTTLE_BRAKE_OVERLAP']
[Tripwire] Lap 42: ['THROTTLE_BRAKE_OVERLAP']
[Tripwire] Lap 42: ['PACE_DROP']
[Tripwire] Lap 42: ['PACE_DROP']
[Tripwire] Lap 42: ['PACE_DROP']
[Tripwire] Lap 42: ['PACE_DROP']
[Tripwire] Lap 42: ['PACE_DROP']
[Tripwire] Lap 42: ['TYRE_CRITICAL']
[Tripwire] Lap 42: ['TYRE_CRITICAL']
[Tripwire] Lap 42: ['TYRE_CRITICAL']
[Tripwire] Lap 42: ['TYRE_CRITICAL']
[Tripwire] Lap 42: ['TYRE_CRITICAL']
[Tripwire] Lap 42: ['TYRE_CRITICAL']
[Tripwire] Lap 42: ['TYRE_CRITICAL']
[Tripwire] Lap 42: ['TYRE_CRITICAL']
[Tripwire] Lap 42: ['TYRE_CRITICAL']
[Tripwire] Lap 42: ['TYRE_CRITICAL']
[Tripwire] Lap 42: ['TYRE_CRITICAL']
[Tripwire] Lap 42: ['TYRE_CRITICAL']
[Tripwire] Lap 42: ['TYRE_CRITICAL']
[Tripwire] Lap 42: ['TYRE_CRITICAL']
[Tripwire] Lap 42: ['TYRE_CRITICAL']
[Tripwire] Lap 42: ['TYRE_CRITICAL']
[Tripwire] Lap 42: ['TYRE_CRITICAL']
[Tripwire] Lap 42: ['TYRE_CRITICAL']
[Tripwire] Lap 42: ['TYRE_CRITICAL']
[Tripwire] Lap 42: ['TYRE_CRITICAL']
[Tripwire] Lap 42: ['TYRE_CRITICAL']
[Tripwire] Lap 42: ['TYRE_CRITICAL']
[Tripwire] Lap 42: ['TYRE_CRITICAL']
[Tripwire] Lap 42: ['TYRE_CRITICAL']
[Tripwire] Lap 42: ['TYRE_CRITICAL']
[Tripwire] Lap 42: ['TYRE_CRITICAL']
[Tripwire] Lap 42: ['TYRE_CRITICAL']
[Tripwire] Lap 42: ['TYRE_CRITICAL']
[Tripwire] Lap 42: ['TYRE_CRITICAL']
[Tripwire] Lap 42: ['TYRE_CRITICAL']
[Tripwire] Lap 42: ['TYRE_CRITICAL']
[Tripwire] Lap 42: ['TYRE_CRITICAL']
[Tripwire] Lap 42: ['TYRE_CRITICAL']
[Tripwire] Lap 42: ['TYRE_CRITICAL']
[Tripwire] Lap 42: ['TYRE_CRITICAL']
[Tripwire] Lap 42: ['TYRE_CRITICAL']
[Tripwire] Lap 42: ['TYRE_CRITICAL']
[Tripwire] Lap 42: ['TYRE_CRITICAL']
[Tripwire] Lap 42: ['TYRE_CRITICAL']
[Tripwire] Lap 42: ['TYRE_CRITICAL']
[Tripwire] Lap 42: ['TYRE_CRITICAL']
[Tripwire] Lap 42: ['TYRE_CRITICAL']
[Tripwire] Lap 42: ['TYRE_CRITICAL']
[Tripwire] Lap 42: ['TYRE_CRITICAL']
[Tripwire] Lap 42: ['TYRE_CRITICAL']
[Tripwire] Lap 42: ['TYRE_CRITICAL']
[Tripwire] Lap 42: ['TYRE_CRITICAL']
[Tripwire] Lap 42: ['TYRE_CRITICAL']
[Tripwire] Lap 42: ['TYRE_CRITICAL']
[Tripwire] Lap 42: ['TYRE_CRITICAL']
[Tripwire] Lap 42: ['TYRE_CRITICAL']
[Tripwire] Lap 42: ['TYRE_CRITICAL']
[Tripwire] Lap 42: ['TYRE_CRITICAL']
[Tripwire] Lap 42: ['TYRE_CRITICAL']
[Tripwire] Lap 42: ['TYRE_CRITICAL']
[Tripwire] Lap 42: ['TYRE_CRITICAL']
[Tripwire] Lap 42: ['TYRE_CRITICAL']
[Tripwire] Lap 42: ['TYRE_CRITICAL']
[Tripwire] Lap 42: ['TYRE_CRITICAL']
[Tripwire] Lap 42: ['TYRE_CRITICAL']
[Tripwire] Lap 42: ['TYRE_CRITICAL']
[Tripwire] Lap 42: ['TYRE_CRITICAL']
[Tripwire] Lap 42: ['PACE_DROP', 'TYRE_CRITICAL']
[Tripwire] Lap 42: ['PACE_DROP', 'THROTTLE_BRAKE_OVERLAP', 'TYRE_CRITICAL']
[Tripwire] Lap 42: ['PACE_DROP', 'TYRE_CRITICAL']
[Tripwire] Lap 43: ['PACE_DROP', 'THROTTLE_BRAKE_OVERLAP']
[Tripwire] Lap 43: ['PACE_DROP']
[Tripwire] Lap 43: ['PACE_DROP']
[Tripwire] Lap 43: ['THROTTLE_BRAKE_OVERLAP']
[Tripwire] Lap 43: ['THROTTLE_BRAKE_OVERLAP']
[Tripwire] Lap 43: ['THROTTLE_BRAKE_OVERLAP']
[Tripwire] Lap 43: ['THROTTLE_BRAKE_OVERLAP']
[Tripwire] Lap 43: ['THROTTLE_BRAKE_OVERLAP']
[Tripwire] Lap 43: ['THROTTLE_BRAKE_OVERLAP']
[Tripwire] Lap 43: ['THROTTLE_BRAKE_OVERLAP']
[Tripwire] Lap 43: ['THROTTLE_BRAKE_OVERLAP']
[Tripwire] Lap 43: ['THROTTLE_BRAKE_OVERLAP']
[Tripwire] Lap 43: ['THROTTLE_BRAKE_OVERLAP']
[Tripwire] Lap 43: ['THROTTLE_BRAKE_OVERLAP']
[Tripwire] Lap 43: ['THROTTLE_BRAKE_OVERLAP']
[Tripwire] Lap 43: ['THROTTLE_BRAKE_OVERLAP']
[Tripwire] Lap 43: ['THROTTLE_BRAKE_OVERLAP']
[Tripwire] Lap 43: ['THROTTLE_BRAKE_OVERLAP']
[Tripwire] Lap 43: ['THROTTLE_BRAKE_OVERLAP']
[Tripwire] Lap 43: ['THROTTLE_BRAKE_OVERLAP']
[Tripwire] Lap 43: ['THROTTLE_BRAKE_OVERLAP']
[Tripwire] Lap 43: ['THROTTLE_BRAKE_OVERLAP']
[Tripwire] Lap 43: ['THROTTLE_BRAKE_OVERLAP']
[Tripwire] Lap 43: ['THROTTLE_BRAKE_OVERLAP']
[Tripwire] Lap 43: ['THROTTLE_BRAKE_OVERLAP']
[Tripwire] Lap 43: ['THROTTLE_BRAKE_OVERLAP']
[Tripwire] Lap 43: ['THROTTLE_BRAKE_OVERLAP']
[Tripwire] Lap 43: ['THROTTLE_BRAKE_OVERLAP']
[Tripwire] Lap 43: ['THROTTLE_BRAKE_OVERLAP']
[Tripwire] Lap 43: ['THROTTLE_BRAKE_OVERLAP']
[Tripwire] Lap 43: ['THROTTLE_BRAKE_OVERLAP']
[Tripwire] Lap 43: ['THROTTLE_BRAKE_OVERLAP']
[Tripwire] Lap 43: ['THROTTLE_BRAKE_OVERLAP']
[Tripwire] Lap 43: ['THROTTLE_BRAKE_OVERLAP']
[Tripwire] Lap 43: ['THROTTLE_BRAKE_OVERLAP']
[Tripwire] Lap 43: ['THROTTLE_BRAKE_OVERLAP']
[Tripwire] Lap 43: ['THROTTLE_BRAKE_OVERLAP']
[Tripwire] Lap 43: ['THROTTLE_BRAKE_OVERLAP']
[Tripwire] Lap 43: ['THROTTLE_BRAKE_OVERLAP']
[Tripwire] Lap 43: ['THROTTLE_BRAKE_OVERLAP']
[Tripwire] Lap 43: ['PACE_DROP']
[Tripwire] Lap 43: ['PACE_DROP']
[Tripwire] Lap 43: ['PACE_DROP']
[Tripwire] Lap 43: ['PACE_DROP']
[Tripwire] Lap 43: ['TYRE_CRITICAL']
[Tripwire] Lap 43: ['TYRE_CRITICAL']
[Tripwire] Lap 43: ['TYRE_CRITICAL']
[Tripwire] Lap 43: ['TYRE_CRITICAL']
[Tripwire] Lap 43: ['TYRE_CRITICAL']
[Tripwire] Lap 43: ['TYRE_CRITICAL']
[Tripwire] Lap 43: ['TYRE_CRITICAL']
[Tripwire] Lap 43: ['TYRE_CRITICAL']
[Tripwire] Lap 43: ['TYRE_CRITICAL']
[Tripwire] Lap 43: ['TYRE_CRITICAL']
[Tripwire] Lap 43: ['TYRE_CRITICAL']
[Tripwire] Lap 43: ['TYRE_CRITICAL']
[Tripwire] Lap 43: ['TYRE_CRITICAL']
[Tripwire] Lap 43: ['TYRE_CRITICAL']
[Tripwire] Lap 43: ['TYRE_CRITICAL']
[Tripwire] Lap 43: ['TYRE_CRITICAL']
[Tripwire] Lap 43: ['TYRE_CRITICAL']
[Tripwire] Lap 43: ['TYRE_CRITICAL']
[Tripwire] Lap 43: ['TYRE_CRITICAL']
[Tripwire] Lap 43: ['TYRE_CRITICAL']
[Tripwire] Lap 43: ['TYRE_CRITICAL']
[Tripwire] Lap 43: ['TYRE_CRITICAL']
[Tripwire] Lap 43: ['TYRE_CRITICAL']
[Tripwire] Lap 43: ['TYRE_CRITICAL']
[Tripwire] Lap 43: ['TYRE_CRITICAL']
[Tripwire] Lap 43: ['TYRE_CRITICAL']
[Tripwire] Lap 43: ['TYRE_CRITICAL']
[Tripwire] Lap 43: ['TYRE_CRITICAL']
[Tripwire] Lap 43: ['TYRE_CRITICAL']
[Tripwire] Lap 43: ['TYRE_CRITICAL']
[Tripwire] Lap 43: ['TYRE_CRITICAL']
[Tripwire] Lap 43: ['TYRE_CRITICAL']
[Tripwire] Lap 43: ['TYRE_CRITICAL']
[Tripwire] Lap 43: ['TYRE_CRITICAL']
[Tripwire] Lap 43: ['TYRE_CRITICAL']
[Tripwire] Lap 43: ['TYRE_CRITICAL']
[Tripwire] Lap 43: ['TYRE_CRITICAL']
[Tripwire] Lap 43: ['TYRE_CRITICAL']
[Tripwire] Lap 43: ['TYRE_CRITICAL']
[Tripwire] Lap 43: ['TYRE_CRITICAL']
[Tripwire] Lap 43: ['TYRE_CRITICAL']
[Tripwire] Lap 43: ['TYRE_CRITICAL']
[Tripwire] Lap 43: ['TYRE_CRITICAL']
[Tripwire] Lap 43: ['TYRE_CRITICAL']
[Tripwire] Lap 43: ['TYRE_CRITICAL']
[Tripwire] Lap 43: ['TYRE_CRITICAL']
[Tripwire] Lap 43: ['TYRE_CRITICAL']
[Tripwire] Lap 43: ['TYRE_CRITICAL']
[Tripwire] Lap 43: ['TYRE_CRITICAL']
[Tripwire] Lap 43: ['TYRE_CRITICAL']
[Tripwire] Lap 43: ['TYRE_CRITICAL']
[Tripwire] Lap 43: ['TYRE_CRITICAL']
[Tripwire] Lap 43: ['TYRE_CRITICAL']
[Tripwire] Lap 43: ['TYRE_CRITICAL']
[Tripwire] Lap 43: ['TYRE_CRITICAL']
[Tripwire] Lap 43: ['TYRE_CRITICAL']
[Tripwire] Lap 43: ['TYRE_CRITICAL']
[Tripwire] Lap 43: ['TYRE_CRITICAL']
[Tripwire] Lap 43: ['TYRE_CRITICAL']
[Tripwire] Lap 43: ['TYRE_CRITICAL']
[Tripwire] Lap 43: ['TYRE_CRITICAL']
[Tripwire] Lap 43: ['TYRE_CRITICAL']
[Tripwire] Lap 43: ['PACE_DROP', 'THROTTLE_BRAKE_OVERLAP', 'TYRE_CRITICAL']
[Tripwire] Lap 43: ['PACE_DROP', 'TYRE_CRITICAL']
[Tripwire] Lap 43: ['PACE_DROP', 'THROTTLE_BRAKE_OVERLAP', 'TYRE_CRITICAL']
[Tripwire] Lap 44: ['PACE_DROP']
[Tripwire] Lap 44: ['PACE_DROP']
[Tripwire] Lap 44: ['PACE_DROP']
[Tripwire] Lap 44: ['THROTTLE_BRAKE_OVERLAP']
[Tripwire] Lap 44: ['THROTTLE_BRAKE_OVERLAP']
[Tripwire] Lap 44: ['THROTTLE_BRAKE_OVERLAP']
[Tripwire] Lap 44: ['THROTTLE_BRAKE_OVERLAP']
[Tripwire] Lap 44: ['THROTTLE_BRAKE_OVERLAP']
[Tripwire] Lap 44: ['THROTTLE_BRAKE_OVERLAP']
[Tripwire] Lap 44: ['THROTTLE_BRAKE_OVERLAP']
[Tripwire] Lap 44: ['THROTTLE_BRAKE_OVERLAP']
[Tripwire] Lap 44: ['THROTTLE_BRAKE_OVERLAP']
[Tripwire] Lap 44: ['THROTTLE_BRAKE_OVERLAP']
[Tripwire] Lap 44: ['THROTTLE_BRAKE_OVERLAP']
[Tripwire] Lap 44: ['THROTTLE_BRAKE_OVERLAP']
[Tripwire] Lap 44: ['THROTTLE_BRAKE_OVERLAP']
[Tripwire] Lap 44: ['THROTTLE_BRAKE_OVERLAP']
[Tripwire] Lap 44: ['THROTTLE_BRAKE_OVERLAP']
[Tripwire] Lap 44: ['THROTTLE_BRAKE_OVERLAP']
[Tripwire] Lap 44: ['THROTTLE_BRAKE_OVERLAP']
[Tripwire] Lap 44: ['THROTTLE_BRAKE_OVERLAP']
[Tripwire] Lap 44: ['THROTTLE_BRAKE_OVERLAP']
[Tripwire] Lap 44: ['THROTTLE_BRAKE_OVERLAP']
[Tripwire] Lap 44: ['THROTTLE_BRAKE_OVERLAP']
[Tripwire] Lap 44: ['THROTTLE_BRAKE_OVERLAP']
[Tripwire] Lap 44: ['THROTTLE_BRAKE_OVERLAP']
[Tripwire] Lap 44: ['THROTTLE_BRAKE_OVERLAP']
[Tripwire] Lap 44: ['THROTTLE_BRAKE_OVERLAP']
[Tripwire] Lap 44: ['THROTTLE_BRAKE_OVERLAP']
[Tripwire] Lap 44: ['THROTTLE_BRAKE_OVERLAP']
[Tripwire] Lap 44: ['PACE_DROP']
[Tripwire] Lap 44: ['PACE_DROP']
[Tripwire] Lap 44: ['PACE_DROP']
[Tripwire] Lap 44: ['PACE_DROP']
[Tripwire] Lap 44: ['TYRE_CRITICAL']
[Tripwire] Lap 44: ['TYRE_CRITICAL']
[Tripwire] Lap 44: ['TYRE_CRITICAL']
[Tripwire] Lap 44: ['TYRE_CRITICAL']
[Tripwire] Lap 44: ['TYRE_CRITICAL']
[Tripwire] Lap 44: ['TYRE_CRITICAL']
[Tripwire] Lap 44: ['TYRE_CRITICAL']
[Tripwire] Lap 44: ['TYRE_CRITICAL']
[Tripwire] Lap 44: ['TYRE_CRITICAL']
[Tripwire] Lap 44: ['TYRE_CRITICAL']
[Tripwire] Lap 44: ['TYRE_CRITICAL']
[Tripwire] Lap 44: ['TYRE_CRITICAL']
[Tripwire] Lap 44: ['TYRE_CRITICAL']
[Tripwire] Lap 44: ['TYRE_CRITICAL']
[Tripwire] Lap 44: ['TYRE_CRITICAL']
[Tripwire] Lap 44: ['TYRE_CRITICAL']
[Tripwire] Lap 44: ['TYRE_CRITICAL']
[Tripwire] Lap 44: ['TYRE_CRITICAL']
[Tripwire] Lap 44: ['TYRE_CRITICAL']
[Tripwire] Lap 44: ['TYRE_CRITICAL']
[Tripwire] Lap 44: ['TYRE_CRITICAL']
[Tripwire] Lap 44: ['TYRE_CRITICAL']
[Tripwire] Lap 44: ['TYRE_CRITICAL']
[Tripwire] Lap 44: ['TYRE_CRITICAL']
[Tripwire] Lap 44: ['TYRE_CRITICAL']
[Tripwire] Lap 44: ['TYRE_CRITICAL']
[Tripwire] Lap 44: ['TYRE_CRITICAL']
[Tripwire] Lap 44: ['TYRE_CRITICAL']
[Tripwire] Lap 44: ['TYRE_CRITICAL']
[Tripwire] Lap 44: ['TYRE_CRITICAL']
[Tripwire] Lap 44: ['TYRE_CRITICAL']
[Tripwire] Lap 44: ['TYRE_CRITICAL']
[Tripwire] Lap 44: ['TYRE_CRITICAL']
[Tripwire] Lap 44: ['TYRE_CRITICAL']
[Tripwire] Lap 44: ['TYRE_CRITICAL']
[Tripwire] Lap 44: ['TYRE_CRITICAL']
[Tripwire] Lap 44: ['TYRE_CRITICAL']
[Tripwire] Lap 44: ['TYRE_CRITICAL']
[Tripwire] Lap 44: ['TYRE_CRITICAL']
[Tripwire] Lap 44: ['TYRE_CRITICAL']
[Tripwire] Lap 44: ['TYRE_CRITICAL']
[Tripwire] Lap 44: ['TYRE_CRITICAL']
[Tripwire] Lap 44: ['TYRE_CRITICAL']
[Tripwire] Lap 44: ['TYRE_CRITICAL']
[Tripwire] Lap 44: ['TYRE_CRITICAL']
[Tripwire] Lap 44: ['TYRE_CRITICAL']
[Tripwire] Lap 44: ['TYRE_CRITICAL']
[Tripwire] Lap 44: ['TYRE_CRITICAL']
[Tripwire] Lap 44: ['TYRE_CRITICAL']
[Tripwire] Lap 44: ['TYRE_CRITICAL']
[Tripwire] Lap 44: ['TYRE_CRITICAL']
[Tripwire] Lap 44: ['TYRE_CRITICAL']
[Tripwire] Lap 44: ['TYRE_CRITICAL']
[Tripwire] Lap 44: ['TYRE_CRITICAL']
[Tripwire] Lap 44: ['TYRE_CRITICAL']
[Tripwire] Lap 44: ['TYRE_CRITICAL']
[Tripwire] Lap 44: ['TYRE_CRITICAL']
[Tripwire] Lap 44: ['TYRE_CRITICAL']
[Tripwire] Lap 44: ['TYRE_CRITICAL']
[Tripwire] Lap 44: ['TYRE_CRITICAL']
[Tripwire] Lap 44: ['TYRE_CRITICAL']
[Tripwire] Lap 44: ['PACE_DROP', 'TYRE_CRITICAL']
[Tripwire] Lap 44: ['PACE_DROP', 'THROTTLE_BRAKE_OVERLAP', 'TYRE_CRITICAL']
[Tripwire] Lap 44: ['PACE_DROP', 'TYRE_CRITICAL']
[Tripwire] Lap 45: ['PACE_DROP']
[Tripwire] Lap 45: ['PACE_DROP', 'THROTTLE_BRAKE_OVERLAP']
[Tripwire] Lap 45: ['PACE_DROP']
[Tripwire] Lap 45: ['THROTTLE_BRAKE_OVERLAP']
[Tripwire] Lap 45: ['THROTTLE_BRAKE_OVERLAP']
[Tripwire] Lap 45: ['THROTTLE_BRAKE_OVERLAP']
[Tripwire] Lap 45: ['THROTTLE_BRAKE_OVERLAP']
[Tripwire] Lap 45: ['THROTTLE_BRAKE_OVERLAP']
[Tripwire] Lap 45: ['THROTTLE_BRAKE_OVERLAP']
[Tripwire] Lap 45: ['THROTTLE_BRAKE_OVERLAP']
[Tripwire] Lap 45: ['THROTTLE_BRAKE_OVERLAP']
[Tripwire] Lap 45: ['THROTTLE_BRAKE_OVERLAP']
[Tripwire] Lap 45: ['THROTTLE_BRAKE_OVERLAP']
[Tripwire] Lap 45: ['THROTTLE_BRAKE_OVERLAP']
[Tripwire] Lap 45: ['THROTTLE_BRAKE_OVERLAP']
[Tripwire] Lap 45: ['THROTTLE_BRAKE_OVERLAP']
[Tripwire] Lap 45: ['THROTTLE_BRAKE_OVERLAP']
[Tripwire] Lap 45: ['THROTTLE_BRAKE_OVERLAP']
[Tripwire] Lap 45: ['THROTTLE_BRAKE_OVERLAP']
[Tripwire] Lap 45: ['THROTTLE_BRAKE_OVERLAP']
[Tripwire] Lap 45: ['THROTTLE_BRAKE_OVERLAP']
[Tripwire] Lap 45: ['THROTTLE_BRAKE_OVERLAP']
[Tripwire] Lap 45: ['THROTTLE_BRAKE_OVERLAP']
[Tripwire] Lap 45: ['THROTTLE_BRAKE_OVERLAP']
[Tripwire] Lap 45: ['THROTTLE_BRAKE_OVERLAP']
[Tripwire] Lap 45: ['THROTTLE_BRAKE_OVERLAP']
[Tripwire] Lap 45: ['THROTTLE_BRAKE_OVERLAP']
[Tripwire] Lap 45: ['THROTTLE_BRAKE_OVERLAP']
[Tripwire] Lap 45: ['THROTTLE_BRAKE_OVERLAP']
[Tripwire] Lap 45: ['THROTTLE_BRAKE_OVERLAP']
[Tripwire] Lap 45: ['THROTTLE_BRAKE_OVERLAP']
[Tripwire] Lap 45: ['THROTTLE_BRAKE_OVERLAP']
[Tripwire] Lap 45: ['THROTTLE_BRAKE_OVERLAP']
[Tripwire] Lap 45: ['THROTTLE_BRAKE_OVERLAP']
[Tripwire] Lap 45: ['THROTTLE_BRAKE_OVERLAP']
[Tripwire] Lap 45: ['THROTTLE_BRAKE_OVERLAP']
[Tripwire] Lap 45: ['PACE_DROP']
[Tripwire] Lap 45: ['PACE_DROP']
[Tripwire] Lap 45: ['PACE_DROP']
[Tripwire] Lap 45: ['PACE_DROP']
[Tripwire] Lap 45: ['PACE_DROP']
[Tripwire] Lap 45: ['PACE_DROP']
[Tripwire] Lap 45: ['PACE_DROP']
[Tripwire] Lap 45: ['TYRE_CRITICAL']
[Tripwire] Lap 45: ['TYRE_CRITICAL']
[Tripwire] Lap 45: ['TYRE_CRITICAL']
[Tripwire] Lap 45: ['TYRE_CRITICAL']
[Tripwire] Lap 45: ['TYRE_CRITICAL']
[Tripwire] Lap 45: ['TYRE_CRITICAL']
[Tripwire] Lap 45: ['TYRE_CRITICAL']
[Tripwire] Lap 45: ['TYRE_CRITICAL']
[Tripwire] Lap 45: ['TYRE_CRITICAL']
[Tripwire] Lap 45: ['TYRE_CRITICAL']
[Tripwire] Lap 45: ['PACE_DROP', 'TYRE_CRITICAL']
[Tripwire] Lap 45: ['TYRE_CRITICAL']
[Tripwire] Lap 45: ['TYRE_CRITICAL']
[Tripwire] Lap 45: ['TYRE_CRITICAL']
[Tripwire] Lap 45: ['TYRE_CRITICAL']
[Tripwire] Lap 45: ['TYRE_CRITICAL']
[Tripwire] Lap 45: ['TYRE_CRITICAL']
[Tripwire] Lap 45: ['TYRE_CRITICAL']
[Tripwire] Lap 45: ['TYRE_CRITICAL']
[Tripwire] Lap 45: ['TYRE_CRITICAL']
[Tripwire] Lap 45: ['TYRE_CRITICAL']
[Tripwire] Lap 45: ['TYRE_CRITICAL']
[Tripwire] Lap 45: ['TYRE_CRITICAL']
[Tripwire] Lap 45: ['TYRE_CRITICAL']
[Tripwire] Lap 45: ['TYRE_CRITICAL']
[Tripwire] Lap 45: ['TYRE_CRITICAL']
[Tripwire] Lap 45: ['TYRE_CRITICAL']
[Tripwire] Lap 45: ['TYRE_CRITICAL']
[Tripwire] Lap 45: ['TYRE_CRITICAL']
[Tripwire] Lap 45: ['TYRE_CRITICAL']
[Tripwire] Lap 45: ['TYRE_CRITICAL']
[Tripwire] Lap 45: ['TYRE_CRITICAL']
[Tripwire] Lap 45: ['TYRE_CRITICAL']
[Tripwire] Lap 45: ['TYRE_CRITICAL']
[Tripwire] Lap 45: ['TYRE_CRITICAL']
[Tripwire] Lap 45: ['TYRE_CRITICAL']
[Tripwire] Lap 45: ['TYRE_CRITICAL']
[Tripwire] Lap 45: ['TYRE_CRITICAL']
[Tripwire] Lap 45: ['TYRE_CRITICAL']
[Tripwire] Lap 45: ['TYRE_CRITICAL']
[Tripwire] Lap 45: ['TYRE_CRITICAL']
[Tripwire] Lap 45: ['TYRE_CRITICAL']
[Tripwire] Lap 45: ['TYRE_CRITICAL']
[Tripwire] Lap 45: ['TYRE_CRITICAL']
[Tripwire] Lap 45: ['TYRE_CRITICAL']
[Tripwire] Lap 45: ['TYRE_CRITICAL']
[Tripwire] Lap 45: ['TYRE_CRITICAL']
[Tripwire] Lap 45: ['TYRE_CRITICAL']
[Tripwire] Lap 45: ['TYRE_CRITICAL']
[Tripwire] Lap 45: ['TYRE_CRITICAL']
[Tripwire] Lap 45: ['TYRE_CRITICAL']
[Tripwire] Lap 45: ['TYRE_CRITICAL']
[Tripwire] Lap 45: ['TYRE_CRITICAL']
[Tripwire] Lap 45: ['TYRE_CRITICAL']
[Tripwire] Lap 45: ['TYRE_CRITICAL']
[Tripwire] Lap 45: ['TYRE_CRITICAL']
[Tripwire] Lap 45: ['TYRE_CRITICAL']
[Tripwire] Lap 45: ['TYRE_CRITICAL']
[Tripwire] Lap 45: ['TYRE_CRITICAL']
[Tripwire] Lap 45: ['TYRE_CRITICAL']
[Tripwire] Lap 45: ['TYRE_CRITICAL']
[Tripwire] Lap 45: ['PACE_DROP', 'TYRE_CRITICAL']
[Tripwire] Lap 45: ['PACE_DROP', 'TYRE_CRITICAL']
[Tripwire] Lap 45: ['PACE_DROP', 'TYRE_CRITICAL']
[Tripwire] Lap 46: ['PACE_DROP']
[Tripwire] Lap 46: ['PACE_DROP']
[Tripwire] Lap 46: ['PACE_DROP', 'THROTTLE_BRAKE_OVERLAP']
[Tripwire] Lap 46: ['THROTTLE_BRAKE_OVERLAP']
[Tripwire] Lap 46: ['THROTTLE_BRAKE_OVERLAP']
[Tripwire] Lap 46: ['THROTTLE_BRAKE_OVERLAP']
[Tripwire] Lap 46: ['THROTTLE_BRAKE_OVERLAP']
[Tripwire] Lap 46: ['THROTTLE_BRAKE_OVERLAP']
[Tripwire] Lap 46: ['THROTTLE_BRAKE_OVERLAP']
[Tripwire] Lap 46: ['THROTTLE_BRAKE_OVERLAP']
[Tripwire] Lap 46: ['THROTTLE_BRAKE_OVERLAP']
[Tripwire] Lap 46: ['THROTTLE_BRAKE_OVERLAP']
[Tripwire] Lap 46: ['THROTTLE_BRAKE_OVERLAP']
[Tripwire] Lap 46: ['PACE_DROP']
[Tripwire] Lap 46: ['THROTTLE_BRAKE_OVERLAP']
[Tripwire] Lap 46: ['THROTTLE_BRAKE_OVERLAP']
[Tripwire] Lap 46: ['THROTTLE_BRAKE_OVERLAP']
[Tripwire] Lap 46: ['THROTTLE_BRAKE_OVERLAP']
[Tripwire] Lap 46: ['THROTTLE_BRAKE_OVERLAP']
[Tripwire] Lap 46: ['THROTTLE_BRAKE_OVERLAP']
[Tripwire] Lap 46: ['THROTTLE_BRAKE_OVERLAP']
[Tripwire] Lap 46: ['PACE_DROP']
[Tripwire] Lap 46: ['THROTTLE_BRAKE_OVERLAP']
[Tripwire] Lap 46: ['THROTTLE_BRAKE_OVERLAP']
[Tripwire] Lap 46: ['THROTTLE_BRAKE_OVERLAP']
[Tripwire] Lap 46: ['THROTTLE_BRAKE_OVERLAP']
[Tripwire] Lap 46: ['THROTTLE_BRAKE_OVERLAP']
[Tripwire] Lap 46: ['THROTTLE_BRAKE_OVERLAP']
[Tripwire] Lap 46: ['THROTTLE_BRAKE_OVERLAP']
[Tripwire] Lap 46: ['THROTTLE_BRAKE_OVERLAP']
[Tripwire] Lap 46: ['THROTTLE_BRAKE_OVERLAP']
[Tripwire] Lap 46: ['THROTTLE_BRAKE_OVERLAP']
[Tripwire] Lap 46: ['PACE_DROP']
[Tripwire] Lap 46: ['PACE_DROP']
[Tripwire] Lap 46: ['PACE_DROP']
[Tripwire] Lap 46: ['PACE_DROP']
[Tripwire] Lap 46: ['PACE_DROP']
[Tripwire] Lap 46: ['TYRE_CRITICAL']
[Tripwire] Lap 46: ['TYRE_CRITICAL']
[Tripwire] Lap 46: ['TYRE_CRITICAL']
[Tripwire] Lap 46: ['TYRE_CRITICAL']
[Tripwire] Lap 46: ['TYRE_CRITICAL']
[Tripwire] Lap 46: ['TYRE_CRITICAL']
[Tripwire] Lap 46: ['TYRE_CRITICAL']
[Tripwire] Lap 46: ['TYRE_CRITICAL']
[Tripwire] Lap 46: ['TYRE_CRITICAL']
[Tripwire] Lap 46: ['TYRE_CRITICAL']
[Tripwire] Lap 46: ['TYRE_CRITICAL']
[Tripwire] Lap 46: ['TYRE_CRITICAL']
[Tripwire] Lap 46: ['TYRE_CRITICAL']
[Tripwire] Lap 46: ['TYRE_CRITICAL']
[Tripwire] Lap 46: ['TYRE_CRITICAL']
[Tripwire] Lap 46: ['TYRE_CRITICAL']
[Tripwire] Lap 46: ['TYRE_CRITICAL']
[Tripwire] Lap 46: ['TYRE_CRITICAL']
[Tripwire] Lap 46: ['TYRE_CRITICAL']
[Tripwire] Lap 46: ['TYRE_CRITICAL']
[Tripwire] Lap 46: ['TYRE_CRITICAL']
[Tripwire] Lap 46: ['TYRE_CRITICAL']
[Tripwire] Lap 46: ['TYRE_CRITICAL']
[Tripwire] Lap 46: ['TYRE_CRITICAL']
[Tripwire] Lap 46: ['TYRE_CRITICAL']
[Tripwire] Lap 46: ['TYRE_CRITICAL']
[Tripwire] Lap 46: ['TYRE_CRITICAL']
[Tripwire] Lap 46: ['TYRE_CRITICAL']
[Tripwire] Lap 46: ['TYRE_CRITICAL']
[Tripwire] Lap 46: ['TYRE_CRITICAL']
[Tripwire] Lap 46: ['TYRE_CRITICAL']
[Tripwire] Lap 46: ['TYRE_CRITICAL']
[Tripwire] Lap 46: ['TYRE_CRITICAL']
[Tripwire] Lap 46: ['TYRE_CRITICAL']
[Tripwire] Lap 46: ['TYRE_CRITICAL']
[Tripwire] Lap 46: ['TYRE_CRITICAL']
[Tripwire] Lap 46: ['TYRE_CRITICAL']
[Tripwire] Lap 46: ['TYRE_CRITICAL']
[Tripwire] Lap 46: ['TYRE_CRITICAL']
[Tripwire] Lap 46: ['TYRE_CRITICAL']
[Tripwire] Lap 46: ['TYRE_CRITICAL']
[Tripwire] Lap 46: ['TYRE_CRITICAL']
[Tripwire] Lap 46: ['TYRE_CRITICAL']
[Tripwire] Lap 46: ['TYRE_CRITICAL']
[Tripwire] Lap 46: ['TYRE_CRITICAL']
[Tripwire] Lap 46: ['TYRE_CRITICAL']
[Tripwire] Lap 46: ['TYRE_CRITICAL']
[Tripwire] Lap 46: ['TYRE_CRITICAL']
[Tripwire] Lap 46: ['TYRE_CRITICAL']
[Tripwire] Lap 46: ['TYRE_CRITICAL']
[Tripwire] Lap 46: ['TYRE_CRITICAL']
[Tripwire] Lap 46: ['TYRE_CRITICAL']
[Tripwire] Lap 46: ['TYRE_CRITICAL']
[Tripwire] Lap 46: ['TYRE_CRITICAL']
[Tripwire] Lap 46: ['TYRE_CRITICAL']
[Tripwire] Lap 46: ['TYRE_CRITICAL']
[Tripwire] Lap 46: ['TYRE_CRITICAL']
[Tripwire] Lap 46: ['TYRE_CRITICAL']
[Tripwire] Lap 46: ['TYRE_CRITICAL']
[Tripwire] Lap 46: ['TYRE_CRITICAL']
[Tripwire] Lap 46: ['PACE_DROP', 'TYRE_CRITICAL']
[Tripwire] Lap 46: ['PACE_DROP', 'THROTTLE_BRAKE_OVERLAP', 'TYRE_CRITICAL']
[Tripwire] Lap 46: ['PACE_DROP', 'TYRE_CRITICAL']
[Tripwire] Lap 47: ['PACE_DROP', 'THROTTLE_BRAKE_OVERLAP']
[Tripwire] Lap 47: ['PACE_DROP']
[Tripwire] Lap 47: ['THROTTLE_BRAKE_OVERLAP']
[Tripwire] Lap 47: ['THROTTLE_BRAKE_OVERLAP']
[Tripwire] Lap 47: ['THROTTLE_BRAKE_OVERLAP']
[Tripwire] Lap 47: ['THROTTLE_BRAKE_OVERLAP']
[Tripwire] Lap 47: ['THROTTLE_BRAKE_OVERLAP']
[Tripwire] Lap 47: ['THROTTLE_BRAKE_OVERLAP']
[Tripwire] Lap 47: ['THROTTLE_BRAKE_OVERLAP']
[Tripwire] Lap 47: ['THROTTLE_BRAKE_OVERLAP']
[Tripwire] Lap 47: ['THROTTLE_BRAKE_OVERLAP']
[Tripwire] Lap 47: ['THROTTLE_BRAKE_OVERLAP']
[Tripwire] Lap 47: ['THROTTLE_BRAKE_OVERLAP']
[Tripwire] Lap 47: ['THROTTLE_BRAKE_OVERLAP']
[Tripwire] Lap 47: ['THROTTLE_BRAKE_OVERLAP']
[Tripwire] Lap 47: ['THROTTLE_BRAKE_OVERLAP']
[Tripwire] Lap 47: ['THROTTLE_BRAKE_OVERLAP']
[Tripwire] Lap 47: ['THROTTLE_BRAKE_OVERLAP']
[Tripwire] Lap 47: ['THROTTLE_BRAKE_OVERLAP']
[Tripwire] Lap 47: ['THROTTLE_BRAKE_OVERLAP']
[Tripwire] Lap 47: ['THROTTLE_BRAKE_OVERLAP']
[Tripwire] Lap 47: ['THROTTLE_BRAKE_OVERLAP']
[Tripwire] Lap 47: ['THROTTLE_BRAKE_OVERLAP']
[Tripwire] Lap 47: ['PACE_DROP']
[Tripwire] Lap 47: ['PACE_DROP', 'THROTTLE_BRAKE_OVERLAP']
[Tripwire] Lap 47: ['THROTTLE_BRAKE_OVERLAP']
[Tripwire] Lap 47: ['THROTTLE_BRAKE_OVERLAP']
[Tripwire] Lap 47: ['THROTTLE_BRAKE_OVERLAP']
[Tripwire] Lap 47: ['THROTTLE_BRAKE_OVERLAP']
[Tripwire] Lap 47: ['THROTTLE_BRAKE_OVERLAP']
[Tripwire] Lap 47: ['THROTTLE_BRAKE_OVERLAP']
[Tripwire] Lap 47: ['THROTTLE_BRAKE_OVERLAP']
[Tripwire] Lap 47: ['THROTTLE_BRAKE_OVERLAP']
[Tripwire] Lap 47: ['THROTTLE_BRAKE_OVERLAP']
[Tripwire] Lap 47: ['THROTTLE_BRAKE_OVERLAP']
[Tripwire] Lap 47: ['THROTTLE_BRAKE_OVERLAP']
[Tripwire] Lap 47: ['THROTTLE_BRAKE_OVERLAP']
[Tripwire] Lap 47: ['PACE_DROP']
[Tripwire] Lap 47: ['PACE_DROP']
[Tripwire] Lap 47: ['PACE_DROP']
[Tripwire] Lap 47: ['PACE_DROP']
[Tripwire] Lap 47: ['TYRE_CRITICAL']
[Tripwire] Lap 47: ['TYRE_CRITICAL']
[Tripwire] Lap 47: ['TYRE_CRITICAL']
[Tripwire] Lap 47: ['TYRE_CRITICAL']
[Tripwire] Lap 47: ['TYRE_CRITICAL']
[Tripwire] Lap 47: ['TYRE_CRITICAL']
[Tripwire] Lap 47: ['TYRE_CRITICAL']
[Tripwire] Lap 47: ['TYRE_CRITICAL']
[Tripwire] Lap 47: ['TYRE_CRITICAL']
[Tripwire] Lap 47: ['TYRE_CRITICAL']
[Tripwire] Lap 47: ['TYRE_CRITICAL']
[Tripwire] Lap 47: ['TYRE_CRITICAL']
[Tripwire] Lap 47: ['TYRE_CRITICAL']
[Tripwire] Lap 47: ['TYRE_CRITICAL']
[Tripwire] Lap 47: ['TYRE_CRITICAL']
[Tripwire] Lap 47: ['TYRE_CRITICAL']
[Tripwire] Lap 47: ['TYRE_CRITICAL']
[Tripwire] Lap 47: ['TYRE_CRITICAL']
[Tripwire] Lap 47: ['TYRE_CRITICAL']
[Tripwire] Lap 47: ['TYRE_CRITICAL']
[Tripwire] Lap 47: ['TYRE_CRITICAL']
[Tripwire] Lap 47: ['TYRE_CRITICAL']
[Tripwire] Lap 47: ['TYRE_CRITICAL']
[Tripwire] Lap 47: ['TYRE_CRITICAL']
[Tripwire] Lap 47: ['TYRE_CRITICAL']
[Tripwire] Lap 47: ['TYRE_CRITICAL']
[Tripwire] Lap 47: ['TYRE_CRITICAL']
[Tripwire] Lap 47: ['TYRE_CRITICAL']
[Tripwire] Lap 47: ['TYRE_CRITICAL']
[Tripwire] Lap 47: ['TYRE_CRITICAL']
[Tripwire] Lap 47: ['TYRE_CRITICAL']
[Tripwire] Lap 47: ['TYRE_CRITICAL']
[Tripwire] Lap 47: ['TYRE_CRITICAL']
[Tripwire] Lap 47: ['TYRE_CRITICAL']
[Tripwire] Lap 47: ['TYRE_CRITICAL']
[Tripwire] Lap 47: ['TYRE_CRITICAL']
[Tripwire] Lap 47: ['TYRE_CRITICAL']
[Tripwire] Lap 47: ['TYRE_CRITICAL']
[Tripwire] Lap 47: ['TYRE_CRITICAL']
[Tripwire] Lap 47: ['TYRE_CRITICAL']
[Tripwire] Lap 47: ['TYRE_CRITICAL']
[Tripwire] Lap 47: ['TYRE_CRITICAL']
[Tripwire] Lap 47: ['TYRE_CRITICAL']
[Tripwire] Lap 47: ['TYRE_CRITICAL']
[Tripwire] Lap 47: ['TYRE_CRITICAL']
[Tripwire] Lap 47: ['TYRE_CRITICAL']
[Tripwire] Lap 47: ['TYRE_CRITICAL']
[Tripwire] Lap 47: ['TYRE_CRITICAL']
[Tripwire] Lap 47: ['TYRE_CRITICAL']
[Tripwire] Lap 47: ['TYRE_CRITICAL']
[Tripwire] Lap 47: ['TYRE_CRITICAL']
[Tripwire] Lap 47: ['TYRE_CRITICAL']
[Tripwire] Lap 47: ['TYRE_CRITICAL']
[Tripwire] Lap 47: ['TYRE_CRITICAL']
[Tripwire] Lap 47: ['TYRE_CRITICAL']
[Tripwire] Lap 47: ['TYRE_CRITICAL']
[Tripwire] Lap 47: ['TYRE_CRITICAL']
[Tripwire] Lap 47: ['TYRE_CRITICAL']
[Tripwire] Lap 47: ['TYRE_CRITICAL']
[Tripwire] Lap 47: ['TYRE_CRITICAL']
[Tripwire] Lap 47: ['PACE_DROP', 'THROTTLE_BRAKE_OVERLAP', 'TYRE_CRITICAL']
[Tripwire] Lap 47: ['PACE_DROP', 'THROTTLE_BRAKE_OVERLAP', 'TYRE_CRITICAL']
[Tripwire] Lap 47: ['PACE_DROP', 'TYRE_CRITICAL']
[Tripwire] Lap 48: ['PACE_DROP']
[Tripwire] Lap 48: ['PACE_DROP']
[Tripwire] Lap 48: ['THROTTLE_BRAKE_OVERLAP']
[Tripwire] Lap 48: ['THROTTLE_BRAKE_OVERLAP']
[Tripwire] Lap 48: ['THROTTLE_BRAKE_OVERLAP']
[Tripwire] Lap 48: ['THROTTLE_BRAKE_OVERLAP']
[Tripwire] Lap 48: ['THROTTLE_BRAKE_OVERLAP']
[Tripwire] Lap 48: ['THROTTLE_BRAKE_OVERLAP']
[Tripwire] Lap 48: ['THROTTLE_BRAKE_OVERLAP']
[Tripwire] Lap 48: ['THROTTLE_BRAKE_OVERLAP']
[Tripwire] Lap 48: ['THROTTLE_BRAKE_OVERLAP']
[Tripwire] Lap 48: ['THROTTLE_BRAKE_OVERLAP']
[Tripwire] Lap 48: ['THROTTLE_BRAKE_OVERLAP']
[Tripwire] Lap 48: ['THROTTLE_BRAKE_OVERLAP']
[Tripwire] Lap 48: ['THROTTLE_BRAKE_OVERLAP']
[Tripwire] Lap 48: ['THROTTLE_BRAKE_OVERLAP']
[Tripwire] Lap 48: ['THROTTLE_BRAKE_OVERLAP']
[Tripwire] Lap 48: ['THROTTLE_BRAKE_OVERLAP']
[Tripwire] Lap 48: ['THROTTLE_BRAKE_OVERLAP']
[Tripwire] Lap 48: ['THROTTLE_BRAKE_OVERLAP']
[Tripwire] Lap 48: ['THROTTLE_BRAKE_OVERLAP']
[Tripwire] Lap 48: ['THROTTLE_BRAKE_OVERLAP']
[Tripwire] Lap 48: ['THROTTLE_BRAKE_OVERLAP']
[Tripwire] Lap 48: ['THROTTLE_BRAKE_OVERLAP']
[Tripwire] Lap 48: ['THROTTLE_BRAKE_OVERLAP']
[Tripwire] Lap 48: ['PACE_DROP']
[Tripwire] Lap 48: ['PACE_DROP']
[Tripwire] Lap 48: ['PACE_DROP']
[Tripwire] Lap 48: ['PACE_DROP']
[Tripwire] Lap 48: ['TYRE_CRITICAL']
[Tripwire] Lap 48: ['TYRE_CRITICAL']
[Tripwire] Lap 48: ['TYRE_CRITICAL']
[Tripwire] Lap 48: ['TYRE_CRITICAL']
[Tripwire] Lap 48: ['TYRE_CRITICAL']
[Tripwire] Lap 48: ['TYRE_CRITICAL']
[Tripwire] Lap 48: ['TYRE_CRITICAL']
[Tripwire] Lap 48: ['TYRE_CRITICAL']
[Tripwire] Lap 48: ['TYRE_CRITICAL']
[Tripwire] Lap 48: ['TYRE_CRITICAL']
[Tripwire] Lap 48: ['TYRE_CRITICAL']
[Tripwire] Lap 48: ['TYRE_CRITICAL']
[Tripwire] Lap 48: ['TYRE_CRITICAL']
[Tripwire] Lap 48: ['TYRE_CRITICAL']
[Tripwire] Lap 48: ['TYRE_CRITICAL']
[Tripwire] Lap 48: ['TYRE_CRITICAL']
[Tripwire] Lap 48: ['TYRE_CRITICAL']
[Tripwire] Lap 48: ['TYRE_CRITICAL']
[Tripwire] Lap 48: ['TYRE_CRITICAL']
[Tripwire] Lap 48: ['TYRE_CRITICAL']
[Tripwire] Lap 48: ['TYRE_CRITICAL']
[Tripwire] Lap 48: ['TYRE_CRITICAL']
[Tripwire] Lap 48: ['TYRE_CRITICAL']
[Tripwire] Lap 48: ['TYRE_CRITICAL']
[Tripwire] Lap 48: ['TYRE_CRITICAL']
[Tripwire] Lap 48: ['TYRE_CRITICAL']
[Tripwire] Lap 48: ['TYRE_CRITICAL']
[Tripwire] Lap 48: ['TYRE_CRITICAL']
[Tripwire] Lap 48: ['TYRE_CRITICAL']
[Tripwire] Lap 48: ['TYRE_CRITICAL']
[Tripwire] Lap 48: ['TYRE_CRITICAL']
[Tripwire] Lap 48: ['TYRE_CRITICAL']
[Tripwire] Lap 48: ['TYRE_CRITICAL']
[Tripwire] Lap 48: ['TYRE_CRITICAL']
[Tripwire] Lap 48: ['TYRE_CRITICAL']
[Tripwire] Lap 48: ['TYRE_CRITICAL']
[Tripwire] Lap 48: ['TYRE_CRITICAL']
[Tripwire] Lap 48: ['TYRE_CRITICAL']
[Tripwire] Lap 48: ['TYRE_CRITICAL']
[Tripwire] Lap 48: ['TYRE_CRITICAL']
[Tripwire] Lap 48: ['TYRE_CRITICAL']
[Tripwire] Lap 48: ['TYRE_CRITICAL']
[Tripwire] Lap 48: ['TYRE_CRITICAL']
[Tripwire] Lap 48: ['TYRE_CRITICAL']
[Tripwire] Lap 48: ['TYRE_CRITICAL']
[Tripwire] Lap 48: ['TYRE_CRITICAL']
[Tripwire] Lap 48: ['TYRE_CRITICAL']
[Tripwire] Lap 48: ['TYRE_CRITICAL']
[Tripwire] Lap 48: ['TYRE_CRITICAL']
[Tripwire] Lap 48: ['TYRE_CRITICAL']
[Tripwire] Lap 48: ['TYRE_CRITICAL']
[Tripwire] Lap 48: ['TYRE_CRITICAL']
[Tripwire] Lap 48: ['TYRE_CRITICAL']
[Tripwire] Lap 48: ['TYRE_CRITICAL']
[Tripwire] Lap 48: ['TYRE_CRITICAL']
[Tripwire] Lap 48: ['TYRE_CRITICAL']
[Tripwire] Lap 48: ['TYRE_CRITICAL']
[Tripwire] Lap 48: ['TYRE_CRITICAL']
[Tripwire] Lap 48: ['TYRE_CRITICAL']
[Tripwire] Lap 48: ['TYRE_CRITICAL']
[Tripwire] Lap 48: ['TYRE_CRITICAL']
[Tripwire] Lap 48: ['TYRE_CRITICAL']
[Tripwire] Lap 48: ['PACE_DROP', 'TYRE_CRITICAL']
[Tripwire] Lap 48: ['PACE_DROP', 'TYRE_CRITICAL']
[Tripwire] Lap 48: ['PACE_DROP', 'TYRE_CRITICAL']
[Tripwire] Lap 49: ['PACE_DROP']
[Tripwire] Lap 49: ['PACE_DROP']
[Tripwire] Lap 49: ['PACE_DROP', 'THROTTLE_BRAKE_OVERLAP']
[Tripwire] Lap 49: ['THROTTLE_BRAKE_OVERLAP']
[Tripwire] Lap 49: ['THROTTLE_BRAKE_OVERLAP']
[Tripwire] Lap 49: ['THROTTLE_BRAKE_OVERLAP']
[Tripwire] Lap 49: ['THROTTLE_BRAKE_OVERLAP']
[Tripwire] Lap 49: ['THROTTLE_BRAKE_OVERLAP']
[Tripwire] Lap 49: ['THROTTLE_BRAKE_OVERLAP']
[Tripwire] Lap 49: ['THROTTLE_BRAKE_OVERLAP']
[Tripwire] Lap 49: ['THROTTLE_BRAKE_OVERLAP']
[Tripwire] Lap 49: ['THROTTLE_BRAKE_OVERLAP']
[Tripwire] Lap 49: ['THROTTLE_BRAKE_OVERLAP']
[Tripwire] Lap 49: ['THROTTLE_BRAKE_OVERLAP']
[Tripwire] Lap 49: ['THROTTLE_BRAKE_OVERLAP']
[Tripwire] Lap 49: ['THROTTLE_BRAKE_OVERLAP']
[Tripwire] Lap 49: ['THROTTLE_BRAKE_OVERLAP']
[Tripwire] Lap 49: ['THROTTLE_BRAKE_OVERLAP']
[Tripwire] Lap 49: ['THROTTLE_BRAKE_OVERLAP']
[Tripwire] Lap 49: ['THROTTLE_BRAKE_OVERLAP']
[Tripwire] Lap 49: ['THROTTLE_BRAKE_OVERLAP']
[Tripwire] Lap 49: ['THROTTLE_BRAKE_OVERLAP']
[Tripwire] Lap 49: ['THROTTLE_BRAKE_OVERLAP']
[Tripwire] Lap 49: ['THROTTLE_BRAKE_OVERLAP']
[Tripwire] Lap 49: ['THROTTLE_BRAKE_OVERLAP']
[Tripwire] Lap 49: ['THROTTLE_BRAKE_OVERLAP']
[Tripwire] Lap 49: ['THROTTLE_BRAKE_OVERLAP']
[Tripwire] Lap 49: ['THROTTLE_BRAKE_OVERLAP']
[Tripwire] Lap 49: ['THROTTLE_BRAKE_OVERLAP']
[Tripwire] Lap 49: ['THROTTLE_BRAKE_OVERLAP']
[Tripwire] Lap 49: ['THROTTLE_BRAKE_OVERLAP']
[Tripwire] Lap 49: ['THROTTLE_BRAKE_OVERLAP']
[Tripwire] Lap 49: ['THROTTLE_BRAKE_OVERLAP']
[Tripwire] Lap 49: ['THROTTLE_BRAKE_OVERLAP']
[Tripwire] Lap 49: ['PACE_DROP']
[Tripwire] Lap 49: ['PACE_DROP']
[Tripwire] Lap 49: ['PACE_DROP']
[Tripwire] Lap 49: ['PACE_DROP']
[Tripwire] Lap 49: ['PACE_DROP']
[Tripwire] Lap 49: ['TYRE_CRITICAL']
[Tripwire] Lap 49: ['TYRE_CRITICAL']
[Tripwire] Lap 49: ['TYRE_CRITICAL']
[Tripwire] Lap 49: ['TYRE_CRITICAL']
[Tripwire] Lap 49: ['TYRE_CRITICAL']
[Tripwire] Lap 49: ['TYRE_CRITICAL']
[Tripwire] Lap 49: ['TYRE_CRITICAL']
[Tripwire] Lap 49: ['TYRE_CRITICAL']
[Tripwire] Lap 49: ['TYRE_CRITICAL']
[Tripwire] Lap 49: ['TYRE_CRITICAL']
[Tripwire] Lap 49: ['TYRE_CRITICAL']
[Tripwire] Lap 49: ['TYRE_CRITICAL']
[Tripwire] Lap 49: ['TYRE_CRITICAL']
[Tripwire] Lap 49: ['TYRE_CRITICAL']
[Tripwire] Lap 49: ['TYRE_CRITICAL']
[Tripwire] Lap 49: ['TYRE_CRITICAL']
[Tripwire] Lap 49: ['TYRE_CRITICAL']
[Tripwire] Lap 49: ['TYRE_CRITICAL']
[Tripwire] Lap 49: ['TYRE_CRITICAL']
[Tripwire] Lap 49: ['TYRE_CRITICAL']
[Tripwire] Lap 49: ['TYRE_CRITICAL']
[Tripwire] Lap 49: ['TYRE_CRITICAL']
[Tripwire] Lap 49: ['TYRE_CRITICAL']
[Tripwire] Lap 49: ['TYRE_CRITICAL']
[Tripwire] Lap 49: ['TYRE_CRITICAL']
[Tripwire] Lap 49: ['TYRE_CRITICAL']
[Tripwire] Lap 49: ['TYRE_CRITICAL']
[Tripwire] Lap 49: ['TYRE_CRITICAL']
[Tripwire] Lap 49: ['TYRE_CRITICAL']
[Tripwire] Lap 49: ['TYRE_CRITICAL']
[Tripwire] Lap 49: ['TYRE_CRITICAL']
[Tripwire] Lap 49: ['TYRE_CRITICAL']
[Tripwire] Lap 49: ['TYRE_CRITICAL']
[Tripwire] Lap 49: ['TYRE_CRITICAL']
[Tripwire] Lap 49: ['TYRE_CRITICAL']
[Tripwire] Lap 49: ['TYRE_CRITICAL']
[Tripwire] Lap 49: ['TYRE_CRITICAL']
[Tripwire] Lap 49: ['TYRE_CRITICAL']
[Tripwire] Lap 49: ['TYRE_CRITICAL']
[Tripwire] Lap 49: ['TYRE_CRITICAL']
[Tripwire] Lap 49: ['TYRE_CRITICAL']
[Tripwire] Lap 49: ['TYRE_CRITICAL']
[Tripwire] Lap 49: ['TYRE_CRITICAL']
[Tripwire] Lap 49: ['TYRE_CRITICAL']
[Tripwire] Lap 49: ['TYRE_CRITICAL']
[Tripwire] Lap 49: ['TYRE_CRITICAL']
[Tripwire] Lap 49: ['TYRE_CRITICAL']
[Tripwire] Lap 49: ['TYRE_CRITICAL']
[Tripwire] Lap 49: ['TYRE_CRITICAL']
[Tripwire] Lap 49: ['TYRE_CRITICAL']
[Tripwire] Lap 49: ['TYRE_CRITICAL']
[Tripwire] Lap 49: ['TYRE_CRITICAL']
[Tripwire] Lap 49: ['TYRE_CRITICAL']
[Tripwire] Lap 49: ['TYRE_CRITICAL']
[Tripwire] Lap 49: ['TYRE_CRITICAL']
[Tripwire] Lap 49: ['TYRE_CRITICAL']
[Tripwire] Lap 49: ['TYRE_CRITICAL']
[Tripwire] Lap 49: ['TYRE_CRITICAL']
[Tripwire] Lap 49: ['TYRE_CRITICAL']
[Tripwire] Lap 49: ['TYRE_CRITICAL']
[Tripwire] Lap 49: ['TYRE_CRITICAL']
[Tripwire] Lap 49: ['TYRE_CRITICAL']
[Tripwire] Lap 49: ['PACE_DROP', 'THROTTLE_BRAKE_OVERLAP', 'TYRE_CRITICAL']
[Tripwire] Lap 49: ['PACE_DROP', 'THROTTLE_BRAKE_OVERLAP', 'TYRE_CRITICAL']
[Tripwire] Lap 49: ['PACE_DROP', 'THROTTLE_BRAKE_OVERLAP', 'TYRE_CRITICAL']
[Tripwire] Lap 50: ['PACE_DROP', 'THROTTLE_BRAKE_OVERLAP']
[Tripwire] Lap 50: ['PACE_DROP']
[Tripwire] Lap 50: ['PACE_DROP']
[Tripwire] Lap 50: ['THROTTLE_BRAKE_OVERLAP']
[Tripwire] Lap 50: ['THROTTLE_BRAKE_OVERLAP']
[Tripwire] Lap 50: ['THROTTLE_BRAKE_OVERLAP']
[Tripwire] Lap 50: ['THROTTLE_BRAKE_OVERLAP']
[Tripwire] Lap 50: ['THROTTLE_BRAKE_OVERLAP']
[Tripwire] Lap 50: ['THROTTLE_BRAKE_OVERLAP']
[Tripwire] Lap 50: ['THROTTLE_BRAKE_OVERLAP']
[Tripwire] Lap 50: ['THROTTLE_BRAKE_OVERLAP']
[Tripwire] Lap 50: ['THROTTLE_BRAKE_OVERLAP']
[Tripwire] Lap 50: ['THROTTLE_BRAKE_OVERLAP']
[Tripwire] Lap 50: ['THROTTLE_BRAKE_OVERLAP']
[Tripwire] Lap 50: ['THROTTLE_BRAKE_OVERLAP']
[Tripwire] Lap 50: ['THROTTLE_BRAKE_OVERLAP']
[Tripwire] Lap 50: ['THROTTLE_BRAKE_OVERLAP']
[Tripwire] Lap 50: ['THROTTLE_BRAKE_OVERLAP']
[Tripwire] Lap 50: ['THROTTLE_BRAKE_OVERLAP']
[Tripwire] Lap 50: ['THROTTLE_BRAKE_OVERLAP']
[Tripwire] Lap 50: ['THROTTLE_BRAKE_OVERLAP']
[Tripwire] Lap 50: ['THROTTLE_BRAKE_OVERLAP']
[Tripwire] Lap 50: ['THROTTLE_BRAKE_OVERLAP']
[Tripwire] Lap 50: ['THROTTLE_BRAKE_OVERLAP']
[Tripwire] Lap 50: ['THROTTLE_BRAKE_OVERLAP']
[Tripwire] Lap 50: ['THROTTLE_BRAKE_OVERLAP']
[Tripwire] Lap 50: ['THROTTLE_BRAKE_OVERLAP']
[Tripwire] Lap 50: ['THROTTLE_BRAKE_OVERLAP']
[Tripwire] Lap 50: ['THROTTLE_BRAKE_OVERLAP']
[Tripwire] Lap 50: ['THROTTLE_BRAKE_OVERLAP']
[Tripwire] Lap 50: ['THROTTLE_BRAKE_OVERLAP']
[Tripwire] Lap 50: ['PACE_DROP']
[Tripwire] Lap 50: ['PACE_DROP']
[Tripwire] Lap 50: ['PACE_DROP']
[Tripwire] Lap 50: ['PACE_DROP']
[Tripwire] Lap 50: ['PACE_DROP']
[Tripwire] Lap 50: ['PACE_DROP']
[Tripwire] Lap 50: ['TYRE_CRITICAL']
[Tripwire] Lap 50: ['TYRE_CRITICAL']
[Tripwire] Lap 50: ['TYRE_CRITICAL']
[Tripwire] Lap 50: ['TYRE_CRITICAL']
[Tripwire] Lap 50: ['TYRE_CRITICAL']
[Tripwire] Lap 50: ['TYRE_CRITICAL']
[Tripwire] Lap 50: ['TYRE_CRITICAL']
[Tripwire] Lap 50: ['TYRE_CRITICAL']
[Tripwire] Lap 50: ['TYRE_CRITICAL']
[Tripwire] Lap 50: ['TYRE_CRITICAL']
[Tripwire] Lap 50: ['TYRE_CRITICAL']
[Tripwire] Lap 50: ['TYRE_CRITICAL']
[Tripwire] Lap 50: ['TYRE_CRITICAL']
[Tripwire] Lap 50: ['TYRE_CRITICAL']
[Tripwire] Lap 50: ['TYRE_CRITICAL']
[Tripwire] Lap 50: ['TYRE_CRITICAL']
[Tripwire] Lap 50: ['TYRE_CRITICAL']
[Tripwire] Lap 50: ['TYRE_CRITICAL']
[Tripwire] Lap 50: ['TYRE_CRITICAL']
[Tripwire] Lap 50: ['TYRE_CRITICAL']
[Tripwire] Lap 50: ['TYRE_CRITICAL']
[Tripwire] Lap 50: ['TYRE_CRITICAL']
[Tripwire] Lap 50: ['TYRE_CRITICAL']
[Tripwire] Lap 50: ['TYRE_CRITICAL']
[Tripwire] Lap 50: ['TYRE_CRITICAL']
[Tripwire] Lap 50: ['TYRE_CRITICAL']
[Tripwire] Lap 50: ['TYRE_CRITICAL']
[Tripwire] Lap 50: ['TYRE_CRITICAL']
[Tripwire] Lap 50: ['TYRE_CRITICAL']
[Tripwire] Lap 50: ['TYRE_CRITICAL']
[Tripwire] Lap 50: ['TYRE_CRITICAL']
[Tripwire] Lap 50: ['TYRE_CRITICAL']
[Tripwire] Lap 50: ['TYRE_CRITICAL']
[Tripwire] Lap 50: ['TYRE_CRITICAL']
[Tripwire] Lap 50: ['TYRE_CRITICAL']
[Tripwire] Lap 50: ['TYRE_CRITICAL']
[Tripwire] Lap 50: ['TYRE_CRITICAL']
[Tripwire] Lap 50: ['TYRE_CRITICAL']
[Tripwire] Lap 50: ['TYRE_CRITICAL']
[Tripwire] Lap 50: ['TYRE_CRITICAL']
[Tripwire] Lap 50: ['TYRE_CRITICAL']
[Tripwire] Lap 50: ['TYRE_CRITICAL']
[Tripwire] Lap 50: ['TYRE_CRITICAL']
[Tripwire] Lap 50: ['TYRE_CRITICAL']
[Tripwire] Lap 50: ['TYRE_CRITICAL']
[Tripwire] Lap 50: ['TYRE_CRITICAL']
[Tripwire] Lap 50: ['TYRE_CRITICAL']
[Tripwire] Lap 50: ['TYRE_CRITICAL']
[Tripwire] Lap 50: ['TYRE_CRITICAL']
[Tripwire] Lap 50: ['TYRE_CRITICAL']
[Tripwire] Lap 50: ['TYRE_CRITICAL']
INFO:     connection closed
INFO:     connection closed
INFO:     connection closed
[Tripwire] Lap 50: ['TYRE_CRITICAL']
[Tripwire] Lap 50: ['TYRE_CRITICAL']
[Tripwire] Lap 50: ['TYRE_CRITICAL']
[Tripwire] Lap 50: ['TYRE_CRITICAL']
[Tripwire] Lap 50: ['TYRE_CRITICAL']
[Tripwire] Lap 50: ['TYRE_CRITICAL']
[Tripwire] Lap 50: ['TYRE_CRITICAL']
[Tripwire] Lap 50: ['TYRE_CRITICAL']
[Tripwire] Lap 50: ['TYRE_CRITICAL']
[Tripwire] Lap 50: ['TYRE_CRITICAL']
[Tripwire] Lap 50: ['TYRE_CRITICAL']
[Tripwire] Lap 50: ['PACE_DROP', 'TYRE_CRITICAL']
[Tripwire] Lap 50: ['PACE_DROP', 'TYRE_CRITICAL']
[Tripwire] Lap 50: ['PACE_DROP', 'THROTTLE_BRAKE_OVERLAP', 'TYRE_CRITICAL']
[Tripwire] Lap 51: ['PACE_DROP']
[Tripwire] Lap 51: ['PACE_DROP']
[Tripwire] Lap 51: ['THROTTLE_BRAKE_OVERLAP']
[Tripwire] Lap 51: ['THROTTLE_BRAKE_OVERLAP']
[Tripwire] Lap 51: ['THROTTLE_BRAKE_OVERLAP']
[Tripwire] Lap 51: ['THROTTLE_BRAKE_OVERLAP']
[Tripwire] Lap 51: ['THROTTLE_BRAKE_OVERLAP']
[Tripwire] Lap 51: ['THROTTLE_BRAKE_OVERLAP']
[Tripwire] Lap 51: ['THROTTLE_BRAKE_OVERLAP']
[Tripwire] Lap 51: ['THROTTLE_BRAKE_OVERLAP']
[Tripwire] Lap 51: ['THROTTLE_BRAKE_OVERLAP']
[Tripwire] Lap 51: ['THROTTLE_BRAKE_OVERLAP']
[Tripwire] Lap 51: ['THROTTLE_BRAKE_OVERLAP']
[Tripwire] Lap 51: ['THROTTLE_BRAKE_OVERLAP']
[Tripwire] Lap 51: ['THROTTLE_BRAKE_OVERLAP']
[Tripwire] Lap 51: ['THROTTLE_BRAKE_OVERLAP']
[Tripwire] Lap 51: ['THROTTLE_BRAKE_OVERLAP']
[Tripwire] Lap 51: ['THROTTLE_BRAKE_OVERLAP']
[Tripwire] Lap 51: ['THROTTLE_BRAKE_OVERLAP']
[Tripwire] Lap 51: ['THROTTLE_BRAKE_OVERLAP']
[Tripwire] Lap 51: ['THROTTLE_BRAKE_OVERLAP']
[Tripwire] Lap 51: ['THROTTLE_BRAKE_OVERLAP']
[Tripwire] Lap 51: ['THROTTLE_BRAKE_OVERLAP']
[Tripwire] Lap 51: ['THROTTLE_BRAKE_OVERLAP']
[Tripwire] Lap 51: ['THROTTLE_BRAKE_OVERLAP']
[Tripwire] Lap 51: ['THROTTLE_BRAKE_OVERLAP']
[Tripwire] Lap 51: ['THROTTLE_BRAKE_OVERLAP']
[Tripwire] Lap 51: ['THROTTLE_BRAKE_OVERLAP']
[Tripwire] Lap 51: ['THROTTLE_BRAKE_OVERLAP']
[Tripwire] Lap 51: ['THROTTLE_BRAKE_OVERLAP']
[Tripwire] Lap 51: ['PACE_DROP']
[Tripwire] Lap 51: ['PACE_DROP']
[Tripwire] Lap 51: ['PACE_DROP']
[Tripwire] Lap 51: ['PACE_DROP']
[Tripwire] Lap 51: ['PACE_DROP']
[Tripwire] Lap 51: ['PACE_DROP']
[Tripwire] Lap 51: ['TYRE_CRITICAL']
[Tripwire] Lap 51: ['TYRE_CRITICAL']
[Tripwire] Lap 51: ['TYRE_CRITICAL']
[Tripwire] Lap 51: ['TYRE_CRITICAL']
[Tripwire] Lap 51: ['TYRE_CRITICAL']
[Tripwire] Lap 51: ['TYRE_CRITICAL']
[Tripwire] Lap 51: ['TYRE_CRITICAL']
[Tripwire] Lap 51: ['TYRE_CRITICAL']
[Tripwire] Lap 51: ['TYRE_CRITICAL']
[Tripwire] Lap 51: ['TYRE_CRITICAL']
[Tripwire] Lap 51: ['TYRE_CRITICAL']
[Tripwire] Lap 51: ['TYRE_CRITICAL']
[Tripwire] Lap 51: ['TYRE_CRITICAL']
[Tripwire] Lap 51: ['TYRE_CRITICAL']
[Tripwire] Lap 51: ['TYRE_CRITICAL']
[Tripwire] Lap 51: ['TYRE_CRITICAL']
[Tripwire] Lap 51: ['TYRE_CRITICAL']
[Tripwire] Lap 51: ['TYRE_CRITICAL']
[Tripwire] Lap 51: ['TYRE_CRITICAL']
[Tripwire] Lap 51: ['TYRE_CRITICAL']
[Tripwire] Lap 51: ['TYRE_CRITICAL']
[Tripwire] Lap 51: ['TYRE_CRITICAL']
[Tripwire] Lap 51: ['TYRE_CRITICAL']
[Tripwire] Lap 51: ['TYRE_CRITICAL']
[Tripwire] Lap 51: ['TYRE_CRITICAL']
[Tripwire] Lap 51: ['TYRE_CRITICAL']
[Tripwire] Lap 51: ['TYRE_CRITICAL']
[Tripwire] Lap 51: ['TYRE_CRITICAL']
[Tripwire] Lap 51: ['TYRE_CRITICAL']
[Tripwire] Lap 51: ['TYRE_CRITICAL']
[Tripwire] Lap 51: ['TYRE_CRITICAL']
[Tripwire] Lap 51: ['TYRE_CRITICAL']
[Tripwire] Lap 51: ['TYRE_CRITICAL']
[Tripwire] Lap 51: ['TYRE_CRITICAL']
[Tripwire] Lap 51: ['TYRE_CRITICAL']
[Tripwire] Lap 51: ['TYRE_CRITICAL']
[Tripwire] Lap 51: ['TYRE_CRITICAL']
[Tripwire] Lap 51: ['TYRE_CRITICAL']
[Tripwire] Lap 51: ['TYRE_CRITICAL']
[Tripwire] Lap 51: ['TYRE_CRITICAL']
[Tripwire] Lap 51: ['TYRE_CRITICAL']
[Tripwire] Lap 51: ['TYRE_CRITICAL']
[Tripwire] Lap 51: ['TYRE_CRITICAL']
[Tripwire] Lap 51: ['TYRE_CRITICAL']
[Tripwire] Lap 51: ['TYRE_CRITICAL']
[Tripwire] Lap 51: ['TYRE_CRITICAL']
[Tripwire] Lap 51: ['TYRE_CRITICAL']
[Tripwire] Lap 51: ['TYRE_CRITICAL']
[Tripwire] Lap 51: ['TYRE_CRITICAL']
[Tripwire] Lap 51: ['TYRE_CRITICAL']
INFO:     127.0.0.1:51191 - "GET /races HTTP/1.1" 200 OK
INFO:     127.0.0.1:51193 - "WebSocket /ws/race_multi" [accepted]
INFO:     connection open
INFO:     127.0.0.1:51191 - "GET /races HTTP/1.1" 200 OK
INFO:     127.0.0.1:51195 - "GET /races HTTP/1.1" 200 OK
INFO:     127.0.0.1:51191 - "GET /races HTTP/1.1" 200 OK
INFO:     127.0.0.1:51197 - "WebSocket /ws/race_multi" [accepted]
INFO:     connection open
INFO:     127.0.0.1:51199 - "WebSocket /ws/race_multi" [accepted]
INFO:     connection open
INFO:     127.0.0.1:51201 - "WebSocket /ws/race_multi" [accepted]
INFO:     connection open
ERROR:    Exception in ASGI application
Traceback (most recent call last):
  File "/Users/midas/miniconda3/lib/python3.11/site-packages/uvicorn/protocols/websockets/websockets_impl.py", line 244, in run_asgi
    result = await self.app(self.scope, self.asgi_receive, self.asgi_send)  # type: ignore[func-returns-value]
             ^^^^^^^^^^^^^^^^^^^^^^^^^^^^^^^^^^^^^^^^^^^^^^^^^^^^^^^^^^^^^
  File "/Users/midas/miniconda3/lib/python3.11/site-packages/uvicorn/middleware/proxy_headers.py", line 60, in __call__
    return await self.app(scope, receive, send)
           ^^^^^^^^^^^^^^^^^^^^^^^^^^^^^^^^^^^^
  File "/Users/midas/miniconda3/lib/python3.11/site-packages/fastapi/applications.py", line 1162, in __call__
    await super().__call__(scope, receive, send)
  File "/Users/midas/miniconda3/lib/python3.11/site-packages/starlette/applications.py", line 90, in __call__
    await self.middleware_stack(scope, receive, send)
  File "/Users/midas/miniconda3/lib/python3.11/site-packages/starlette/middleware/errors.py", line 151, in __call__
    await self.app(scope, receive, send)
  File "/Users/midas/miniconda3/lib/python3.11/site-packages/starlette/middleware/cors.py", line 80, in __call__
    await self.app(scope, receive, send)
  File "/Users/midas/miniconda3/lib/python3.11/site-packages/starlette/middleware/exceptions.py", line 63, in __call__
    await wrap_app_handling_exceptions(self.app, conn)(scope, receive, send)
  File "/Users/midas/miniconda3/lib/python3.11/site-packages/starlette/_exception_handler.py", line 53, in wrapped_app
    raise exc
  File "/Users/midas/miniconda3/lib/python3.11/site-packages/starlette/_exception_handler.py", line 42, in wrapped_app
    await app(scope, receive, sender)
  File "/Users/midas/miniconda3/lib/python3.11/site-packages/fastapi/middleware/asyncexitstack.py", line 18, in __call__
    await self.app(scope, receive, send)
  File "/Users/midas/miniconda3/lib/python3.11/site-packages/starlette/routing.py", line 660, in __call__
    await self.middleware_stack(scope, receive, send)
  File "/Users/midas/miniconda3/lib/python3.11/site-packages/starlette/routing.py", line 680, in app
    await route.handle(scope, receive, send)
  File "/Users/midas/miniconda3/lib/python3.11/site-packages/starlette/routing.py", line 350, in handle
    await self.app(scope, receive, send)
  File "/Users/midas/miniconda3/lib/python3.11/site-packages/fastapi/routing.py", line 169, in app
    await wrap_app_handling_exceptions(app, session)(scope, receive, send)
  File "/Users/midas/miniconda3/lib/python3.11/site-packages/starlette/_exception_handler.py", line 53, in wrapped_app
    raise exc
  File "/Users/midas/miniconda3/lib/python3.11/site-packages/starlette/_exception_handler.py", line 42, in wrapped_app
    await app(scope, receive, sender)
  File "/Users/midas/miniconda3/lib/python3.11/site-packages/fastapi/routing.py", line 166, in app
    await func(session)
  File "/Users/midas/miniconda3/lib/python3.11/site-packages/fastapi/routing.py", line 773, in app
    await dependant.call(**solved_result.values)
  File "/Users/midas/Documents/F1_Project/backend/main.py", line 172, in websocket_simulate_multi
    await websocket.close()
  File "/Users/midas/miniconda3/lib/python3.11/site-packages/starlette/websockets.py", line 181, in close
    await self.send({"type": "websocket.close", "code": code, "reason": reason or ""})
  File "/Users/midas/miniconda3/lib/python3.11/site-packages/starlette/websockets.py", line 98, in send
    raise RuntimeError('Cannot call "send" once a close message has been sent.')
RuntimeError: Cannot call "send" once a close message has been sent.
ERROR:    Exception in ASGI application
Traceback (most recent call last):
  File "/Users/midas/miniconda3/lib/python3.11/site-packages/uvicorn/protocols/websockets/websockets_impl.py", line 244, in run_asgi
    result = await self.app(self.scope, self.asgi_receive, self.asgi_send)  # type: ignore[func-returns-value]
             ^^^^^^^^^^^^^^^^^^^^^^^^^^^^^^^^^^^^^^^^^^^^^^^^^^^^^^^^^^^^^
  File "/Users/midas/miniconda3/lib/python3.11/site-packages/uvicorn/middleware/proxy_headers.py", line 60, in __call__
    return await self.app(scope, receive, send)
           ^^^^^^^^^^^^^^^^^^^^^^^^^^^^^^^^^^^^
  File "/Users/midas/miniconda3/lib/python3.11/site-packages/fastapi/applications.py", line 1162, in __call__
    await super().__call__(scope, receive, send)
  File "/Users/midas/miniconda3/lib/python3.11/site-packages/starlette/applications.py", line 90, in __call__
    await self.middleware_stack(scope, receive, send)
  File "/Users/midas/miniconda3/lib/python3.11/site-packages/starlette/middleware/errors.py", line 151, in __call__
    await self.app(scope, receive, send)
  File "/Users/midas/miniconda3/lib/python3.11/site-packages/starlette/middleware/cors.py", line 80, in __call__
    await self.app(scope, receive, send)
  File "/Users/midas/miniconda3/lib/python3.11/site-packages/starlette/middleware/exceptions.py", line 63, in __call__
    await wrap_app_handling_exceptions(self.app, conn)(scope, receive, send)
  File "/Users/midas/miniconda3/lib/python3.11/site-packages/starlette/_exception_handler.py", line 53, in wrapped_app
    raise exc
  File "/Users/midas/miniconda3/lib/python3.11/site-packages/starlette/_exception_handler.py", line 42, in wrapped_app
    await app(scope, receive, sender)
  File "/Users/midas/miniconda3/lib/python3.11/site-packages/fastapi/middleware/asyncexitstack.py", line 18, in __call__
    await self.app(scope, receive, send)
  File "/Users/midas/miniconda3/lib/python3.11/site-packages/starlette/routing.py", line 660, in __call__
    await self.middleware_stack(scope, receive, send)
  File "/Users/midas/miniconda3/lib/python3.11/site-packages/starlette/routing.py", line 680, in app
    await route.handle(scope, receive, send)
  File "/Users/midas/miniconda3/lib/python3.11/site-packages/starlette/routing.py", line 350, in handle
    await self.app(scope, receive, send)
  File "/Users/midas/miniconda3/lib/python3.11/site-packages/fastapi/routing.py", line 169, in app
    await wrap_app_handling_exceptions(app, session)(scope, receive, send)
  File "/Users/midas/miniconda3/lib/python3.11/site-packages/starlette/_exception_handler.py", line 53, in wrapped_app
    raise exc
  File "/Users/midas/miniconda3/lib/python3.11/site-packages/starlette/_exception_handler.py", line 42, in wrapped_app
    await app(scope, receive, sender)
  File "/Users/midas/miniconda3/lib/python3.11/site-packages/fastapi/routing.py", line 166, in app
    await func(session)
  File "/Users/midas/miniconda3/lib/python3.11/site-packages/fastapi/routing.py", line 773, in app
    await dependant.call(**solved_result.values)
  File "/Users/midas/Documents/F1_Project/backend/main.py", line 172, in websocket_simulate_multi
    await websocket.close()
  File "/Users/midas/miniconda3/lib/python3.11/site-packages/starlette/websockets.py", line 181, in close
    await self.send({"type": "websocket.close", "code": code, "reason": reason or ""})
  File "/Users/midas/miniconda3/lib/python3.11/site-packages/starlette/websockets.py", line 98, in send
    raise RuntimeError('Cannot call "send" once a close message has been sent.')
RuntimeError: Cannot call "send" once a close message has been sent.
ERROR:    Exception in ASGI application
Traceback (most recent call last):
  File "/Users/midas/miniconda3/lib/python3.11/site-packages/uvicorn/protocols/websockets/websockets_impl.py", line 244, in run_asgi
    result = await self.app(self.scope, self.asgi_receive, self.asgi_send)  # type: ignore[func-returns-value]
             ^^^^^^^^^^^^^^^^^^^^^^^^^^^^^^^^^^^^^^^^^^^^^^^^^^^^^^^^^^^^^
  File "/Users/midas/miniconda3/lib/python3.11/site-packages/uvicorn/middleware/proxy_headers.py", line 60, in __call__
    return await self.app(scope, receive, send)
           ^^^^^^^^^^^^^^^^^^^^^^^^^^^^^^^^^^^^
  File "/Users/midas/miniconda3/lib/python3.11/site-packages/fastapi/applications.py", line 1162, in __call__
    await super().__call__(scope, receive, send)
  File "/Users/midas/miniconda3/lib/python3.11/site-packages/starlette/applications.py", line 90, in __call__
    await self.middleware_stack(scope, receive, send)
  File "/Users/midas/miniconda3/lib/python3.11/site-packages/starlette/middleware/errors.py", line 151, in __call__
    await self.app(scope, receive, send)
  File "/Users/midas/miniconda3/lib/python3.11/site-packages/starlette/middleware/cors.py", line 80, in __call__
    await self.app(scope, receive, send)
  File "/Users/midas/miniconda3/lib/python3.11/site-packages/starlette/middleware/exceptions.py", line 63, in __call__
    await wrap_app_handling_exceptions(self.app, conn)(scope, receive, send)
  File "/Users/midas/miniconda3/lib/python3.11/site-packages/starlette/_exception_handler.py", line 53, in wrapped_app
    raise exc
  File "/Users/midas/miniconda3/lib/python3.11/site-packages/starlette/_exception_handler.py", line 42, in wrapped_app
    await app(scope, receive, sender)
  File "/Users/midas/miniconda3/lib/python3.11/site-packages/fastapi/middleware/asyncexitstack.py", line 18, in __call__
    await self.app(scope, receive, send)
  File "/Users/midas/miniconda3/lib/python3.11/site-packages/starlette/routing.py", line 660, in __call__
    await self.middleware_stack(scope, receive, send)
  File "/Users/midas/miniconda3/lib/python3.11/site-packages/starlette/routing.py", line 680, in app
    await route.handle(scope, receive, send)
  File "/Users/midas/miniconda3/lib/python3.11/site-packages/starlette/routing.py", line 350, in handle
    await self.app(scope, receive, send)
  File "/Users/midas/miniconda3/lib/python3.11/site-packages/fastapi/routing.py", line 169, in app
    await wrap_app_handling_exceptions(app, session)(scope, receive, send)
  File "/Users/midas/miniconda3/lib/python3.11/site-packages/starlette/_exception_handler.py", line 53, in wrapped_app
    raise exc
  File "/Users/midas/miniconda3/lib/python3.11/site-packages/starlette/_exception_handler.py", line 42, in wrapped_app
    await app(scope, receive, sender)
  File "/Users/midas/miniconda3/lib/python3.11/site-packages/fastapi/routing.py", line 166, in app
    await func(session)
  File "/Users/midas/miniconda3/lib/python3.11/site-packages/fastapi/routing.py", line 773, in app
    await dependant.call(**solved_result.values)
  File "/Users/midas/Documents/F1_Project/backend/main.py", line 172, in websocket_simulate_multi
    await websocket.close()
  File "/Users/midas/miniconda3/lib/python3.11/site-packages/starlette/websockets.py", line 181, in close
    await self.send({"type": "websocket.close", "code": code, "reason": reason or ""})
  File "/Users/midas/miniconda3/lib/python3.11/site-packages/starlette/websockets.py", line 98, in send
    raise RuntimeError('Cannot call "send" once a close message has been sent.')
RuntimeError: Cannot call "send" once a close message has been sent.
INFO:     connection closed
INFO:     127.0.0.1:51207 - "WebSocket /ws/race_multi" [accepted]
INFO:     connection open
ERROR:    Exception in ASGI application
Traceback (most recent call last):
  File "/Users/midas/miniconda3/lib/python3.11/site-packages/uvicorn/protocols/websockets/websockets_impl.py", line 244, in run_asgi
    result = await self.app(self.scope, self.asgi_receive, self.asgi_send)  # type: ignore[func-returns-value]
             ^^^^^^^^^^^^^^^^^^^^^^^^^^^^^^^^^^^^^^^^^^^^^^^^^^^^^^^^^^^^^
  File "/Users/midas/miniconda3/lib/python3.11/site-packages/uvicorn/middleware/proxy_headers.py", line 60, in __call__
    return await self.app(scope, receive, send)
           ^^^^^^^^^^^^^^^^^^^^^^^^^^^^^^^^^^^^
  File "/Users/midas/miniconda3/lib/python3.11/site-packages/fastapi/applications.py", line 1162, in __call__
    await super().__call__(scope, receive, send)
  File "/Users/midas/miniconda3/lib/python3.11/site-packages/starlette/applications.py", line 90, in __call__
    await self.middleware_stack(scope, receive, send)
  File "/Users/midas/miniconda3/lib/python3.11/site-packages/starlette/middleware/errors.py", line 151, in __call__
    await self.app(scope, receive, send)
  File "/Users/midas/miniconda3/lib/python3.11/site-packages/starlette/middleware/cors.py", line 80, in __call__
    await self.app(scope, receive, send)
  File "/Users/midas/miniconda3/lib/python3.11/site-packages/starlette/middleware/exceptions.py", line 63, in __call__
    await wrap_app_handling_exceptions(self.app, conn)(scope, receive, send)
  File "/Users/midas/miniconda3/lib/python3.11/site-packages/starlette/_exception_handler.py", line 53, in wrapped_app
    raise exc
  File "/Users/midas/miniconda3/lib/python3.11/site-packages/starlette/_exception_handler.py", line 42, in wrapped_app
    await app(scope, receive, sender)
  File "/Users/midas/miniconda3/lib/python3.11/site-packages/fastapi/middleware/asyncexitstack.py", line 18, in __call__
    await self.app(scope, receive, send)
  File "/Users/midas/miniconda3/lib/python3.11/site-packages/starlette/routing.py", line 660, in __call__
    await self.middleware_stack(scope, receive, send)
  File "/Users/midas/miniconda3/lib/python3.11/site-packages/starlette/routing.py", line 680, in app
    await route.handle(scope, receive, send)
  File "/Users/midas/miniconda3/lib/python3.11/site-packages/starlette/routing.py", line 350, in handle
    await self.app(scope, receive, send)
  File "/Users/midas/miniconda3/lib/python3.11/site-packages/fastapi/routing.py", line 169, in app
    await wrap_app_handling_exceptions(app, session)(scope, receive, send)
  File "/Users/midas/miniconda3/lib/python3.11/site-packages/starlette/_exception_handler.py", line 53, in wrapped_app
    raise exc
  File "/Users/midas/miniconda3/lib/python3.11/site-packages/starlette/_exception_handler.py", line 42, in wrapped_app
    await app(scope, receive, sender)
  File "/Users/midas/miniconda3/lib/python3.11/site-packages/fastapi/routing.py", line 166, in app
    await func(session)
  File "/Users/midas/miniconda3/lib/python3.11/site-packages/fastapi/routing.py", line 773, in app
    await dependant.call(**solved_result.values)
  File "/Users/midas/Documents/F1_Project/backend/main.py", line 172, in websocket_simulate_multi
    await websocket.close()
  File "/Users/midas/miniconda3/lib/python3.11/site-packages/starlette/websockets.py", line 181, in close
    await self.send({"type": "websocket.close", "code": code, "reason": reason or ""})
  File "/Users/midas/miniconda3/lib/python3.11/site-packages/starlette/websockets.py", line 98, in send
    raise RuntimeError('Cannot call "send" once a close message has been sent.')
RuntimeError: Cannot call "send" once a close message has been sent.
INFO:     connection closed
INFO:     127.0.0.1:51213 - "WebSocket /ws/race_multi" [accepted]
INFO:     connection open
Client disconnected: 
Client disconnected: 
Client disconnected: 
[Tripwire] Lap 1: ['PACE_DROP']
[Tripwire] Lap 1: ['PACE_DROP']
[Tripwire] Lap 1: ['PACE_DROP']
[Tripwire] Lap 1: ['PACE_DROP']
[Tripwire] Lap 1: ['PACE_DROP']
[Tripwire] Lap 1: ['THROTTLE_BRAKE_OVERLAP']
[Tripwire] Lap 1: ['THROTTLE_BRAKE_OVERLAP']
[Tripwire] Lap 1: ['THROTTLE_BRAKE_OVERLAP']
[Tripwire] Lap 1: ['THROTTLE_BRAKE_OVERLAP']
[Tripwire] Lap 1: ['THROTTLE_BRAKE_OVERLAP']
[Tripwire] Lap 1: ['THROTTLE_BRAKE_OVERLAP']
[Tripwire] Lap 1: ['THROTTLE_BRAKE_OVERLAP']
[Tripwire] Lap 1: ['THROTTLE_BRAKE_OVERLAP']
[Tripwire] Lap 1: ['THROTTLE_BRAKE_OVERLAP']
[Tripwire] Lap 1: ['THROTTLE_BRAKE_OVERLAP']
[Tripwire] Lap 1: ['THROTTLE_BRAKE_OVERLAP']
[Tripwire] Lap 1: ['THROTTLE_BRAKE_OVERLAP']
[Tripwire] Lap 1: ['THROTTLE_BRAKE_OVERLAP']
[Tripwire] Lap 1: ['THROTTLE_BRAKE_OVERLAP']
[Tripwire] Lap 1: ['THROTTLE_BRAKE_OVERLAP']
[Tripwire] Lap 1: ['THROTTLE_BRAKE_OVERLAP']
[Tripwire] Lap 1: ['PACE_DROP', 'THROTTLE_BRAKE_OVERLAP']
[Tripwire] Lap 1: ['PACE_DROP', 'THROTTLE_BRAKE_OVERLAP']
[Tripwire] Lap 1: ['THROTTLE_BRAKE_OVERLAP']
[Tripwire] Lap 1: ['THROTTLE_BRAKE_OVERLAP']
[Tripwire] Lap 1: ['THROTTLE_BRAKE_OVERLAP']
[Tripwire] Lap 1: ['THROTTLE_BRAKE_OVERLAP']
[Tripwire] Lap 1: ['THROTTLE_BRAKE_OVERLAP']
[Tripwire] Lap 1: ['THROTTLE_BRAKE_OVERLAP']
[Tripwire] Lap 1: ['THROTTLE_BRAKE_OVERLAP']
[Tripwire] Lap 1: ['THROTTLE_BRAKE_OVERLAP']
[Tripwire] Lap 1: ['THROTTLE_BRAKE_OVERLAP']
[Tripwire] Lap 1: ['THROTTLE_BRAKE_OVERLAP']
[Tripwire] Lap 1: ['THROTTLE_BRAKE_OVERLAP']
[Tripwire] Lap 1: ['THROTTLE_BRAKE_OVERLAP']
[Tripwire] Lap 1: ['THROTTLE_BRAKE_OVERLAP']
[Tripwire] Lap 1: ['THROTTLE_BRAKE_OVERLAP']
[Tripwire] Lap 1: ['THROTTLE_BRAKE_OVERLAP']
[Tripwire] Lap 1: ['THROTTLE_BRAKE_OVERLAP']
Client disconnected: 
[Tripwire] Lap 1: ['PACE_DROP']
[Tripwire] Lap 1: ['PACE_DROP']
[Tripwire] Lap 1: ['PACE_DROP']
[Tripwire] Lap 1: ['PACE_DROP']
[Tripwire] Lap 1: ['THROTTLE_BRAKE_OVERLAP']
[Tripwire] Lap 1: ['THROTTLE_BRAKE_OVERLAP']
[Tripwire] Lap 1: ['THROTTLE_BRAKE_OVERLAP']
[Tripwire] Lap 1: ['THROTTLE_BRAKE_OVERLAP']
[Tripwire] Lap 1: ['THROTTLE_BRAKE_OVERLAP']
[Tripwire] Lap 1: ['THROTTLE_BRAKE_OVERLAP']
[Tripwire] Lap 1: ['THROTTLE_BRAKE_OVERLAP']
[Tripwire] Lap 1: ['TYRE_CRITICAL']
[Tripwire] Lap 1: ['TYRE_CRITICAL']
[Tripwire] Lap 1: ['TYRE_CRITICAL']
[Tripwire] Lap 1: ['TYRE_CRITICAL']
[Tripwire] Lap 1: ['TYRE_CRITICAL']
[Tripwire] Lap 1: ['TYRE_CRITICAL']
[Tripwire] Lap 1: ['TYRE_CRITICAL']
[Tripwire] Lap 1: ['TYRE_CRITICAL']
[Tripwire] Lap 1: ['TYRE_CRITICAL']
[Tripwire] Lap 1: ['TYRE_CRITICAL']
[Tripwire] Lap 1: ['TYRE_CRITICAL']
[Tripwire] Lap 1: ['TYRE_CRITICAL']
[Tripwire] Lap 1: ['TYRE_CRITICAL']
[Tripwire] Lap 1: ['TYRE_CRITICAL']
[Tripwire] Lap 1: ['TYRE_CRITICAL']
[Tripwire] Lap 1: ['TYRE_CRITICAL']
[Tripwire] Lap 1: ['TYRE_CRITICAL']
[Tripwire] Lap 1: ['TYRE_CRITICAL']
[Tripwire] Lap 1: ['THROTTLE_BRAKE_OVERLAP']
[Tripwire] Lap 1: ['TYRE_CRITICAL']
[Tripwire] Lap 1: ['TYRE_CRITICAL']
[Tripwire] Lap 1: ['TYRE_CRITICAL']
[Tripwire] Lap 1: ['THROTTLE_BRAKE_OVERLAP']
[Tripwire] Lap 1: ['TYRE_CRITICAL']
[Tripwire] Lap 1: ['TYRE_CRITICAL']
[Tripwire] Lap 1: ['TYRE_CRITICAL']
[Tripwire] Lap 1: ['TYRE_CRITICAL']
[Tripwire] Lap 1: ['TYRE_CRITICAL']
[Tripwire] Lap 1: ['TYRE_CRITICAL']
[Tripwire] Lap 1: ['TYRE_CRITICAL']
[Tripwire] Lap 1: ['TYRE_CRITICAL']
[Tripwire] Lap 1: ['TYRE_CRITICAL']
[Tripwire] Lap 1: ['TYRE_CRITICAL']
[Tripwire] Lap 1: ['TYRE_CRITICAL']
[Tripwire] Lap 1: ['TYRE_CRITICAL']
[Tripwire] Lap 1: ['TYRE_CRITICAL']
[Tripwire] Lap 1: ['TYRE_CRITICAL']
[Tripwire] Lap 1: ['TYRE_CRITICAL']
[Tripwire] Lap 1: ['TYRE_CRITICAL']
[Tripwire] Lap 1: ['TYRE_CRITICAL']
[Tripwire] Lap 1: ['TYRE_CRITICAL']
[Tripwire] Lap 1: ['TYRE_CRITICAL']
[Tripwire] Lap 1: ['TYRE_CRITICAL']
[Tripwire] Lap 1: ['TYRE_CRITICAL']
[Tripwire] Lap 1: ['TYRE_CRITICAL']
[Tripwire] Lap 1: ['TYRE_CRITICAL']
[Tripwire] Lap 1: ['TYRE_CRITICAL']
[Tripwire] Lap 1: ['TYRE_CRITICAL']
[Tripwire] Lap 1: ['TYRE_CRITICAL']
[Tripwire] Lap 1: ['TYRE_CRITICAL']
[Tripwire] Lap 1: ['TYRE_CRITICAL']
[Tripwire] Lap 1: ['TYRE_CRITICAL']
[Tripwire] Lap 1: ['TYRE_CRITICAL']
[Tripwire] Lap 1: ['TYRE_CRITICAL']
[Tripwire] Lap 1: ['TYRE_CRITICAL']
[Tripwire] Lap 1: ['TYRE_CRITICAL']
[Tripwire] Lap 1: ['TYRE_CRITICAL']
[Tripwire] Lap 1: ['TYRE_CRITICAL']
[Tripwire] Lap 1: ['TYRE_CRITICAL']
[Tripwire] Lap 1: ['TYRE_CRITICAL']
[Tripwire] Lap 1: ['TYRE_CRITICAL']
[Tripwire] Lap 1: ['TYRE_CRITICAL']
[Tripwire] Lap 1: ['TYRE_CRITICAL']
[Tripwire] Lap 1: ['TYRE_CRITICAL']
[Tripwire] Lap 1: ['TYRE_CRITICAL']
[Tripwire] Lap 1: ['PACE_DROP', 'THROTTLE_BRAKE_OVERLAP', 'TYRE_CRITICAL']
[Tripwire] Lap 1: ['PACE_DROP', 'TYRE_CRITICAL']
[Tripwire] Lap 1: ['PACE_DROP', 'THROTTLE_BRAKE_OVERLAP', 'TYRE_CRITICAL']
[Tripwire] Lap 2: ['PACE_DROP']
[Tripwire] Lap 2: ['THROTTLE_BRAKE_OVERLAP']
[Tripwire] Lap 2: ['THROTTLE_BRAKE_OVERLAP']
[Tripwire] Lap 2: ['THROTTLE_BRAKE_OVERLAP']
[Tripwire] Lap 2: ['THROTTLE_BRAKE_OVERLAP']
[Tripwire] Lap 2: ['THROTTLE_BRAKE_OVERLAP']
[Tripwire] Lap 2: ['THROTTLE_BRAKE_OVERLAP']
[Tripwire] Lap 2: ['THROTTLE_BRAKE_OVERLAP']
INFO:     127.0.0.1:51214 - "GET /races HTTP/1.1" 200 OK
ERROR:    Exception in ASGI application
Traceback (most recent call last):
  File "/Users/midas/miniconda3/lib/python3.11/site-packages/uvicorn/protocols/websockets/websockets_impl.py", line 244, in run_asgi
    result = await self.app(self.scope, self.asgi_receive, self.asgi_send)  # type: ignore[func-returns-value]
             ^^^^^^^^^^^^^^^^^^^^^^^^^^^^^^^^^^^^^^^^^^^^^^^^^^^^^^^^^^^^^
  File "/Users/midas/miniconda3/lib/python3.11/site-packages/uvicorn/middleware/proxy_headers.py", line 60, in __call__
    return await self.app(scope, receive, send)
           ^^^^^^^^^^^^^^^^^^^^^^^^^^^^^^^^^^^^
  File "/Users/midas/miniconda3/lib/python3.11/site-packages/fastapi/applications.py", line 1162, in __call__
    await super().__call__(scope, receive, send)
  File "/Users/midas/miniconda3/lib/python3.11/site-packages/starlette/applications.py", line 90, in __call__
    await self.middleware_stack(scope, receive, send)
  File "/Users/midas/miniconda3/lib/python3.11/site-packages/starlette/middleware/errors.py", line 151, in __call__
    await self.app(scope, receive, send)
  File "/Users/midas/miniconda3/lib/python3.11/site-packages/starlette/middleware/cors.py", line 80, in __call__
    await self.app(scope, receive, send)
  File "/Users/midas/miniconda3/lib/python3.11/site-packages/starlette/middleware/exceptions.py", line 63, in __call__
    await wrap_app_handling_exceptions(self.app, conn)(scope, receive, send)
  File "/Users/midas/miniconda3/lib/python3.11/site-packages/starlette/_exception_handler.py", line 53, in wrapped_app
    raise exc
  File "/Users/midas/miniconda3/lib/python3.11/site-packages/starlette/_exception_handler.py", line 42, in wrapped_app
    await app(scope, receive, sender)
  File "/Users/midas/miniconda3/lib/python3.11/site-packages/fastapi/middleware/asyncexitstack.py", line 18, in __call__
    await self.app(scope, receive, send)
  File "/Users/midas/miniconda3/lib/python3.11/site-packages/starlette/routing.py", line 660, in __call__
    await self.middleware_stack(scope, receive, send)
  File "/Users/midas/miniconda3/lib/python3.11/site-packages/starlette/routing.py", line 680, in app
    await route.handle(scope, receive, send)
  File "/Users/midas/miniconda3/lib/python3.11/site-packages/starlette/routing.py", line 350, in handle
    await self.app(scope, receive, send)
  File "/Users/midas/miniconda3/lib/python3.11/site-packages/fastapi/routing.py", line 169, in app
    await wrap_app_handling_exceptions(app, session)(scope, receive, send)
  File "/Users/midas/miniconda3/lib/python3.11/site-packages/starlette/_exception_handler.py", line 53, in wrapped_app
    raise exc
  File "/Users/midas/miniconda3/lib/python3.11/site-packages/starlette/_exception_handler.py", line 42, in wrapped_app
    await app(scope, receive, sender)
  File "/Users/midas/miniconda3/lib/python3.11/site-packages/fastapi/routing.py", line 166, in app
    await func(session)
  File "/Users/midas/miniconda3/lib/python3.11/site-packages/fastapi/routing.py", line 773, in app
    await dependant.call(**solved_result.values)
  File "/Users/midas/Documents/F1_Project/backend/main.py", line 172, in websocket_simulate_multi
    await websocket.close()
  File "/Users/midas/miniconda3/lib/python3.11/site-packages/starlette/websockets.py", line 181, in close
    await self.send({"type": "websocket.close", "code": code, "reason": reason or ""})
  File "/Users/midas/miniconda3/lib/python3.11/site-packages/starlette/websockets.py", line 98, in send
    raise RuntimeError('Cannot call "send" once a close message has been sent.')
RuntimeError: Cannot call "send" once a close message has been sent.
INFO:     127.0.0.1:51219 - "WebSocket /ws/race_multi" [accepted]
INFO:     connection closed
INFO:     connection open
ERROR:    Exception in ASGI application
Traceback (most recent call last):
  File "/Users/midas/miniconda3/lib/python3.11/site-packages/uvicorn/protocols/websockets/websockets_impl.py", line 244, in run_asgi
    result = await self.app(self.scope, self.asgi_receive, self.asgi_send)  # type: ignore[func-returns-value]
             ^^^^^^^^^^^^^^^^^^^^^^^^^^^^^^^^^^^^^^^^^^^^^^^^^^^^^^^^^^^^^
  File "/Users/midas/miniconda3/lib/python3.11/site-packages/uvicorn/middleware/proxy_headers.py", line 60, in __call__
    return await self.app(scope, receive, send)
           ^^^^^^^^^^^^^^^^^^^^^^^^^^^^^^^^^^^^
  File "/Users/midas/miniconda3/lib/python3.11/site-packages/fastapi/applications.py", line 1162, in __call__
    await super().__call__(scope, receive, send)
  File "/Users/midas/miniconda3/lib/python3.11/site-packages/starlette/applications.py", line 90, in __call__
    await self.middleware_stack(scope, receive, send)
  File "/Users/midas/miniconda3/lib/python3.11/site-packages/starlette/middleware/errors.py", line 151, in __call__
    await self.app(scope, receive, send)
  File "/Users/midas/miniconda3/lib/python3.11/site-packages/starlette/middleware/cors.py", line 80, in __call__
    await self.app(scope, receive, send)
  File "/Users/midas/miniconda3/lib/python3.11/site-packages/starlette/middleware/exceptions.py", line 63, in __call__
    await wrap_app_handling_exceptions(self.app, conn)(scope, receive, send)
  File "/Users/midas/miniconda3/lib/python3.11/site-packages/starlette/_exception_handler.py", line 53, in wrapped_app
    raise exc
  File "/Users/midas/miniconda3/lib/python3.11/site-packages/starlette/_exception_handler.py", line 42, in wrapped_app
    await app(scope, receive, sender)
  File "/Users/midas/miniconda3/lib/python3.11/site-packages/fastapi/middleware/asyncexitstack.py", line 18, in __call__
    await self.app(scope, receive, send)
  File "/Users/midas/miniconda3/lib/python3.11/site-packages/starlette/routing.py", line 660, in __call__
    await self.middleware_stack(scope, receive, send)
  File "/Users/midas/miniconda3/lib/python3.11/site-packages/starlette/routing.py", line 680, in app
    await route.handle(scope, receive, send)
  File "/Users/midas/miniconda3/lib/python3.11/site-packages/starlette/routing.py", line 350, in handle
    await self.app(scope, receive, send)
  File "/Users/midas/miniconda3/lib/python3.11/site-packages/fastapi/routing.py", line 169, in app
    await wrap_app_handling_exceptions(app, session)(scope, receive, send)
  File "/Users/midas/miniconda3/lib/python3.11/site-packages/starlette/_exception_handler.py", line 53, in wrapped_app
    raise exc
  File "/Users/midas/miniconda3/lib/python3.11/site-packages/starlette/_exception_handler.py", line 42, in wrapped_app
    await app(scope, receive, sender)
  File "/Users/midas/miniconda3/lib/python3.11/site-packages/fastapi/routing.py", line 166, in app
    await func(session)
  File "/Users/midas/miniconda3/lib/python3.11/site-packages/fastapi/routing.py", line 773, in app
    await dependant.call(**solved_result.values)
  File "/Users/midas/Documents/F1_Project/backend/main.py", line 172, in websocket_simulate_multi
    await websocket.close()
  File "/Users/midas/miniconda3/lib/python3.11/site-packages/starlette/websockets.py", line 181, in close
    await self.send({"type": "websocket.close", "code": code, "reason": reason or ""})
  File "/Users/midas/miniconda3/lib/python3.11/site-packages/starlette/websockets.py", line 98, in send
    raise RuntimeError('Cannot call "send" once a close message has been sent.')
RuntimeError: Cannot call "send" once a close message has been sent.
INFO:     connection closed
INFO:     127.0.0.1:51226 - "WebSocket /ws/race_multi" [accepted]
INFO:     connection open
ERROR:    Exception in ASGI application
Traceback (most recent call last):
  File "/Users/midas/miniconda3/lib/python3.11/site-packages/uvicorn/protocols/websockets/websockets_impl.py", line 244, in run_asgi
    result = await self.app(self.scope, self.asgi_receive, self.asgi_send)  # type: ignore[func-returns-value]
             ^^^^^^^^^^^^^^^^^^^^^^^^^^^^^^^^^^^^^^^^^^^^^^^^^^^^^^^^^^^^^
  File "/Users/midas/miniconda3/lib/python3.11/site-packages/uvicorn/middleware/proxy_headers.py", line 60, in __call__
    return await self.app(scope, receive, send)
           ^^^^^^^^^^^^^^^^^^^^^^^^^^^^^^^^^^^^
  File "/Users/midas/miniconda3/lib/python3.11/site-packages/fastapi/applications.py", line 1162, in __call__
    await super().__call__(scope, receive, send)
  File "/Users/midas/miniconda3/lib/python3.11/site-packages/starlette/applications.py", line 90, in __call__
    await self.middleware_stack(scope, receive, send)
  File "/Users/midas/miniconda3/lib/python3.11/site-packages/starlette/middleware/errors.py", line 151, in __call__
    await self.app(scope, receive, send)
  File "/Users/midas/miniconda3/lib/python3.11/site-packages/starlette/middleware/cors.py", line 80, in __call__
    await self.app(scope, receive, send)
  File "/Users/midas/miniconda3/lib/python3.11/site-packages/starlette/middleware/exceptions.py", line 63, in __call__
    await wrap_app_handling_exceptions(self.app, conn)(scope, receive, send)
  File "/Users/midas/miniconda3/lib/python3.11/site-packages/starlette/_exception_handler.py", line 53, in wrapped_app
    raise exc
  File "/Users/midas/miniconda3/lib/python3.11/site-packages/starlette/_exception_handler.py", line 42, in wrapped_app
    await app(scope, receive, sender)
  File "/Users/midas/miniconda3/lib/python3.11/site-packages/fastapi/middleware/asyncexitstack.py", line 18, in __call__
    await self.app(scope, receive, send)
  File "/Users/midas/miniconda3/lib/python3.11/site-packages/starlette/routing.py", line 660, in __call__
    await self.middleware_stack(scope, receive, send)
  File "/Users/midas/miniconda3/lib/python3.11/site-packages/starlette/routing.py", line 680, in app
    await route.handle(scope, receive, send)
  File "/Users/midas/miniconda3/lib/python3.11/site-packages/starlette/routing.py", line 350, in handle
    await self.app(scope, receive, send)
  File "/Users/midas/miniconda3/lib/python3.11/site-packages/fastapi/routing.py", line 169, in app
    await wrap_app_handling_exceptions(app, session)(scope, receive, send)
  File "/Users/midas/miniconda3/lib/python3.11/site-packages/starlette/_exception_handler.py", line 53, in wrapped_app
    raise exc
  File "/Users/midas/miniconda3/lib/python3.11/site-packages/starlette/_exception_handler.py", line 42, in wrapped_app
    await app(scope, receive, sender)
  File "/Users/midas/miniconda3/lib/python3.11/site-packages/fastapi/routing.py", line 166, in app
    await func(session)
  File "/Users/midas/miniconda3/lib/python3.11/site-packages/fastapi/routing.py", line 773, in app
    await dependant.call(**solved_result.values)
  File "/Users/midas/Documents/F1_Project/backend/main.py", line 172, in websocket_simulate_multi
    await websocket.close()
  File "/Users/midas/miniconda3/lib/python3.11/site-packages/starlette/websockets.py", line 181, in close
    await self.send({"type": "websocket.close", "code": code, "reason": reason or ""})
  File "/Users/midas/miniconda3/lib/python3.11/site-packages/starlette/websockets.py", line 98, in send
    raise RuntimeError('Cannot call "send" once a close message has been sent.')
RuntimeError: Cannot call "send" once a close message has been sent.
Client disconnected: 
[Tripwire] Lap 1: ['THROTTLE_BRAKE_OVERLAP']
[Tripwire] Lap 2: ['THROTTLE_BRAKE_OVERLAP']
[Tripwire] Lap 2: ['THROTTLE_BRAKE_OVERLAP']
[Tripwire] Lap 2: ['THROTTLE_BRAKE_OVERLAP']
[Tripwire] Lap 1: ['THROTTLE_BRAKE_OVERLAP']
[Tripwire] Lap 1: ['THROTTLE_BRAKE_OVERLAP']
[Tripwire] Lap 2: ['THROTTLE_BRAKE_OVERLAP']
[Tripwire] Lap 2: ['THROTTLE_BRAKE_OVERLAP']
[Tripwire] Lap 2: ['THROTTLE_BRAKE_OVERLAP']
[Tripwire] Lap 2: ['THROTTLE_BRAKE_OVERLAP']
[Tripwire] Lap 1: ['THROTTLE_BRAKE_OVERLAP']
[Tripwire] Lap 2: ['THROTTLE_BRAKE_OVERLAP']
[Tripwire] Lap 2: ['THROTTLE_BRAKE_OVERLAP']
[Tripwire] Lap 1: ['THROTTLE_BRAKE_OVERLAP']
[Tripwire] Lap 2: ['THROTTLE_BRAKE_OVERLAP']
[Tripwire] Lap 2: ['THROTTLE_BRAKE_OVERLAP']
[Tripwire] Lap 2: ['THROTTLE_BRAKE_OVERLAP']
[Tripwire] Lap 2: ['THROTTLE_BRAKE_OVERLAP']
[Tripwire] Lap 2: ['THROTTLE_BRAKE_OVERLAP']
[Tripwire] Lap 1: ['TYRE_CRITICAL']
[Tripwire] Lap 1: ['THROTTLE_BRAKE_OVERLAP']
[Tripwire] Lap 1: ['TYRE_CRITICAL']
[Tripwire] Lap 1: ['TYRE_CRITICAL']
[Tripwire] Lap 1: ['THROTTLE_BRAKE_OVERLAP']
[Tripwire] Lap 1: ['TYRE_CRITICAL']
[Tripwire] Lap 1: ['TYRE_CRITICAL']
[Tripwire] Lap 1: ['TYRE_CRITICAL']
[Tripwire] Lap 1: ['TYRE_CRITICAL']
[Tripwire] Lap 1: ['TYRE_CRITICAL']
[Tripwire] Lap 1: ['TYRE_CRITICAL']
[Tripwire] Lap 1: ['TYRE_CRITICAL']
[Tripwire] Lap 1: ['TYRE_CRITICAL']
[Tripwire] Lap 1: ['TYRE_CRITICAL']
[Tripwire] Lap 1: ['TYRE_CRITICAL']
[Tripwire] Lap 1: ['TYRE_CRITICAL']
[Tripwire] Lap 1: ['TYRE_CRITICAL']
[Tripwire] Lap 1: ['TYRE_CRITICAL']
[Tripwire] Lap 1: ['TYRE_CRITICAL']
[Tripwire] Lap 1: ['TYRE_CRITICAL']
[Tripwire] Lap 1: ['TYRE_CRITICAL']
[Tripwire] Lap 1: ['TYRE_CRITICAL']
[Tripwire] Lap 1: ['TYRE_CRITICAL']
[Tripwire] Lap 1: ['PACE_DROP', 'THROTTLE_BRAKE_OVERLAP', 'TYRE_CRITICAL']
[Tripwire] Lap 2: ['PACE_DROP']
[Tripwire] Lap 2: ['PACE_DROP']
[Tripwire] Lap 2: ['PACE_DROP', 'THROTTLE_BRAKE_OVERLAP']
[Tripwire] Lap 2: ['PACE_DROP']
[Tripwire] Lap 2: ['THROTTLE_BRAKE_OVERLAP']
[Tripwire] Lap 2: ['THROTTLE_BRAKE_OVERLAP']
[Tripwire] Lap 2: ['THROTTLE_BRAKE_OVERLAP']
[Tripwire] Lap 2: ['THROTTLE_BRAKE_OVERLAP']
[Tripwire] Lap 2: ['THROTTLE_BRAKE_OVERLAP']
[Tripwire] Lap 2: ['THROTTLE_BRAKE_OVERLAP']
[Tripwire] Lap 2: ['THROTTLE_BRAKE_OVERLAP']
[Tripwire] Lap 2: ['THROTTLE_BRAKE_OVERLAP']
Client disconnected: 
[Tripwire] Lap 1: ['THROTTLE_BRAKE_OVERLAP']
[Tripwire] Lap 1: ['THROTTLE_BRAKE_OVERLAP']
[Tripwire] Lap 2: ['THROTTLE_BRAKE_OVERLAP']
[Tripwire] Lap 2: ['THROTTLE_BRAKE_OVERLAP']
[Tripwire] Lap 1: ['THROTTLE_BRAKE_OVERLAP']
[Tripwire] Lap 2: ['TYRE_CRITICAL']
[Tripwire] Lap 1: ['THROTTLE_BRAKE_OVERLAP']
[Tripwire] Lap 2: ['TYRE_CRITICAL']
[Tripwire] Lap 2: ['TYRE_CRITICAL']
[Tripwire] Lap 2: ['THROTTLE_BRAKE_OVERLAP']
[Tripwire] Lap 2: ['TYRE_CRITICAL']
[Tripwire] Lap 2: ['THROTTLE_BRAKE_OVERLAP']
[Tripwire] Lap 2: ['TYRE_CRITICAL']
[Tripwire] Lap 1: ['THROTTLE_BRAKE_OVERLAP']
[Tripwire] Lap 2: ['TYRE_CRITICAL']
[Tripwire] Lap 2: ['THROTTLE_BRAKE_OVERLAP']
[Tripwire] Lap 2: ['TYRE_CRITICAL']
[Tripwire] Lap 2: ['TYRE_CRITICAL']
[Tripwire] Lap 2: ['TYRE_CRITICAL']
[Tripwire] Lap 1: ['TYRE_CRITICAL']
[Tripwire] Lap 2: ['TYRE_CRITICAL']
[Tripwire] Lap 1: ['TYRE_CRITICAL']
[Tripwire] Lap 2: ['TYRE_CRITICAL']
[Tripwire] Lap 1: ['TYRE_CRITICAL']
[Tripwire] Lap 2: ['TYRE_CRITICAL']
[Tripwire] Lap 1: ['TYRE_CRITICAL']
[Tripwire] Lap 2: ['TYRE_CRITICAL']
[Tripwire] Lap 1: ['TYRE_CRITICAL']
[Tripwire] Lap 2: ['TYRE_CRITICAL']
[Tripwire] Lap 1: ['TYRE_CRITICAL']
[Tripwire] Lap 2: ['TYRE_CRITICAL']
[Tripwire] Lap 1: ['TYRE_CRITICAL']
[Tripwire] Lap 2: ['TYRE_CRITICAL']
[Tripwire] Lap 1: ['TYRE_CRITICAL']
[Tripwire] Lap 2: ['TYRE_CRITICAL']
[Tripwire] Lap 1: ['THROTTLE_BRAKE_OVERLAP']
[Tripwire] Lap 1: ['TYRE_CRITICAL']
[Tripwire] Lap 2: ['TYRE_CRITICAL']
[Tripwire] Lap 1: ['THROTTLE_BRAKE_OVERLAP']
[Tripwire] Lap 1: ['TYRE_CRITICAL']
[Tripwire] Lap 2: ['TYRE_CRITICAL']
[Tripwire] Lap 1: ['THROTTLE_BRAKE_OVERLAP']
[Tripwire] Lap 1: ['TYRE_CRITICAL']
[Tripwire] Lap 2: ['TYRE_CRITICAL']
[Tripwire] Lap 1: ['TYRE_CRITICAL']
[Tripwire] Lap 2: ['TYRE_CRITICAL']
[Tripwire] Lap 1: ['THROTTLE_BRAKE_OVERLAP']
[Tripwire] Lap 1: ['TYRE_CRITICAL']
[Tripwire] Lap 1: ['TYRE_CRITICAL']
[Tripwire] Lap 1: ['TYRE_CRITICAL']
[Tripwire] Lap 1: ['TYRE_CRITICAL']
[Tripwire] Lap 1: ['TYRE_CRITICAL']
[Tripwire] Lap 1: ['TYRE_CRITICAL']
[Tripwire] Lap 3: ['THROTTLE_BRAKE_OVERLAP']
[Tripwire] Lap 1: ['TYRE_CRITICAL']
[Tripwire] Lap 1: ['TYRE_CRITICAL']
[Tripwire] Lap 1: ['TYRE_CRITICAL']
[Tripwire] Lap 3: ['THROTTLE_BRAKE_OVERLAP']
[Tripwire] Lap 2: ['THROTTLE_BRAKE_OVERLAP']
[Tripwire] Lap 2: ['THROTTLE_BRAKE_OVERLAP']
[Tripwire] Lap 3: ['THROTTLE_BRAKE_OVERLAP']
[Tripwire] Lap 2: ['THROTTLE_BRAKE_OVERLAP']
[Tripwire] Lap 3: ['THROTTLE_BRAKE_OVERLAP']
[Tripwire] Lap 2: ['THROTTLE_BRAKE_OVERLAP']
[Tripwire] Lap 3: ['THROTTLE_BRAKE_OVERLAP']
[Tripwire] Lap 2: ['THROTTLE_BRAKE_OVERLAP']
[Tripwire] Lap 2: ['TYRE_CRITICAL']
[Tripwire] Lap 2: ['THROTTLE_BRAKE_OVERLAP']
[Tripwire] Lap 2: ['TYRE_CRITICAL']
[Tripwire] Lap 2: ['TYRE_CRITICAL']
[Tripwire] Lap 2: ['THROTTLE_BRAKE_OVERLAP']
[Tripwire] Lap 2: ['TYRE_CRITICAL']
[Tripwire] Lap 2: ['TYRE_CRITICAL']
[Tripwire] Lap 2: ['TYRE_CRITICAL']
[Tripwire] Lap 2: ['TYRE_CRITICAL']
[Tripwire] Lap 2: ['TYRE_CRITICAL']
[Tripwire] Lap 2: ['TYRE_CRITICAL']
[Tripwire] Lap 2: ['TYRE_CRITICAL']
[Tripwire] Lap 2: ['TYRE_CRITICAL']
[Tripwire] Lap 2: ['TYRE_CRITICAL']
[Tripwire] Lap 2: ['TYRE_CRITICAL']
[Tripwire] Lap 2: ['TYRE_CRITICAL']
[Tripwire] Lap 2: ['TYRE_CRITICAL']
[Tripwire] Lap 2: ['TYRE_CRITICAL']
[Tripwire] Lap 2: ['TYRE_CRITICAL']
[Tripwire] Lap 2: ['TYRE_CRITICAL']
[Tripwire] Lap 1: ['TYRE_CRITICAL']
[Tripwire] Lap 2: ['TYRE_CRITICAL']
[Tripwire] Lap 1: ['TYRE_CRITICAL']
[Tripwire] Lap 2: ['TYRE_CRITICAL']
[Tripwire] Lap 1: ['TYRE_CRITICAL']
[Tripwire] Lap 2: ['TYRE_CRITICAL']
[Tripwire] Lap 1: ['TYRE_CRITICAL']
[Tripwire] Lap 2: ['PACE_DROP', 'THROTTLE_BRAKE_OVERLAP', 'TYRE_CRITICAL']
[Tripwire] Lap 1: ['TYRE_CRITICAL']
[Tripwire] Lap 3: ['PACE_DROP']
[Tripwire] Lap 1: ['TYRE_CRITICAL']
[Tripwire] Lap 3: ['PACE_DROP', 'THROTTLE_BRAKE_OVERLAP']
[Tripwire] Lap 1: ['TYRE_CRITICAL']
[Tripwire] Lap 3: ['PACE_DROP']
[Tripwire] Lap 1: ['TYRE_CRITICAL']
[Tripwire] Lap 3: ['PACE_DROP']
[Tripwire] Lap 1: ['TYRE_CRITICAL']
[Tripwire] Lap 1: ['TYRE_CRITICAL']
[Tripwire] Lap 1: ['TYRE_CRITICAL']
[Tripwire] Lap 1: ['TYRE_CRITICAL']
[Tripwire] Lap 1: ['TYRE_CRITICAL']
[Tripwire] Lap 3: ['THROTTLE_BRAKE_OVERLAP']
[Tripwire] Lap 1: ['TYRE_CRITICAL']
[Tripwire] Lap 1: ['TYRE_CRITICAL']
[Tripwire] Lap 1: ['TYRE_CRITICAL']
[Tripwire] Lap 1: ['TYRE_CRITICAL']
[Tripwire] Lap 1: ['TYRE_CRITICAL']
[Tripwire] Lap 1: ['TYRE_CRITICAL']
[Tripwire] Lap 1: ['TYRE_CRITICAL']
[Tripwire] Lap 3: ['THROTTLE_BRAKE_OVERLAP']
[Tripwire] Lap 1: ['TYRE_CRITICAL']
[Tripwire] Lap 1: ['THROTTLE_BRAKE_OVERLAP', 'TYRE_CRITICAL']
[Tripwire] Lap 3: ['THROTTLE_BRAKE_OVERLAP']
[Tripwire] Lap 3: ['THROTTLE_BRAKE_OVERLAP']
[Tripwire] Lap 2: ['THROTTLE_BRAKE_OVERLAP']
[Tripwire] Lap 2: ['THROTTLE_BRAKE_OVERLAP']
[Tripwire] Lap 3: ['TYRE_CRITICAL']
[Tripwire] Lap 2: ['THROTTLE_BRAKE_OVERLAP']
Client disconnected: 
[Tripwire] Lap 3: ['THROTTLE_BRAKE_OVERLAP']
[Tripwire] Lap 2: ['THROTTLE_BRAKE_OVERLAP']
[Tripwire] Lap 2: ['THROTTLE_BRAKE_OVERLAP']
[Tripwire] Lap 2: ['THROTTLE_BRAKE_OVERLAP']
[Tripwire] Lap 3: ['THROTTLE_BRAKE_OVERLAP']
[Tripwire] Lap 2: ['THROTTLE_BRAKE_OVERLAP']
[Tripwire] Lap 1: ['THROTTLE_BRAKE_OVERLAP']
[Tripwire] Lap 2: ['TYRE_CRITICAL']
[Tripwire] Lap 2: ['TYRE_CRITICAL']
[Tripwire] Lap 2: ['TYRE_CRITICAL']
[Tripwire] Lap 2: ['THROTTLE_BRAKE_OVERLAP']
[Tripwire] Lap 2: ['TYRE_CRITICAL']
[Tripwire] Lap 2: ['TYRE_CRITICAL']
[Tripwire] Lap 2: ['THROTTLE_BRAKE_OVERLAP']
[Tripwire] Lap 2: ['TYRE_CRITICAL']
[Tripwire] Lap 2: ['TYRE_CRITICAL']
[Tripwire] Lap 2: ['THROTTLE_BRAKE_OVERLAP']
[Tripwire] Lap 1: ['THROTTLE_BRAKE_OVERLAP']
[Tripwire] Lap 2: ['TYRE_CRITICAL']
[Tripwire] Lap 2: ['TYRE_CRITICAL']
[Tripwire] Lap 2: ['TYRE_CRITICAL']
[Tripwire] Lap 2: ['THROTTLE_BRAKE_OVERLAP']
[Tripwire] Lap 1: ['THROTTLE_BRAKE_OVERLAP']
[Tripwire] Lap 2: ['TYRE_CRITICAL']
INFO:     connection closed
INFO:     127.0.0.1:51231 - "WebSocket /ws/race_multi" [accepted]
INFO:     connection open
ERROR:    Exception in ASGI application
Traceback (most recent call last):
  File "/Users/midas/miniconda3/lib/python3.11/site-packages/uvicorn/protocols/websockets/websockets_impl.py", line 244, in run_asgi
    result = await self.app(self.scope, self.asgi_receive, self.asgi_send)  # type: ignore[func-returns-value]
             ^^^^^^^^^^^^^^^^^^^^^^^^^^^^^^^^^^^^^^^^^^^^^^^^^^^^^^^^^^^^^
  File "/Users/midas/miniconda3/lib/python3.11/site-packages/uvicorn/middleware/proxy_headers.py", line 60, in __call__
    return await self.app(scope, receive, send)
           ^^^^^^^^^^^^^^^^^^^^^^^^^^^^^^^^^^^^
  File "/Users/midas/miniconda3/lib/python3.11/site-packages/fastapi/applications.py", line 1162, in __call__
    await super().__call__(scope, receive, send)
  File "/Users/midas/miniconda3/lib/python3.11/site-packages/starlette/applications.py", line 90, in __call__
    await self.middleware_stack(scope, receive, send)
  File "/Users/midas/miniconda3/lib/python3.11/site-packages/starlette/middleware/errors.py", line 151, in __call__
    await self.app(scope, receive, send)
  File "/Users/midas/miniconda3/lib/python3.11/site-packages/starlette/middleware/cors.py", line 80, in __call__
    await self.app(scope, receive, send)
  File "/Users/midas/miniconda3/lib/python3.11/site-packages/starlette/middleware/exceptions.py", line 63, in __call__
    await wrap_app_handling_exceptions(self.app, conn)(scope, receive, send)
  File "/Users/midas/miniconda3/lib/python3.11/site-packages/starlette/_exception_handler.py", line 53, in wrapped_app
    raise exc
  File "/Users/midas/miniconda3/lib/python3.11/site-packages/starlette/_exception_handler.py", line 42, in wrapped_app
    await app(scope, receive, sender)
  File "/Users/midas/miniconda3/lib/python3.11/site-packages/fastapi/middleware/asyncexitstack.py", line 18, in __call__
    await self.app(scope, receive, send)
  File "/Users/midas/miniconda3/lib/python3.11/site-packages/starlette/routing.py", line 660, in __call__
    await self.middleware_stack(scope, receive, send)
  File "/Users/midas/miniconda3/lib/python3.11/site-packages/starlette/routing.py", line 680, in app
    await route.handle(scope, receive, send)
  File "/Users/midas/miniconda3/lib/python3.11/site-packages/starlette/routing.py", line 350, in handle
    await self.app(scope, receive, send)
  File "/Users/midas/miniconda3/lib/python3.11/site-packages/fastapi/routing.py", line 169, in app
    await wrap_app_handling_exceptions(app, session)(scope, receive, send)
  File "/Users/midas/miniconda3/lib/python3.11/site-packages/starlette/_exception_handler.py", line 53, in wrapped_app
    raise exc
  File "/Users/midas/miniconda3/lib/python3.11/site-packages/starlette/_exception_handler.py", line 42, in wrapped_app
    await app(scope, receive, sender)
  File "/Users/midas/miniconda3/lib/python3.11/site-packages/fastapi/routing.py", line 166, in app
    await func(session)
  File "/Users/midas/miniconda3/lib/python3.11/site-packages/fastapi/routing.py", line 773, in app
    await dependant.call(**solved_result.values)
  File "/Users/midas/Documents/F1_Project/backend/main.py", line 172, in websocket_simulate_multi
    await websocket.close()
  File "/Users/midas/miniconda3/lib/python3.11/site-packages/starlette/websockets.py", line 181, in close
    await self.send({"type": "websocket.close", "code": code, "reason": reason or ""})
  File "/Users/midas/miniconda3/lib/python3.11/site-packages/starlette/websockets.py", line 98, in send
    raise RuntimeError('Cannot call "send" once a close message has been sent.')
RuntimeError: Cannot call "send" once a close message has been sent.
[Tripwire] Lap 1: ['THROTTLE_BRAKE_OVERLAP']
[Tripwire] Lap 2: ['TYRE_CRITICAL']
[Tripwire] Lap 2: ['TYRE_CRITICAL']
[Tripwire] Lap 2: ['TYRE_CRITICAL']
[Tripwire] Lap 1: ['THROTTLE_BRAKE_OVERLAP']
[Tripwire] Lap 2: ['TYRE_CRITICAL']
[Tripwire] Lap 2: ['TYRE_CRITICAL']
[Tripwire] Lap 2: ['TYRE_CRITICAL']
[Tripwire] Lap 2: ['TYRE_CRITICAL']
[Tripwire] Lap 2: ['TYRE_CRITICAL']
[Tripwire] Lap 2: ['TYRE_CRITICAL']
[Tripwire] Lap 2: ['TYRE_CRITICAL']
[Tripwire] Lap 1: ['THROTTLE_BRAKE_OVERLAP']
[Tripwire] Lap 3: ['THROTTLE_BRAKE_OVERLAP']
[Tripwire] Lap 3: ['THROTTLE_BRAKE_OVERLAP']
[Tripwire] Lap 3: ['THROTTLE_BRAKE_OVERLAP']
[Tripwire] Lap 3: ['THROTTLE_BRAKE_OVERLAP']
[Tripwire] Lap 3: ['THROTTLE_BRAKE_OVERLAP']
[Tripwire] Lap 3: ['THROTTLE_BRAKE_OVERLAP']
[Tripwire] Lap 3: ['THROTTLE_BRAKE_OVERLAP']
[Tripwire] Lap 3: ['THROTTLE_BRAKE_OVERLAP']
Client disconnected: 
[Tripwire] Lap 1: ['THROTTLE_BRAKE_OVERLAP']
[Tripwire] Lap 3: ['THROTTLE_BRAKE_OVERLAP']
[Tripwire] Lap 3: ['THROTTLE_BRAKE_OVERLAP']
[Tripwire] Lap 1: ['THROTTLE_BRAKE_OVERLAP']
[Tripwire] Lap 3: ['THROTTLE_BRAKE_OVERLAP']
[Tripwire] Lap 1: ['THROTTLE_BRAKE_OVERLAP']
[Tripwire] Lap 1: ['THROTTLE_BRAKE_OVERLAP']
[Tripwire] Lap 1: ['THROTTLE_BRAKE_OVERLAP']
[Tripwire] Lap 2: ['TYRE_CRITICAL']
[Tripwire] Lap 1: ['THROTTLE_BRAKE_OVERLAP']
[Tripwire] Lap 2: ['TYRE_CRITICAL']
[Tripwire] Lap 2: ['TYRE_CRITICAL']
[Tripwire] Lap 2: ['TYRE_CRITICAL']
[Tripwire] Lap 2: ['TYRE_CRITICAL']
[Tripwire] Lap 2: ['TYRE_CRITICAL']
[Tripwire] Lap 2: ['TYRE_CRITICAL']
[Tripwire] Lap 2: ['TYRE_CRITICAL']
[Tripwire] Lap 1: ['TYRE_CRITICAL']
[Tripwire] Lap 2: ['TYRE_CRITICAL']
[Tripwire] Lap 1: ['TYRE_CRITICAL']
[Tripwire] Lap 2: ['TYRE_CRITICAL']
[Tripwire] Lap 1: ['TYRE_CRITICAL']
[Tripwire] Lap 2: ['TYRE_CRITICAL']
[Tripwire] Lap 1: ['TYRE_CRITICAL']
[Tripwire] Lap 2: ['TYRE_CRITICAL']
[Tripwire] Lap 1: ['TYRE_CRITICAL']
[Tripwire] Lap 2: ['TYRE_CRITICAL']
[Tripwire] Lap 1: ['TYRE_CRITICAL']
[Tripwire] Lap 2: ['TYRE_CRITICAL']
[Tripwire] Lap 1: ['TYRE_CRITICAL']
[Tripwire] Lap 2: ['TYRE_CRITICAL']
[Tripwire] Lap 1: ['TYRE_CRITICAL']
[Tripwire] Lap 2: ['TYRE_CRITICAL']
[Tripwire] Lap 1: ['TYRE_CRITICAL']
[Tripwire] Lap 2: ['TYRE_CRITICAL']
[Tripwire] Lap 1: ['TYRE_CRITICAL']
[Tripwire] Lap 2: ['TYRE_CRITICAL']
[Tripwire] Lap 1: ['TYRE_CRITICAL']
[Tripwire] Lap 2: ['TYRE_CRITICAL']
[Tripwire] Lap 1: ['TYRE_CRITICAL']
[Tripwire] Lap 2: ['TYRE_CRITICAL']
[Tripwire] Lap 1: ['TYRE_CRITICAL']
[Tripwire] Lap 2: ['TYRE_CRITICAL']
[Tripwire] Lap 1: ['TYRE_CRITICAL']
[Tripwire] Lap 2: ['PACE_DROP', 'THROTTLE_BRAKE_OVERLAP', 'TYRE_CRITICAL']
[Tripwire] Lap 1: ['TYRE_CRITICAL']
[Tripwire] Lap 3: ['PACE_DROP']
[Tripwire] Lap 1: ['TYRE_CRITICAL']
[Tripwire] Lap 3: ['PACE_DROP']
[Tripwire] Lap 1: ['TYRE_CRITICAL']
[Tripwire] Lap 3: ['PACE_DROP']
[Tripwire] Lap 1: ['TYRE_CRITICAL']
[Tripwire] Lap 1: ['TYRE_CRITICAL']
[Tripwire] Lap 1: ['TYRE_CRITICAL']
[Tripwire] Lap 1: ['TYRE_CRITICAL']
[Tripwire] Lap 3: ['THROTTLE_BRAKE_OVERLAP']
[Tripwire] Lap 1: ['TYRE_CRITICAL']
[Tripwire] Lap 2: ['THROTTLE_BRAKE_OVERLAP']
[Tripwire] Lap 2: ['THROTTLE_BRAKE_OVERLAP']
[Tripwire] Lap 2: ['THROTTLE_BRAKE_OVERLAP']
[Tripwire] Lap 3: ['TYRE_CRITICAL']
[Tripwire] Lap 3: ['TYRE_CRITICAL']
[Tripwire] Lap 3: ['THROTTLE_BRAKE_OVERLAP']
[Tripwire] Lap 2: ['THROTTLE_BRAKE_OVERLAP']
[Tripwire] Lap 3: ['TYRE_CRITICAL']
[Tripwire] Lap 3: ['TYRE_CRITICAL']
[Tripwire] Lap 3: ['THROTTLE_BRAKE_OVERLAP']
[Tripwire] Lap 3: ['TYRE_CRITICAL']
[Tripwire] Lap 3: ['THROTTLE_BRAKE_OVERLAP']
[Tripwire] Lap 3: ['TYRE_CRITICAL']
[Tripwire] Lap 3: ['THROTTLE_BRAKE_OVERLAP']
[Tripwire] Lap 2: ['THROTTLE_BRAKE_OVERLAP']
[Tripwire] Lap 3: ['TYRE_CRITICAL']
[Tripwire] Lap 3: ['THROTTLE_BRAKE_OVERLAP']
[Tripwire] Lap 2: ['THROTTLE_BRAKE_OVERLAP']
[Tripwire] Lap 3: ['TYRE_CRITICAL']
[Tripwire] Lap 3: ['TYRE_CRITICAL']
[Tripwire] Lap 3: ['TYRE_CRITICAL']
[Tripwire] Lap 3: ['THROTTLE_BRAKE_OVERLAP']
[Tripwire] Lap 2: ['THROTTLE_BRAKE_OVERLAP']
[Tripwire] Lap 3: ['TYRE_CRITICAL']
[Tripwire] Lap 2: ['THROTTLE_BRAKE_OVERLAP']
[Tripwire] Lap 3: ['TYRE_CRITICAL']
[Tripwire] Lap 2: ['THROTTLE_BRAKE_OVERLAP']
[Tripwire] Lap 3: ['TYRE_CRITICAL']
[Tripwire] Lap 3: ['TYRE_CRITICAL']
[Tripwire] Lap 3: ['THROTTLE_BRAKE_OVERLAP']
[Tripwire] Lap 3: ['TYRE_CRITICAL']
[Tripwire] Lap 2: ['THROTTLE_BRAKE_OVERLAP']
[Tripwire] Lap 3: ['TYRE_CRITICAL']
[Tripwire] Lap 2: ['THROTTLE_BRAKE_OVERLAP']
[Tripwire] Lap 3: ['TYRE_CRITICAL']
[Tripwire] Lap 3: ['TYRE_CRITICAL']
[Tripwire] Lap 2: ['THROTTLE_BRAKE_OVERLAP']
[Tripwire] Lap 3: ['TYRE_CRITICAL']
[Tripwire] Lap 3: ['TYRE_CRITICAL']
[Tripwire] Lap 3: ['TYRE_CRITICAL']
[Tripwire] Lap 3: ['THROTTLE_BRAKE_OVERLAP', 'TYRE_CRITICAL']
[Tripwire] Lap 1: ['TYRE_CRITICAL']
[Tripwire] Lap 1: ['TYRE_CRITICAL']
[Tripwire] Lap 4: ['THROTTLE_BRAKE_OVERLAP']
[Tripwire] Lap 1: ['TYRE_CRITICAL']
[Tripwire] Lap 1: ['TYRE_CRITICAL']
[Tripwire] Lap 1: ['TYRE_CRITICAL']
[Tripwire] Lap 1: ['TYRE_CRITICAL']
[Tripwire] Lap 1: ['TYRE_CRITICAL']
[Tripwire] Lap 4: ['THROTTLE_BRAKE_OVERLAP']
[Tripwire] Lap 1: ['TYRE_CRITICAL']
[Tripwire] Lap 1: ['TYRE_CRITICAL']
[Tripwire] Lap 1: ['TYRE_CRITICAL']
[Tripwire] Lap 1: ['TYRE_CRITICAL']
[Tripwire] Lap 1: ['TYRE_CRITICAL']
[Tripwire] Lap 1: ['TYRE_CRITICAL']
[Tripwire] Lap 1: ['TYRE_CRITICAL']
[Tripwire] Lap 1: ['TYRE_CRITICAL']
[Tripwire] Lap 4: ['THROTTLE_BRAKE_OVERLAP']
[Tripwire] Lap 1: ['TYRE_CRITICAL']
[Tripwire] Lap 4: ['THROTTLE_BRAKE_OVERLAP']
[Tripwire] Lap 1: ['TYRE_CRITICAL']
[Tripwire] Lap 1: ['TYRE_CRITICAL']
[Tripwire] Lap 4: ['THROTTLE_BRAKE_OVERLAP']
[Tripwire] Lap 1: ['TYRE_CRITICAL']
[Tripwire] Lap 1: ['TYRE_CRITICAL']
[Tripwire] Lap 1: ['TYRE_CRITICAL']
[Tripwire] Lap 4: ['THROTTLE_BRAKE_OVERLAP']
[Tripwire] Lap 2: ['THROTTLE_BRAKE_OVERLAP']
[Tripwire] Lap 4: ['THROTTLE_BRAKE_OVERLAP']
[Tripwire] Lap 2: ['THROTTLE_BRAKE_OVERLAP']
[Tripwire] Lap 4: ['THROTTLE_BRAKE_OVERLAP']
[Tripwire] Lap 2: ['THROTTLE_BRAKE_OVERLAP']
[Tripwire] Lap 2: ['THROTTLE_BRAKE_OVERLAP']
[Tripwire] Lap 3: ['TYRE_CRITICAL']
[Tripwire] Lap 2: ['THROTTLE_BRAKE_OVERLAP']
[Tripwire] Lap 3: ['TYRE_CRITICAL']
[Tripwire] Lap 2: ['THROTTLE_BRAKE_OVERLAP']
[Tripwire] Lap 3: ['TYRE_CRITICAL']
[Tripwire] Lap 2: ['THROTTLE_BRAKE_OVERLAP']
[Tripwire] Lap 3: ['TYRE_CRITICAL']
[Tripwire] Lap 3: ['TYRE_CRITICAL']
[Tripwire] Lap 3: ['TYRE_CRITICAL']
[Tripwire] Lap 2: ['THROTTLE_BRAKE_OVERLAP']
[Tripwire] Lap 3: ['TYRE_CRITICAL']
[Tripwire] Lap 3: ['TYRE_CRITICAL']
[Tripwire] Lap 2: ['TYRE_CRITICAL']
[Tripwire] Lap 3: ['TYRE_CRITICAL']
[Tripwire] Lap 2: ['TYRE_CRITICAL']
[Tripwire] Lap 3: ['TYRE_CRITICAL']
[Tripwire] Lap 2: ['TYRE_CRITICAL']
[Tripwire] Lap 3: ['TYRE_CRITICAL']
[Tripwire] Lap 2: ['TYRE_CRITICAL']
[Tripwire] Lap 3: ['TYRE_CRITICAL']
[Tripwire] Lap 2: ['TYRE_CRITICAL']
[Tripwire] Lap 3: ['TYRE_CRITICAL']
[Tripwire] Lap 2: ['TYRE_CRITICAL']
[Tripwire] Lap 3: ['TYRE_CRITICAL']
[Tripwire] Lap 2: ['TYRE_CRITICAL']
[Tripwire] Lap 3: ['TYRE_CRITICAL']
[Tripwire] Lap 2: ['TYRE_CRITICAL']
[Tripwire] Lap 3: ['TYRE_CRITICAL']
[Tripwire] Lap 2: ['TYRE_CRITICAL']
[Tripwire] Lap 3: ['TYRE_CRITICAL']
[Tripwire] Lap 2: ['TYRE_CRITICAL']
[Tripwire] Lap 3: ['TYRE_CRITICAL']
[Tripwire] Lap 2: ['TYRE_CRITICAL']
[Tripwire] Lap 3: ['TYRE_CRITICAL']
[Tripwire] Lap 2: ['TYRE_CRITICAL']
[Tripwire] Lap 3: ['TYRE_CRITICAL']
[Tripwire] Lap 2: ['TYRE_CRITICAL']
[Tripwire] Lap 3: ['TYRE_CRITICAL']
[Tripwire] Lap 2: ['TYRE_CRITICAL']
[Tripwire] Lap 3: ['PACE_DROP', 'THROTTLE_BRAKE_OVERLAP', 'TYRE_CRITICAL']
[Tripwire] Lap 2: ['TYRE_CRITICAL']
[Tripwire] Lap 4: ['PACE_DROP']
[Tripwire] Lap 2: ['TYRE_CRITICAL']
[Tripwire] Lap 4: ['PACE_DROP']
[Tripwire] Lap 2: ['TYRE_CRITICAL']
[Tripwire] Lap 4: ['PACE_DROP']
[Tripwire] Lap 2: ['TYRE_CRITICAL']
[Tripwire] Lap 2: ['TYRE_CRITICAL']
[Tripwire] Lap 2: ['TYRE_CRITICAL']
[Tripwire] Lap 2: ['TYRE_CRITICAL']
[Tripwire] Lap 2: ['THROTTLE_BRAKE_OVERLAP', 'TYRE_CRITICAL']
[Tripwire] Lap 3: ['THROTTLE_BRAKE_OVERLAP']
[Tripwire] Lap 3: ['THROTTLE_BRAKE_OVERLAP']
[Tripwire] Lap 4: ['THROTTLE_BRAKE_OVERLAP']
[Tripwire] Lap 3: ['THROTTLE_BRAKE_OVERLAP']
[Tripwire] Lap 4: ['THROTTLE_BRAKE_OVERLAP']
[Tripwire] Lap 4: ['TYRE_CRITICAL']
[Tripwire] Lap 3: ['THROTTLE_BRAKE_OVERLAP']
[Tripwire] Lap 4: ['TYRE_CRITICAL']
[Tripwire] Lap 4: ['TYRE_CRITICAL']
[Tripwire] Lap 4: ['THROTTLE_BRAKE_OVERLAP']
[Tripwire] Lap 4: ['TYRE_CRITICAL']
[Tripwire] Lap 4: ['TYRE_CRITICAL']
[Tripwire] Lap 4: ['TYRE_CRITICAL']
[Tripwire] Lap 4: ['THROTTLE_BRAKE_OVERLAP']
[Tripwire] Lap 4: ['TYRE_CRITICAL']
[Tripwire] Lap 4: ['TYRE_CRITICAL']
[Tripwire] Lap 4: ['THROTTLE_BRAKE_OVERLAP']
[Tripwire] Lap 4: ['TYRE_CRITICAL']
[Tripwire] Lap 4: ['TYRE_CRITICAL']
[Tripwire] Lap 4: ['TYRE_CRITICAL']
[Tripwire] Lap 3: ['THROTTLE_BRAKE_OVERLAP']
[Tripwire] Lap 4: ['TYRE_CRITICAL']
[Tripwire] Lap 4: ['TYRE_CRITICAL']
[Tripwire] Lap 3: ['THROTTLE_BRAKE_OVERLAP']
[Tripwire] Lap 4: ['TYRE_CRITICAL']
[Tripwire] Lap 4: ['TYRE_CRITICAL']
[Tripwire] Lap 4: ['TYRE_CRITICAL']
[Tripwire] Lap 4: ['TYRE_CRITICAL']
[Tripwire] Lap 4: ['TYRE_CRITICAL']
[Tripwire] Lap 4: ['TYRE_CRITICAL']
[Tripwire] Lap 4: ['TYRE_CRITICAL']
[Tripwire] Lap 4: ['TYRE_CRITICAL']
[Tripwire] Lap 2: ['TYRE_CRITICAL']
[Tripwire] Lap 2: ['TYRE_CRITICAL']
[Tripwire] Lap 2: ['TYRE_CRITICAL']
[Tripwire] Lap 2: ['TYRE_CRITICAL']
[Tripwire] Lap 2: ['TYRE_CRITICAL']
[Tripwire] Lap 2: ['TYRE_CRITICAL']
[Tripwire] Lap 5: ['THROTTLE_BRAKE_OVERLAP']
[Tripwire] Lap 2: ['TYRE_CRITICAL']
[Tripwire] Lap 2: ['TYRE_CRITICAL']
[Tripwire] Lap 2: ['TYRE_CRITICAL']
[Tripwire] Lap 2: ['TYRE_CRITICAL']
[Tripwire] Lap 5: ['THROTTLE_BRAKE_OVERLAP']
[Tripwire] Lap 2: ['TYRE_CRITICAL']
[Tripwire] Lap 5: ['THROTTLE_BRAKE_OVERLAP']
[Tripwire] Lap 2: ['TYRE_CRITICAL']
[Tripwire] Lap 2: ['TYRE_CRITICAL']
[Tripwire] Lap 2: ['TYRE_CRITICAL']
[Tripwire] Lap 5: ['THROTTLE_BRAKE_OVERLAP']
[Tripwire] Lap 2: ['TYRE_CRITICAL']
[Tripwire] Lap 2: ['TYRE_CRITICAL']
[Tripwire] Lap 2: ['TYRE_CRITICAL']
[Tripwire] Lap 2: ['TYRE_CRITICAL']
[Tripwire] Lap 2: ['TYRE_CRITICAL']
[Tripwire] Lap 2: ['TYRE_CRITICAL']
[Tripwire] Lap 5: ['THROTTLE_BRAKE_OVERLAP']
[Tripwire] Lap 2: ['THROTTLE_BRAKE_OVERLAP', 'TYRE_CRITICAL']
[Tripwire] Lap 5: ['THROTTLE_BRAKE_OVERLAP']
[Tripwire] Lap 3: ['THROTTLE_BRAKE_OVERLAP']
[Tripwire] Lap 5: ['THROTTLE_BRAKE_OVERLAP']
[Tripwire] Lap 3: ['THROTTLE_BRAKE_OVERLAP']
[Tripwire] Lap 5: ['THROTTLE_BRAKE_OVERLAP']
[Tripwire] Lap 3: ['THROTTLE_BRAKE_OVERLAP']
[Tripwire] Lap 3: ['THROTTLE_BRAKE_OVERLAP']
[Tripwire] Lap 3: ['THROTTLE_BRAKE_OVERLAP']
[Tripwire] Lap 3: ['THROTTLE_BRAKE_OVERLAP']
[Tripwire] Lap 3: ['THROTTLE_BRAKE_OVERLAP']
[Tripwire] Lap 3: ['THROTTLE_BRAKE_OVERLAP']
[Tripwire] Lap 3: ['THROTTLE_BRAKE_OVERLAP']
[Tripwire] Lap 4: ['TYRE_CRITICAL']
[Tripwire] Lap 4: ['TYRE_CRITICAL']
[Tripwire] Lap 4: ['TYRE_CRITICAL']
[Tripwire] Lap 4: ['TYRE_CRITICAL']
[Tripwire] Lap 4: ['TYRE_CRITICAL']
[Tripwire] Lap 4: ['TYRE_CRITICAL']
[Tripwire] Lap 4: ['TYRE_CRITICAL']
[Tripwire] Lap 4: ['TYRE_CRITICAL']
[Tripwire] Lap 3: ['TYRE_CRITICAL']
[Tripwire] Lap 4: ['TYRE_CRITICAL']
[Tripwire] Lap 3: ['TYRE_CRITICAL']
[Tripwire] Lap 4: ['TYRE_CRITICAL']
[Tripwire] Lap 3: ['TYRE_CRITICAL']
[Tripwire] Lap 4: ['TYRE_CRITICAL']
[Tripwire] Lap 3: ['TYRE_CRITICAL']
[Tripwire] Lap 4: ['TYRE_CRITICAL']
[Tripwire] Lap 3: ['TYRE_CRITICAL']
[Tripwire] Lap 4: ['TYRE_CRITICAL']
[Tripwire] Lap 3: ['TYRE_CRITICAL']
[Tripwire] Lap 4: ['TYRE_CRITICAL']
[Tripwire] Lap 3: ['TYRE_CRITICAL']
[Tripwire] Lap 4: ['TYRE_CRITICAL']
[Tripwire] Lap 3: ['TYRE_CRITICAL']
[Tripwire] Lap 4: ['TYRE_CRITICAL']
[Tripwire] Lap 3: ['TYRE_CRITICAL']
[Tripwire] Lap 4: ['TYRE_CRITICAL']
[Tripwire] Lap 3: ['TYRE_CRITICAL']
[Tripwire] Lap 4: ['TYRE_CRITICAL']
[Tripwire] Lap 3: ['TYRE_CRITICAL']
[Tripwire] Lap 4: ['TYRE_CRITICAL']
[Tripwire] Lap 3: ['TYRE_CRITICAL']
[Tripwire] Lap 4: ['TYRE_CRITICAL']
[Tripwire] Lap 3: ['TYRE_CRITICAL']
[Tripwire] Lap 4: ['PACE_DROP', 'TYRE_CRITICAL']
[Tripwire] Lap 3: ['TYRE_CRITICAL']
[Tripwire] Lap 5: ['PACE_DROP']
[Tripwire] Lap 3: ['TYRE_CRITICAL']
[Tripwire] Lap 5: ['PACE_DROP']
[Tripwire] Lap 3: ['TYRE_CRITICAL']
[Tripwire] Lap 5: ['PACE_DROP']
[Tripwire] Lap 3: ['TYRE_CRITICAL']
[Tripwire] Lap 3: ['TYRE_CRITICAL']
[Tripwire] Lap 3: ['TYRE_CRITICAL']
[Tripwire] Lap 3: ['TYRE_CRITICAL']
[Tripwire] Lap 5: ['THROTTLE_BRAKE_OVERLAP']
[Tripwire] Lap 3: ['THROTTLE_BRAKE_OVERLAP', 'TYRE_CRITICAL']
[Tripwire] Lap 4: ['THROTTLE_BRAKE_OVERLAP']
[Tripwire] Lap 5: ['THROTTLE_BRAKE_OVERLAP']
[Tripwire] Lap 4: ['THROTTLE_BRAKE_OVERLAP']
[Tripwire] Lap 4: ['THROTTLE_BRAKE_OVERLAP']
[Tripwire] Lap 4: ['THROTTLE_BRAKE_OVERLAP']
[Tripwire] Lap 4: ['THROTTLE_BRAKE_OVERLAP']
[Tripwire] Lap 4: ['THROTTLE_BRAKE_OVERLAP']
[Tripwire] Lap 5: ['TYRE_CRITICAL']
[Tripwire] Lap 5: ['TYRE_CRITICAL']
[Tripwire] Lap 4: ['THROTTLE_BRAKE_OVERLAP']
[Tripwire] Lap 5: ['TYRE_CRITICAL']
[Tripwire] Lap 4: ['THROTTLE_BRAKE_OVERLAP']
[Tripwire] Lap 5: ['TYRE_CRITICAL']
[Tripwire] Lap 5: ['THROTTLE_BRAKE_OVERLAP']
[Tripwire] Lap 5: ['TYRE_CRITICAL']
[Tripwire] Lap 5: ['THROTTLE_BRAKE_OVERLAP']
[Tripwire] Lap 5: ['TYRE_CRITICAL']
[Tripwire] Lap 5: ['TYRE_CRITICAL']
[Tripwire] Lap 4: ['THROTTLE_BRAKE_OVERLAP']
[Tripwire] Lap 5: ['TYRE_CRITICAL']
[Tripwire] Lap 4: ['THROTTLE_BRAKE_OVERLAP']
[Tripwire] Lap 5: ['TYRE_CRITICAL']
[Tripwire] Lap 5: ['THROTTLE_BRAKE_OVERLAP']
[Tripwire] Lap 5: ['TYRE_CRITICAL']
[Tripwire] Lap 4: ['THROTTLE_BRAKE_OVERLAP']
[Tripwire] Lap 5: ['TYRE_CRITICAL']
[Tripwire] Lap 5: ['THROTTLE_BRAKE_OVERLAP']
[Tripwire] Lap 5: ['TYRE_CRITICAL']
[Tripwire] Lap 5: ['THROTTLE_BRAKE_OVERLAP']
[Tripwire] Lap 5: ['TYRE_CRITICAL']
[Tripwire] Lap 5: ['TYRE_CRITICAL']
[Tripwire] Lap 5: ['TYRE_CRITICAL']
[Tripwire] Lap 5: ['TYRE_CRITICAL']
[Tripwire] Lap 4: ['THROTTLE_BRAKE_OVERLAP']
[Tripwire] Lap 5: ['TYRE_CRITICAL']
[Tripwire] Lap 5: ['TYRE_CRITICAL']
[Tripwire] Lap 5: ['TYRE_CRITICAL']
[Tripwire] Lap 4: ['THROTTLE_BRAKE_OVERLAP']
[Tripwire] Lap 5: ['TYRE_CRITICAL']
[Tripwire] Lap 4: ['THROTTLE_BRAKE_OVERLAP']
[Tripwire] Lap 5: ['TYRE_CRITICAL']
[Tripwire] Lap 4: ['THROTTLE_BRAKE_OVERLAP']
[Tripwire] Lap 5: ['THROTTLE_BRAKE_OVERLAP', 'TYRE_CRITICAL']
[Tripwire] Lap 3: ['TYRE_CRITICAL']
[Tripwire] Lap 6: ['THROTTLE_BRAKE_OVERLAP']
[Tripwire] Lap 3: ['TYRE_CRITICAL']
[Tripwire] Lap 6: ['THROTTLE_BRAKE_OVERLAP']
[Tripwire] Lap 3: ['TYRE_CRITICAL']
[Tripwire] Lap 6: ['THROTTLE_BRAKE_OVERLAP']
[Tripwire] Lap 3: ['TYRE_CRITICAL']
[Tripwire] Lap 3: ['TYRE_CRITICAL']
[Tripwire] Lap 3: ['TYRE_CRITICAL']
[Tripwire] Lap 6: ['THROTTLE_BRAKE_OVERLAP']
[Tripwire] Lap 3: ['TYRE_CRITICAL']
[Tripwire] Lap 6: ['THROTTLE_BRAKE_OVERLAP']
[Tripwire] Lap 3: ['TYRE_CRITICAL']
[Tripwire] Lap 3: ['TYRE_CRITICAL']
[Tripwire] Lap 3: ['TYRE_CRITICAL']
[Tripwire] Lap 6: ['THROTTLE_BRAKE_OVERLAP']
[Tripwire] Lap 3: ['TYRE_CRITICAL']
[Tripwire] Lap 6: ['THROTTLE_BRAKE_OVERLAP']
[Tripwire] Lap 3: ['TYRE_CRITICAL']
[Tripwire] Lap 3: ['TYRE_CRITICAL']
[Tripwire] Lap 3: ['TYRE_CRITICAL']
[Tripwire] Lap 3: ['TYRE_CRITICAL']
[Tripwire] Lap 6: ['THROTTLE_BRAKE_OVERLAP']
[Tripwire] Lap 3: ['TYRE_CRITICAL']
[Tripwire] Lap 6: ['THROTTLE_BRAKE_OVERLAP']
[Tripwire] Lap 3: ['TYRE_CRITICAL']
[Tripwire] Lap 3: ['TYRE_CRITICAL']
[Tripwire] Lap 3: ['TYRE_CRITICAL']
[Tripwire] Lap 3: ['TYRE_CRITICAL']
[Tripwire] Lap 6: ['THROTTLE_BRAKE_OVERLAP']
[Tripwire] Lap 3: ['TYRE_CRITICAL']
[Tripwire] Lap 4: ['THROTTLE_BRAKE_OVERLAP']
[Tripwire] Lap 6: ['THROTTLE_BRAKE_OVERLAP']
[Tripwire] Lap 4: ['THROTTLE_BRAKE_OVERLAP']
[Tripwire] Lap 6: ['THROTTLE_BRAKE_OVERLAP']
[Tripwire] Lap 6: ['THROTTLE_BRAKE_OVERLAP']
[Tripwire] Lap 4: ['THROTTLE_BRAKE_OVERLAP']
[Tripwire] Lap 4: ['THROTTLE_BRAKE_OVERLAP']
[Tripwire] Lap 4: ['THROTTLE_BRAKE_OVERLAP']
[Tripwire] Lap 4: ['THROTTLE_BRAKE_OVERLAP']
[Tripwire] Lap 5: ['TYRE_CRITICAL']
[Tripwire] Lap 5: ['TYRE_CRITICAL']
[Tripwire] Lap 4: ['THROTTLE_BRAKE_OVERLAP']
[Tripwire] Lap 5: ['TYRE_CRITICAL']
[Tripwire] Lap 5: ['TYRE_CRITICAL']
[Tripwire] Lap 5: ['TYRE_CRITICAL']
[Tripwire] Lap 5: ['TYRE_CRITICAL']
[Tripwire] Lap 5: ['TYRE_CRITICAL']
[Tripwire] Lap 5: ['TYRE_CRITICAL']
[Tripwire] Lap 4: ['TYRE_CRITICAL']
[Tripwire] Lap 5: ['TYRE_CRITICAL']
[Tripwire] Lap 4: ['TYRE_CRITICAL']
[Tripwire] Lap 5: ['TYRE_CRITICAL']
[Tripwire] Lap 4: ['TYRE_CRITICAL']
[Tripwire] Lap 5: ['TYRE_CRITICAL']
[Tripwire] Lap 4: ['TYRE_CRITICAL']
[Tripwire] Lap 5: ['TYRE_CRITICAL']
[Tripwire] Lap 4: ['TYRE_CRITICAL']
[Tripwire] Lap 5: ['TYRE_CRITICAL']
[Tripwire] Lap 4: ['TYRE_CRITICAL']
[Tripwire] Lap 5: ['TYRE_CRITICAL']
[Tripwire] Lap 4: ['TYRE_CRITICAL']
[Tripwire] Lap 5: ['TYRE_CRITICAL']
[Tripwire] Lap 4: ['TYRE_CRITICAL']
[Tripwire] Lap 5: ['TYRE_CRITICAL']
[Tripwire] Lap 4: ['TYRE_CRITICAL']
[Tripwire] Lap 5: ['TYRE_CRITICAL']
[Tripwire] Lap 4: ['TYRE_CRITICAL']
[Tripwire] Lap 5: ['TYRE_CRITICAL']
[Tripwire] Lap 4: ['TYRE_CRITICAL']
[Tripwire] Lap 5: ['TYRE_CRITICAL']
[Tripwire] Lap 4: ['TYRE_CRITICAL']
[Tripwire] Lap 5: ['TYRE_CRITICAL']
[Tripwire] Lap 4: ['TYRE_CRITICAL']
[Tripwire] Lap 5: ['PACE_DROP', 'TYRE_CRITICAL']
[Tripwire] Lap 4: ['TYRE_CRITICAL']
[Tripwire] Lap 6: ['PACE_DROP']
[Tripwire] Lap 4: ['TYRE_CRITICAL']
[Tripwire] Lap 6: ['PACE_DROP']
[Tripwire] Lap 4: ['TYRE_CRITICAL']
[Tripwire] Lap 6: ['PACE_DROP']
[Tripwire] Lap 4: ['TYRE_CRITICAL']
[Tripwire] Lap 6: ['THROTTLE_BRAKE_OVERLAP']
[Tripwire] Lap 4: ['TYRE_CRITICAL']
[Tripwire] Lap 6: ['THROTTLE_BRAKE_OVERLAP']
[Tripwire] Lap 4: ['TYRE_CRITICAL']
[Tripwire] Lap 4: ['TYRE_CRITICAL']
[Tripwire] Lap 4: ['THROTTLE_BRAKE_OVERLAP', 'TYRE_CRITICAL']
[Tripwire] Lap 6: ['THROTTLE_BRAKE_OVERLAP']
[Tripwire] Lap 5: ['THROTTLE_BRAKE_OVERLAP']
[Tripwire] Lap 6: ['THROTTLE_BRAKE_OVERLAP']
[Tripwire] Lap 5: ['THROTTLE_BRAKE_OVERLAP']
[Tripwire] Lap 5: ['THROTTLE_BRAKE_OVERLAP']
[Tripwire] Lap 5: ['THROTTLE_BRAKE_OVERLAP']
[Tripwire] Lap 6: ['TYRE_CRITICAL']
[Tripwire] Lap 6: ['TYRE_CRITICAL']
[Tripwire] Lap 6: ['TYRE_CRITICAL']
[Tripwire] Lap 6: ['THROTTLE_BRAKE_OVERLAP']
[Tripwire] Lap 6: ['TYRE_CRITICAL']
[Tripwire] Lap 6: ['TYRE_CRITICAL']
[Tripwire] Lap 6: ['THROTTLE_BRAKE_OVERLAP']
[Tripwire] Lap 6: ['TYRE_CRITICAL']
[Tripwire] Lap 6: ['THROTTLE_BRAKE_OVERLAP']
[Tripwire] Lap 5: ['THROTTLE_BRAKE_OVERLAP']
[Tripwire] Lap 6: ['TYRE_CRITICAL']
[Tripwire] Lap 6: ['TYRE_CRITICAL']
[Tripwire] Lap 6: ['TYRE_CRITICAL']
[Tripwire] Lap 5: ['THROTTLE_BRAKE_OVERLAP']
[Tripwire] Lap 6: ['TYRE_CRITICAL']
[Tripwire] Lap 5: ['THROTTLE_BRAKE_OVERLAP']
[Tripwire] Lap 6: ['TYRE_CRITICAL']
[Tripwire] Lap 6: ['TYRE_CRITICAL']
[Tripwire] Lap 5: ['THROTTLE_BRAKE_OVERLAP']
[Tripwire] Lap 6: ['TYRE_CRITICAL']
[Tripwire] Lap 6: ['THROTTLE_BRAKE_OVERLAP']
[Tripwire] Lap 6: ['TYRE_CRITICAL']
[Tripwire] Lap 6: ['THROTTLE_BRAKE_OVERLAP']
[Tripwire] Lap 6: ['TYRE_CRITICAL']
[Tripwire] Lap 6: ['TYRE_CRITICAL']
[Tripwire] Lap 6: ['TYRE_CRITICAL']
[Tripwire] Lap 6: ['TYRE_CRITICAL']
[Tripwire] Lap 6: ['TYRE_CRITICAL']
[Tripwire] Lap 6: ['TYRE_CRITICAL']
[Tripwire] Lap 4: ['TYRE_CRITICAL']
[Tripwire] Lap 5: ['THROTTLE_BRAKE_OVERLAP']
[Tripwire] Lap 6: ['TYRE_CRITICAL']
[Tripwire] Lap 4: ['TYRE_CRITICAL']
[Tripwire] Lap 5: ['THROTTLE_BRAKE_OVERLAP']
[Tripwire] Lap 4: ['TYRE_CRITICAL']
[Tripwire] Lap 7: ['THROTTLE_BRAKE_OVERLAP']
[Tripwire] Lap 4: ['TYRE_CRITICAL']
[Tripwire] Lap 4: ['TYRE_CRITICAL']
[Tripwire] Lap 4: ['TYRE_CRITICAL']
[Tripwire] Lap 4: ['TYRE_CRITICAL']
[Tripwire] Lap 4: ['TYRE_CRITICAL']
[Tripwire] Lap 4: ['TYRE_CRITICAL']
[Tripwire] Lap 7: ['THROTTLE_BRAKE_OVERLAP']
[Tripwire] Lap 4: ['TYRE_CRITICAL']
[Tripwire] Lap 7: ['THROTTLE_BRAKE_OVERLAP']
[Tripwire] Lap 4: ['TYRE_CRITICAL']
[Tripwire] Lap 7: ['THROTTLE_BRAKE_OVERLAP']
[Tripwire] Lap 4: ['TYRE_CRITICAL']
[Tripwire] Lap 7: ['THROTTLE_BRAKE_OVERLAP']
[Tripwire] Lap 4: ['TYRE_CRITICAL']
[Tripwire] Lap 4: ['TYRE_CRITICAL']
[Tripwire] Lap 4: ['TYRE_CRITICAL']
[Tripwire] Lap 4: ['TYRE_CRITICAL']
[Tripwire] Lap 4: ['TYRE_CRITICAL']
[Tripwire] Lap 4: ['TYRE_CRITICAL']
[Tripwire] Lap 4: ['TYRE_CRITICAL']
[Tripwire] Lap 4: ['TYRE_CRITICAL']
[Tripwire] Lap 4: ['TYRE_CRITICAL']
[Tripwire] Lap 7: ['THROTTLE_BRAKE_OVERLAP']
[Tripwire] Lap 4: ['TYRE_CRITICAL']
[Tripwire] Lap 7: ['THROTTLE_BRAKE_OVERLAP']
[Tripwire] Lap 7: ['THROTTLE_BRAKE_OVERLAP']
[Tripwire] Lap 5: ['THROTTLE_BRAKE_OVERLAP']
[Tripwire] Lap 7: ['THROTTLE_BRAKE_OVERLAP']
[Tripwire] Lap 5: ['THROTTLE_BRAKE_OVERLAP']
[Tripwire] Lap 5: ['THROTTLE_BRAKE_OVERLAP']
[Tripwire] Lap 5: ['THROTTLE_BRAKE_OVERLAP']
[Tripwire] Lap 5: ['THROTTLE_BRAKE_OVERLAP']
[Tripwire] Lap 5: ['THROTTLE_BRAKE_OVERLAP']
[Tripwire] Lap 6: ['TYRE_CRITICAL']
[Tripwire] Lap 5: ['THROTTLE_BRAKE_OVERLAP']
[Tripwire] Lap 6: ['TYRE_CRITICAL']
[Tripwire] Lap 6: ['TYRE_CRITICAL']
[Tripwire] Lap 6: ['TYRE_CRITICAL']
[Tripwire] Lap 6: ['TYRE_CRITICAL']
[Tripwire] Lap 5: ['THROTTLE_BRAKE_OVERLAP']
[Tripwire] Lap 6: ['TYRE_CRITICAL']
[Tripwire] Lap 6: ['TYRE_CRITICAL']
[Tripwire] Lap 6: ['TYRE_CRITICAL']
[Tripwire] Lap 5: ['TYRE_CRITICAL']
[Tripwire] Lap 6: ['TYRE_CRITICAL']
[Tripwire] Lap 5: ['TYRE_CRITICAL']
[Tripwire] Lap 6: ['TYRE_CRITICAL']
[Tripwire] Lap 5: ['TYRE_CRITICAL']
[Tripwire] Lap 6: ['TYRE_CRITICAL']
[Tripwire] Lap 5: ['TYRE_CRITICAL']
[Tripwire] Lap 6: ['TYRE_CRITICAL']
[Tripwire] Lap 5: ['TYRE_CRITICAL']
[Tripwire] Lap 6: ['TYRE_CRITICAL']
[Tripwire] Lap 5: ['TYRE_CRITICAL']
[Tripwire] Lap 6: ['TYRE_CRITICAL']
[Tripwire] Lap 5: ['TYRE_CRITICAL']
[Tripwire] Lap 6: ['TYRE_CRITICAL']
[Tripwire] Lap 5: ['TYRE_CRITICAL']
[Tripwire] Lap 6: ['TYRE_CRITICAL']
[Tripwire] Lap 5: ['TYRE_CRITICAL']
[Tripwire] Lap 6: ['TYRE_CRITICAL']
[Tripwire] Lap 5: ['TYRE_CRITICAL']
[Tripwire] Lap 6: ['TYRE_CRITICAL']
[Tripwire] Lap 5: ['TYRE_CRITICAL']
[Tripwire] Lap 6: ['TYRE_CRITICAL']
[Tripwire] Lap 5: ['TYRE_CRITICAL']
[Tripwire] Lap 6: ['TYRE_CRITICAL']
[Tripwire] Lap 5: ['TYRE_CRITICAL']
[Tripwire] Lap 6: ['TYRE_CRITICAL']
[Tripwire] Lap 5: ['TYRE_CRITICAL']
[Tripwire] Lap 6: ['PACE_DROP', 'THROTTLE_BRAKE_OVERLAP', 'TYRE_CRITICAL']
[Tripwire] Lap 5: ['TYRE_CRITICAL']
[Tripwire] Lap 7: ['PACE_DROP']
[Tripwire] Lap 5: ['TYRE_CRITICAL']
[Tripwire] Lap 7: ['PACE_DROP', 'THROTTLE_BRAKE_OVERLAP']
[Tripwire] Lap 5: ['TYRE_CRITICAL']
[Tripwire] Lap 7: ['PACE_DROP', 'THROTTLE_BRAKE_OVERLAP']
[Tripwire] Lap 5: ['TYRE_CRITICAL']
[Tripwire] Lap 5: ['TYRE_CRITICAL']
[Tripwire] Lap 5: ['TYRE_CRITICAL']
[Tripwire] Lap 5: ['TYRE_CRITICAL']
[Tripwire] Lap 5: ['THROTTLE_BRAKE_OVERLAP', 'TYRE_CRITICAL']
[Tripwire] Lap 7: ['THROTTLE_BRAKE_OVERLAP']
[Tripwire] Lap 6: ['THROTTLE_BRAKE_OVERLAP']
[Tripwire] Lap 7: ['TYRE_CRITICAL']
[Tripwire] Lap 7: ['TYRE_CRITICAL']
[Tripwire] Lap 7: ['TYRE_CRITICAL']
[Tripwire] Lap 7: ['THROTTLE_BRAKE_OVERLAP']
[Tripwire] Lap 7: ['TYRE_CRITICAL']
[Tripwire] Lap 7: ['THROTTLE_BRAKE_OVERLAP']
[Tripwire] Lap 7: ['TYRE_CRITICAL']
[Tripwire] Lap 7: ['TYRE_CRITICAL']
[Tripwire] Lap 7: ['TYRE_CRITICAL']
[Tripwire] Lap 6: ['THROTTLE_BRAKE_OVERLAP']
[Tripwire] Lap 7: ['TYRE_CRITICAL']
[Tripwire] Lap 6: ['THROTTLE_BRAKE_OVERLAP']
[Tripwire] Lap 7: ['TYRE_CRITICAL']
[Tripwire] Lap 7: ['TYRE_CRITICAL']
[Tripwire] Lap 6: ['THROTTLE_BRAKE_OVERLAP']
[Tripwire] Lap 7: ['TYRE_CRITICAL']
[Tripwire] Lap 6: ['THROTTLE_BRAKE_OVERLAP']
[Tripwire] Lap 7: ['TYRE_CRITICAL']
[Tripwire] Lap 7: ['THROTTLE_BRAKE_OVERLAP']
[Tripwire] Lap 6: ['THROTTLE_BRAKE_OVERLAP']
[Tripwire] Lap 7: ['TYRE_CRITICAL']
[Tripwire] Lap 7: ['THROTTLE_BRAKE_OVERLAP']
[Tripwire] Lap 6: ['THROTTLE_BRAKE_OVERLAP']
[Tripwire] Lap 7: ['TYRE_CRITICAL']
[Tripwire] Lap 6: ['THROTTLE_BRAKE_OVERLAP']
[Tripwire] Lap 7: ['TYRE_CRITICAL']
[Tripwire] Lap 7: ['TYRE_CRITICAL']
[Tripwire] Lap 6: ['THROTTLE_BRAKE_OVERLAP']
[Tripwire] Lap 7: ['TYRE_CRITICAL']
[Tripwire] Lap 7: ['TYRE_CRITICAL']
[Tripwire] Lap 6: ['THROTTLE_BRAKE_OVERLAP']
[Tripwire] Lap 7: ['TYRE_CRITICAL']
[Tripwire] Lap 7: ['TYRE_CRITICAL']
[Tripwire] Lap 5: ['TYRE_CRITICAL']
[Tripwire] Lap 7: ['TYRE_CRITICAL']
[Tripwire] Lap 5: ['TYRE_CRITICAL']
[Tripwire] Lap 6: ['THROTTLE_BRAKE_OVERLAP']
[Tripwire] Lap 5: ['TYRE_CRITICAL']
[Tripwire] Lap 5: ['TYRE_CRITICAL']
[Tripwire] Lap 5: ['TYRE_CRITICAL']
[Tripwire] Lap 8: ['THROTTLE_BRAKE_OVERLAP']
[Tripwire] Lap 5: ['TYRE_CRITICAL']
[Tripwire] Lap 5: ['TYRE_CRITICAL']
[Tripwire] Lap 8: ['THROTTLE_BRAKE_OVERLAP']
[Tripwire] Lap 5: ['TYRE_CRITICAL']
[Tripwire] Lap 5: ['TYRE_CRITICAL']
[Tripwire] Lap 5: ['TYRE_CRITICAL']
[Tripwire] Lap 8: ['THROTTLE_BRAKE_OVERLAP']
[Tripwire] Lap 5: ['TYRE_CRITICAL']
[Tripwire] Lap 8: ['THROTTLE_BRAKE_OVERLAP']
INFO:     connection closed
INFO:     connection closed
INFO:     connection closed
INFO:     connection closed
ERROR:    Exception in ASGI application
Traceback (most recent call last):
  File "/Users/midas/miniconda3/lib/python3.11/site-packages/uvicorn/protocols/websockets/websockets_impl.py", line 244, in run_asgi
    result = await self.app(self.scope, self.asgi_receive, self.asgi_send)  # type: ignore[func-returns-value]
             ^^^^^^^^^^^^^^^^^^^^^^^^^^^^^^^^^^^^^^^^^^^^^^^^^^^^^^^^^^^^^
  File "/Users/midas/miniconda3/lib/python3.11/site-packages/uvicorn/middleware/proxy_headers.py", line 60, in __call__
    return await self.app(scope, receive, send)
           ^^^^^^^^^^^^^^^^^^^^^^^^^^^^^^^^^^^^
  File "/Users/midas/miniconda3/lib/python3.11/site-packages/fastapi/applications.py", line 1162, in __call__
    await super().__call__(scope, receive, send)
  File "/Users/midas/miniconda3/lib/python3.11/site-packages/starlette/applications.py", line 90, in __call__
    await self.middleware_stack(scope, receive, send)
  File "/Users/midas/miniconda3/lib/python3.11/site-packages/starlette/middleware/errors.py", line 151, in __call__
    await self.app(scope, receive, send)
  File "/Users/midas/miniconda3/lib/python3.11/site-packages/starlette/middleware/cors.py", line 80, in __call__
    await self.app(scope, receive, send)
  File "/Users/midas/miniconda3/lib/python3.11/site-packages/starlette/middleware/exceptions.py", line 63, in __call__
    await wrap_app_handling_exceptions(self.app, conn)(scope, receive, send)
  File "/Users/midas/miniconda3/lib/python3.11/site-packages/starlette/_exception_handler.py", line 53, in wrapped_app
    raise exc
  File "/Users/midas/miniconda3/lib/python3.11/site-packages/starlette/_exception_handler.py", line 42, in wrapped_app
    await app(scope, receive, sender)
  File "/Users/midas/miniconda3/lib/python3.11/site-packages/fastapi/middleware/asyncexitstack.py", line 18, in __call__
    await self.app(scope, receive, send)
  File "/Users/midas/miniconda3/lib/python3.11/site-packages/starlette/routing.py", line 660, in __call__
    await self.middleware_stack(scope, receive, send)
  File "/Users/midas/miniconda3/lib/python3.11/site-packages/starlette/routing.py", line 680, in app
    await route.handle(scope, receive, send)
  File "/Users/midas/miniconda3/lib/python3.11/site-packages/starlette/routing.py", line 350, in handle
    await self.app(scope, receive, send)
  File "/Users/midas/miniconda3/lib/python3.11/site-packages/fastapi/routing.py", line 169, in app
    await wrap_app_handling_exceptions(app, session)(scope, receive, send)
  File "/Users/midas/miniconda3/lib/python3.11/site-packages/starlette/_exception_handler.py", line 53, in wrapped_app
    raise exc
  File "/Users/midas/miniconda3/lib/python3.11/site-packages/starlette/_exception_handler.py", line 42, in wrapped_app
    await app(scope, receive, sender)
  File "/Users/midas/miniconda3/lib/python3.11/site-packages/fastapi/routing.py", line 166, in app
    await func(session)
  File "/Users/midas/miniconda3/lib/python3.11/site-packages/fastapi/routing.py", line 773, in app
    await dependant.call(**solved_result.values)
  File "/Users/midas/Documents/F1_Project/backend/main.py", line 172, in websocket_simulate_multi
    await websocket.close()
  File "/Users/midas/miniconda3/lib/python3.11/site-packages/starlette/websockets.py", line 181, in close
    await self.send({"type": "websocket.close", "code": code, "reason": reason or ""})
  File "/Users/midas/miniconda3/lib/python3.11/site-packages/starlette/websockets.py", line 98, in send
    raise RuntimeError('Cannot call "send" once a close message has been sent.')
RuntimeError: Cannot call "send" once a close message has been sent.
ERROR:    Exception in ASGI application
Traceback (most recent call last):
  File "/Users/midas/miniconda3/lib/python3.11/site-packages/uvicorn/protocols/websockets/websockets_impl.py", line 244, in run_asgi
    result = await self.app(self.scope, self.asgi_receive, self.asgi_send)  # type: ignore[func-returns-value]
             ^^^^^^^^^^^^^^^^^^^^^^^^^^^^^^^^^^^^^^^^^^^^^^^^^^^^^^^^^^^^^
  File "/Users/midas/miniconda3/lib/python3.11/site-packages/uvicorn/middleware/proxy_headers.py", line 60, in __call__
    return await self.app(scope, receive, send)
           ^^^^^^^^^^^^^^^^^^^^^^^^^^^^^^^^^^^^
  File "/Users/midas/miniconda3/lib/python3.11/site-packages/fastapi/applications.py", line 1162, in __call__
    await super().__call__(scope, receive, send)
  File "/Users/midas/miniconda3/lib/python3.11/site-packages/starlette/applications.py", line 90, in __call__
    await self.middleware_stack(scope, receive, send)
  File "/Users/midas/miniconda3/lib/python3.11/site-packages/starlette/middleware/errors.py", line 151, in __call__
    await self.app(scope, receive, send)
  File "/Users/midas/miniconda3/lib/python3.11/site-packages/starlette/middleware/cors.py", line 80, in __call__
    await self.app(scope, receive, send)
  File "/Users/midas/miniconda3/lib/python3.11/site-packages/starlette/middleware/exceptions.py", line 63, in __call__
    await wrap_app_handling_exceptions(self.app, conn)(scope, receive, send)
  File "/Users/midas/miniconda3/lib/python3.11/site-packages/starlette/_exception_handler.py", line 53, in wrapped_app
    raise exc
  File "/Users/midas/miniconda3/lib/python3.11/site-packages/starlette/_exception_handler.py", line 42, in wrapped_app
    await app(scope, receive, sender)
  File "/Users/midas/miniconda3/lib/python3.11/site-packages/fastapi/middleware/asyncexitstack.py", line 18, in __call__
    await self.app(scope, receive, send)
  File "/Users/midas/miniconda3/lib/python3.11/site-packages/starlette/routing.py", line 660, in __call__
    await self.middleware_stack(scope, receive, send)
  File "/Users/midas/miniconda3/lib/python3.11/site-packages/starlette/routing.py", line 680, in app
    await route.handle(scope, receive, send)
  File "/Users/midas/miniconda3/lib/python3.11/site-packages/starlette/routing.py", line 350, in handle
    await self.app(scope, receive, send)
  File "/Users/midas/miniconda3/lib/python3.11/site-packages/fastapi/routing.py", line 169, in app
    await wrap_app_handling_exceptions(app, session)(scope, receive, send)
  File "/Users/midas/miniconda3/lib/python3.11/site-packages/starlette/_exception_handler.py", line 53, in wrapped_app
    raise exc
  File "/Users/midas/miniconda3/lib/python3.11/site-packages/starlette/_exception_handler.py", line 42, in wrapped_app
    await app(scope, receive, sender)
  File "/Users/midas/miniconda3/lib/python3.11/site-packages/fastapi/routing.py", line 166, in app
    await func(session)
  File "/Users/midas/miniconda3/lib/python3.11/site-packages/fastapi/routing.py", line 773, in app
    await dependant.call(**solved_result.values)
  File "/Users/midas/Documents/F1_Project/backend/main.py", line 172, in websocket_simulate_multi
    await websocket.close()
  File "/Users/midas/miniconda3/lib/python3.11/site-packages/starlette/websockets.py", line 181, in close
    await self.send({"type": "websocket.close", "code": code, "reason": reason or ""})
  File "/Users/midas/miniconda3/lib/python3.11/site-packages/starlette/websockets.py", line 98, in send
    raise RuntimeError('Cannot call "send" once a close message has been sent.')
RuntimeError: Cannot call "send" once a close message has been sent.
ERROR:    Exception in ASGI application
Traceback (most recent call last):
  File "/Users/midas/miniconda3/lib/python3.11/site-packages/uvicorn/protocols/websockets/websockets_impl.py", line 244, in run_asgi
    result = await self.app(self.scope, self.asgi_receive, self.asgi_send)  # type: ignore[func-returns-value]
             ^^^^^^^^^^^^^^^^^^^^^^^^^^^^^^^^^^^^^^^^^^^^^^^^^^^^^^^^^^^^^
  File "/Users/midas/miniconda3/lib/python3.11/site-packages/uvicorn/middleware/proxy_headers.py", line 60, in __call__
    return await self.app(scope, receive, send)
           ^^^^^^^^^^^^^^^^^^^^^^^^^^^^^^^^^^^^
  File "/Users/midas/miniconda3/lib/python3.11/site-packages/fastapi/applications.py", line 1162, in __call__
    await super().__call__(scope, receive, send)
  File "/Users/midas/miniconda3/lib/python3.11/site-packages/starlette/applications.py", line 90, in __call__
    await self.middleware_stack(scope, receive, send)
  File "/Users/midas/miniconda3/lib/python3.11/site-packages/starlette/middleware/errors.py", line 151, in __call__
    await self.app(scope, receive, send)
  File "/Users/midas/miniconda3/lib/python3.11/site-packages/starlette/middleware/cors.py", line 80, in __call__
    await self.app(scope, receive, send)
  File "/Users/midas/miniconda3/lib/python3.11/site-packages/starlette/middleware/exceptions.py", line 63, in __call__
    await wrap_app_handling_exceptions(self.app, conn)(scope, receive, send)
  File "/Users/midas/miniconda3/lib/python3.11/site-packages/starlette/_exception_handler.py", line 53, in wrapped_app
    raise exc
  File "/Users/midas/miniconda3/lib/python3.11/site-packages/starlette/_exception_handler.py", line 42, in wrapped_app
    await app(scope, receive, sender)
  File "/Users/midas/miniconda3/lib/python3.11/site-packages/fastapi/middleware/asyncexitstack.py", line 18, in __call__
    await self.app(scope, receive, send)
  File "/Users/midas/miniconda3/lib/python3.11/site-packages/starlette/routing.py", line 660, in __call__
    await self.middleware_stack(scope, receive, send)
  File "/Users/midas/miniconda3/lib/python3.11/site-packages/starlette/routing.py", line 680, in app
    await route.handle(scope, receive, send)
  File "/Users/midas/miniconda3/lib/python3.11/site-packages/starlette/routing.py", line 350, in handle
    await self.app(scope, receive, send)
  File "/Users/midas/miniconda3/lib/python3.11/site-packages/fastapi/routing.py", line 169, in app
    await wrap_app_handling_exceptions(app, session)(scope, receive, send)
  File "/Users/midas/miniconda3/lib/python3.11/site-packages/starlette/_exception_handler.py", line 53, in wrapped_app
    raise exc
  File "/Users/midas/miniconda3/lib/python3.11/site-packages/starlette/_exception_handler.py", line 42, in wrapped_app
    await app(scope, receive, sender)
  File "/Users/midas/miniconda3/lib/python3.11/site-packages/fastapi/routing.py", line 166, in app
    await func(session)
  File "/Users/midas/miniconda3/lib/python3.11/site-packages/fastapi/routing.py", line 773, in app
    await dependant.call(**solved_result.values)
  File "/Users/midas/Documents/F1_Project/backend/main.py", line 172, in websocket_simulate_multi
    await websocket.close()
  File "/Users/midas/miniconda3/lib/python3.11/site-packages/starlette/websockets.py", line 181, in close
    await self.send({"type": "websocket.close", "code": code, "reason": reason or ""})
  File "/Users/midas/miniconda3/lib/python3.11/site-packages/starlette/websockets.py", line 98, in send
    raise RuntimeError('Cannot call "send" once a close message has been sent.')
RuntimeError: Cannot call "send" once a close message has been sent.
ERROR:    Exception in ASGI application
Traceback (most recent call last):
  File "/Users/midas/miniconda3/lib/python3.11/site-packages/uvicorn/protocols/websockets/websockets_impl.py", line 244, in run_asgi
    result = await self.app(self.scope, self.asgi_receive, self.asgi_send)  # type: ignore[func-returns-value]
             ^^^^^^^^^^^^^^^^^^^^^^^^^^^^^^^^^^^^^^^^^^^^^^^^^^^^^^^^^^^^^
  File "/Users/midas/miniconda3/lib/python3.11/site-packages/uvicorn/middleware/proxy_headers.py", line 60, in __call__
    return await self.app(scope, receive, send)
           ^^^^^^^^^^^^^^^^^^^^^^^^^^^^^^^^^^^^
  File "/Users/midas/miniconda3/lib/python3.11/site-packages/fastapi/applications.py", line 1162, in __call__
    await super().__call__(scope, receive, send)
  File "/Users/midas/miniconda3/lib/python3.11/site-packages/starlette/applications.py", line 90, in __call__
    await self.middleware_stack(scope, receive, send)
  File "/Users/midas/miniconda3/lib/python3.11/site-packages/starlette/middleware/errors.py", line 151, in __call__
    await self.app(scope, receive, send)
  File "/Users/midas/miniconda3/lib/python3.11/site-packages/starlette/middleware/cors.py", line 80, in __call__
    await self.app(scope, receive, send)
  File "/Users/midas/miniconda3/lib/python3.11/site-packages/starlette/middleware/exceptions.py", line 63, in __call__
    await wrap_app_handling_exceptions(self.app, conn)(scope, receive, send)
  File "/Users/midas/miniconda3/lib/python3.11/site-packages/starlette/_exception_handler.py", line 53, in wrapped_app
    raise exc
  File "/Users/midas/miniconda3/lib/python3.11/site-packages/starlette/_exception_handler.py", line 42, in wrapped_app
    await app(scope, receive, sender)
  File "/Users/midas/miniconda3/lib/python3.11/site-packages/fastapi/middleware/asyncexitstack.py", line 18, in __call__
    await self.app(scope, receive, send)
  File "/Users/midas/miniconda3/lib/python3.11/site-packages/starlette/routing.py", line 660, in __call__
    await self.middleware_stack(scope, receive, send)
  File "/Users/midas/miniconda3/lib/python3.11/site-packages/starlette/routing.py", line 680, in app
    await route.handle(scope, receive, send)
  File "/Users/midas/miniconda3/lib/python3.11/site-packages/starlette/routing.py", line 350, in handle
    await self.app(scope, receive, send)
  File "/Users/midas/miniconda3/lib/python3.11/site-packages/fastapi/routing.py", line 169, in app
    await wrap_app_handling_exceptions(app, session)(scope, receive, send)
  File "/Users/midas/miniconda3/lib/python3.11/site-packages/starlette/_exception_handler.py", line 53, in wrapped_app
    raise exc
  File "/Users/midas/miniconda3/lib/python3.11/site-packages/starlette/_exception_handler.py", line 42, in wrapped_app
    await app(scope, receive, sender)
  File "/Users/midas/miniconda3/lib/python3.11/site-packages/fastapi/routing.py", line 166, in app
    await func(session)
  File "/Users/midas/miniconda3/lib/python3.11/site-packages/fastapi/routing.py", line 773, in app
    await dependant.call(**solved_result.values)
  File "/Users/midas/Documents/F1_Project/backend/main.py", line 172, in websocket_simulate_multi
    await websocket.close()
  File "/Users/midas/miniconda3/lib/python3.11/site-packages/starlette/websockets.py", line 181, in close
    await self.send({"type": "websocket.close", "code": code, "reason": reason or ""})
  File "/Users/midas/miniconda3/lib/python3.11/site-packages/starlette/websockets.py", line 98, in send
    raise RuntimeError('Cannot call "send" once a close message has been sent.')
RuntimeError: Cannot call "send" once a close message has been sent.
[Tripwire] Lap 5: ['TYRE_CRITICAL']
[Tripwire] Lap 5: ['TYRE_CRITICAL']
[Tripwire] Lap 5: ['TYRE_CRITICAL']
[Tripwire] Lap 5: ['TYRE_CRITICAL']
[Tripwire] Lap 8: ['THROTTLE_BRAKE_OVERLAP']
[Tripwire] Lap 5: ['TYRE_CRITICAL']
[Tripwire] Lap 8: ['THROTTLE_BRAKE_OVERLAP']
[Tripwire] Lap 5: ['TYRE_CRITICAL']
[Tripwire] Lap 5: ['TYRE_CRITICAL']
[Tripwire] Lap 5: ['TYRE_CRITICAL']
[Tripwire] Lap 5: ['TYRE_CRITICAL']
[Tripwire] Lap 5: ['TYRE_CRITICAL']
[Tripwire] Lap 5: ['TYRE_CRITICAL']
[Tripwire] Lap 8: ['THROTTLE_BRAKE_OVERLAP']
[Tripwire] Lap 8: ['THROTTLE_BRAKE_OVERLAP']
[Tripwire] Lap 6: ['THROTTLE_BRAKE_OVERLAP']
[Tripwire] Lap 8: ['THROTTLE_BRAKE_OVERLAP']
[Tripwire] Lap 8: ['THROTTLE_BRAKE_OVERLAP']
[Tripwire] Lap 6: ['THROTTLE_BRAKE_OVERLAP']
[Tripwire] Lap 6: ['THROTTLE_BRAKE_OVERLAP']
[Tripwire] Lap 6: ['THROTTLE_BRAKE_OVERLAP']
[Tripwire] Lap 6: ['THROTTLE_BRAKE_OVERLAP']
[Tripwire] Lap 6: ['THROTTLE_BRAKE_OVERLAP']
[Tripwire] Lap 6: ['THROTTLE_BRAKE_OVERLAP']
[Tripwire] Lap 6: ['THROTTLE_BRAKE_OVERLAP']
[Tripwire] Lap 7: ['TYRE_CRITICAL']
[Tripwire] Lap 7: ['TYRE_CRITICAL']
[Tripwire] Lap 7: ['TYRE_CRITICAL']
[Tripwire] Lap 6: ['THROTTLE_BRAKE_OVERLAP']
[Tripwire] Lap 7: ['TYRE_CRITICAL']
[Tripwire] Lap 6: ['THROTTLE_BRAKE_OVERLAP']
[Tripwire] Lap 7: ['TYRE_CRITICAL']
[Tripwire] Lap 6: ['THROTTLE_BRAKE_OVERLAP']
[Tripwire] Lap 7: ['TYRE_CRITICAL']
[Tripwire] Lap 7: ['TYRE_CRITICAL']
[Tripwire] Lap 7: ['TYRE_CRITICAL']
[Tripwire] Lap 6: ['TYRE_CRITICAL']
[Tripwire] Lap 7: ['TYRE_CRITICAL']
[Tripwire] Lap 6: ['TYRE_CRITICAL']
[Tripwire] Lap 7: ['TYRE_CRITICAL']
[Tripwire] Lap 6: ['TYRE_CRITICAL']
[Tripwire] Lap 7: ['TYRE_CRITICAL']
[Tripwire] Lap 6: ['TYRE_CRITICAL']
[Tripwire] Lap 7: ['TYRE_CRITICAL']
[Tripwire] Lap 6: ['TYRE_CRITICAL']
[Tripwire] Lap 7: ['TYRE_CRITICAL']
[Tripwire] Lap 6: ['TYRE_CRITICAL']
[Tripwire] Lap 7: ['TYRE_CRITICAL']
[Tripwire] Lap 6: ['TYRE_CRITICAL']
[Tripwire] Lap 7: ['TYRE_CRITICAL']
[Tripwire] Lap 6: ['TYRE_CRITICAL']
[Tripwire] Lap 7: ['TYRE_CRITICAL']
[Tripwire] Lap 6: ['TYRE_CRITICAL']
[Tripwire] Lap 7: ['TYRE_CRITICAL']
[Tripwire] Lap 6: ['TYRE_CRITICAL']
[Tripwire] Lap 7: ['TYRE_CRITICAL']
[Tripwire] Lap 6: ['TYRE_CRITICAL']
[Tripwire] Lap 7: ['TYRE_CRITICAL']
[Tripwire] Lap 6: ['TYRE_CRITICAL']
[Tripwire] Lap 7: ['TYRE_CRITICAL']
[Tripwire] Lap 6: ['TYRE_CRITICAL']
[Tripwire] Lap 7: ['PACE_DROP', 'TYRE_CRITICAL']
[Tripwire] Lap 6: ['TYRE_CRITICAL']
[Tripwire] Lap 8: ['PACE_DROP']
[Tripwire] Lap 6: ['TYRE_CRITICAL']
[Tripwire] Lap 8: ['PACE_DROP']
[Tripwire] Lap 6: ['TYRE_CRITICAL']
[Tripwire] Lap 8: ['THROTTLE_BRAKE_OVERLAP']
[Tripwire] Lap 6: ['TYRE_CRITICAL']
[Tripwire] Lap 6: ['TYRE_CRITICAL']
[Tripwire] Lap 6: ['TYRE_CRITICAL']
[Tripwire] Lap 6: ['TYRE_CRITICAL']
[Tripwire] Lap 6: ['TYRE_CRITICAL']
[Tripwire] Lap 8: ['THROTTLE_BRAKE_OVERLAP']
[Tripwire] Lap 7: ['THROTTLE_BRAKE_OVERLAP']
[Tripwire] Lap 8: ['THROTTLE_BRAKE_OVERLAP']
[Tripwire] Lap 8: ['THROTTLE_BRAKE_OVERLAP']
[Tripwire] Lap 8: ['TYRE_CRITICAL']
[Tripwire] Lap 7: ['THROTTLE_BRAKE_OVERLAP']
[Tripwire] Lap 8: ['TYRE_CRITICAL']
[Tripwire] Lap 8: ['TYRE_CRITICAL']
[Tripwire] Lap 8: ['THROTTLE_BRAKE_OVERLAP']
[Tripwire] Lap 8: ['TYRE_CRITICAL']
[Tripwire] Lap 8: ['TYRE_CRITICAL']
[Tripwire] Lap 8: ['THROTTLE_BRAKE_OVERLAP']
[Tripwire] Lap 8: ['TYRE_CRITICAL']
[Tripwire] Lap 8: ['THROTTLE_BRAKE_OVERLAP']
[Tripwire] Lap 8: ['TYRE_CRITICAL']
[Tripwire] Lap 8: ['TYRE_CRITICAL']
[Tripwire] Lap 8: ['TYRE_CRITICAL']
[Tripwire] Lap 8: ['TYRE_CRITICAL']
[Tripwire] Lap 8: ['THROTTLE_BRAKE_OVERLAP']
[Tripwire] Lap 8: ['TYRE_CRITICAL']
Client disconnected: 
Client disconnected: 
Client disconnected: 
Client disconnected: 
INFO:     127.0.0.1:51297 - "GET /races HTTP/1.1" 200 OK
INFO:     127.0.0.1:51298 - "WebSocket /ws/race_multi" [accepted]
INFO:     connection open
INFO:     127.0.0.1:51300 - "GET /races HTTP/1.1" 200 OK
INFO:     127.0.0.1:51297 - "GET /races HTTP/1.1" 200 OK
INFO:     127.0.0.1:51300 - "GET /races HTTP/1.1" 200 OK
INFO:     127.0.0.1:51303 - "WebSocket /ws/race_multi" [accepted]
INFO:     connection open
INFO:     127.0.0.1:51305 - "WebSocket /ws/race_multi" [accepted]
INFO:     connection open
INFO:     127.0.0.1:51306 - "WebSocket /ws/race_multi" [accepted]
INFO:     connection open
INFO:     connection closed
INFO:     127.0.0.1:51313 - "WebSocket /ws/race_multi" [accepted]
INFO:     connection open
ERROR:    Exception in ASGI application
Traceback (most recent call last):
  File "/Users/midas/miniconda3/lib/python3.11/site-packages/uvicorn/protocols/websockets/websockets_impl.py", line 244, in run_asgi
    result = await self.app(self.scope, self.asgi_receive, self.asgi_send)  # type: ignore[func-returns-value]
             ^^^^^^^^^^^^^^^^^^^^^^^^^^^^^^^^^^^^^^^^^^^^^^^^^^^^^^^^^^^^^
  File "/Users/midas/miniconda3/lib/python3.11/site-packages/uvicorn/middleware/proxy_headers.py", line 60, in __call__
    return await self.app(scope, receive, send)
           ^^^^^^^^^^^^^^^^^^^^^^^^^^^^^^^^^^^^
  File "/Users/midas/miniconda3/lib/python3.11/site-packages/fastapi/applications.py", line 1162, in __call__
    await super().__call__(scope, receive, send)
  File "/Users/midas/miniconda3/lib/python3.11/site-packages/starlette/applications.py", line 90, in __call__
    await self.middleware_stack(scope, receive, send)
  File "/Users/midas/miniconda3/lib/python3.11/site-packages/starlette/middleware/errors.py", line 151, in __call__
    await self.app(scope, receive, send)
  File "/Users/midas/miniconda3/lib/python3.11/site-packages/starlette/middleware/cors.py", line 80, in __call__
    await self.app(scope, receive, send)
  File "/Users/midas/miniconda3/lib/python3.11/site-packages/starlette/middleware/exceptions.py", line 63, in __call__
    await wrap_app_handling_exceptions(self.app, conn)(scope, receive, send)
  File "/Users/midas/miniconda3/lib/python3.11/site-packages/starlette/_exception_handler.py", line 53, in wrapped_app
    raise exc
  File "/Users/midas/miniconda3/lib/python3.11/site-packages/starlette/_exception_handler.py", line 42, in wrapped_app
    await app(scope, receive, sender)
  File "/Users/midas/miniconda3/lib/python3.11/site-packages/fastapi/middleware/asyncexitstack.py", line 18, in __call__
    await self.app(scope, receive, send)
  File "/Users/midas/miniconda3/lib/python3.11/site-packages/starlette/routing.py", line 660, in __call__
    await self.middleware_stack(scope, receive, send)
  File "/Users/midas/miniconda3/lib/python3.11/site-packages/starlette/routing.py", line 680, in app
    await route.handle(scope, receive, send)
  File "/Users/midas/miniconda3/lib/python3.11/site-packages/starlette/routing.py", line 350, in handle
    await self.app(scope, receive, send)
  File "/Users/midas/miniconda3/lib/python3.11/site-packages/fastapi/routing.py", line 169, in app
    await wrap_app_handling_exceptions(app, session)(scope, receive, send)
  File "/Users/midas/miniconda3/lib/python3.11/site-packages/starlette/_exception_handler.py", line 53, in wrapped_app
    raise exc
  File "/Users/midas/miniconda3/lib/python3.11/site-packages/starlette/_exception_handler.py", line 42, in wrapped_app
    await app(scope, receive, sender)
  File "/Users/midas/miniconda3/lib/python3.11/site-packages/fastapi/routing.py", line 166, in app
    await func(session)
  File "/Users/midas/miniconda3/lib/python3.11/site-packages/fastapi/routing.py", line 773, in app
    await dependant.call(**solved_result.values)
  File "/Users/midas/Documents/F1_Project/backend/main.py", line 172, in websocket_simulate_multi
    await websocket.close()
  File "/Users/midas/miniconda3/lib/python3.11/site-packages/starlette/websockets.py", line 181, in close
    await self.send({"type": "websocket.close", "code": code, "reason": reason or ""})
  File "/Users/midas/miniconda3/lib/python3.11/site-packages/starlette/websockets.py", line 98, in send
    raise RuntimeError('Cannot call "send" once a close message has been sent.')
RuntimeError: Cannot call "send" once a close message has been sent.
INFO:     connection closed
INFO:     127.0.0.1:51317 - "WebSocket /ws/replay" [accepted]
INFO:     connection open
INFO:     connection closed
ERROR:    Exception in ASGI application
Traceback (most recent call last):
  File "/Users/midas/miniconda3/lib/python3.11/site-packages/uvicorn/protocols/websockets/websockets_impl.py", line 244, in run_asgi
    result = await self.app(self.scope, self.asgi_receive, self.asgi_send)  # type: ignore[func-returns-value]
             ^^^^^^^^^^^^^^^^^^^^^^^^^^^^^^^^^^^^^^^^^^^^^^^^^^^^^^^^^^^^^
  File "/Users/midas/miniconda3/lib/python3.11/site-packages/uvicorn/middleware/proxy_headers.py", line 60, in __call__
    return await self.app(scope, receive, send)
           ^^^^^^^^^^^^^^^^^^^^^^^^^^^^^^^^^^^^
  File "/Users/midas/miniconda3/lib/python3.11/site-packages/fastapi/applications.py", line 1162, in __call__
    await super().__call__(scope, receive, send)
  File "/Users/midas/miniconda3/lib/python3.11/site-packages/starlette/applications.py", line 90, in __call__
    await self.middleware_stack(scope, receive, send)
  File "/Users/midas/miniconda3/lib/python3.11/site-packages/starlette/middleware/errors.py", line 151, in __call__
    await self.app(scope, receive, send)
  File "/Users/midas/miniconda3/lib/python3.11/site-packages/starlette/middleware/cors.py", line 80, in __call__
    await self.app(scope, receive, send)
  File "/Users/midas/miniconda3/lib/python3.11/site-packages/starlette/middleware/exceptions.py", line 63, in __call__
    await wrap_app_handling_exceptions(self.app, conn)(scope, receive, send)
  File "/Users/midas/miniconda3/lib/python3.11/site-packages/starlette/_exception_handler.py", line 53, in wrapped_app
    raise exc
  File "/Users/midas/miniconda3/lib/python3.11/site-packages/starlette/_exception_handler.py", line 42, in wrapped_app
    await app(scope, receive, sender)
  File "/Users/midas/miniconda3/lib/python3.11/site-packages/fastapi/middleware/asyncexitstack.py", line 18, in __call__
    await self.app(scope, receive, send)
  File "/Users/midas/miniconda3/lib/python3.11/site-packages/starlette/routing.py", line 660, in __call__
    await self.middleware_stack(scope, receive, send)
  File "/Users/midas/miniconda3/lib/python3.11/site-packages/starlette/routing.py", line 680, in app
    await route.handle(scope, receive, send)
  File "/Users/midas/miniconda3/lib/python3.11/site-packages/starlette/routing.py", line 350, in handle
    await self.app(scope, receive, send)
  File "/Users/midas/miniconda3/lib/python3.11/site-packages/fastapi/routing.py", line 169, in app
    await wrap_app_handling_exceptions(app, session)(scope, receive, send)
  File "/Users/midas/miniconda3/lib/python3.11/site-packages/starlette/_exception_handler.py", line 53, in wrapped_app
    raise exc
  File "/Users/midas/miniconda3/lib/python3.11/site-packages/starlette/_exception_handler.py", line 42, in wrapped_app
    await app(scope, receive, sender)
  File "/Users/midas/miniconda3/lib/python3.11/site-packages/fastapi/routing.py", line 166, in app
    await func(session)
  File "/Users/midas/miniconda3/lib/python3.11/site-packages/fastapi/routing.py", line 773, in app
    await dependant.call(**solved_result.values)
  File "/Users/midas/Documents/F1_Project/backend/main.py", line 172, in websocket_simulate_multi
    await websocket.close()
  File "/Users/midas/miniconda3/lib/python3.11/site-packages/starlette/websockets.py", line 181, in close
    await self.send({"type": "websocket.close", "code": code, "reason": reason or ""})
  File "/Users/midas/miniconda3/lib/python3.11/site-packages/starlette/websockets.py", line 98, in send
    raise RuntimeError('Cannot call "send" once a close message has been sent.')
RuntimeError: Cannot call "send" once a close message has been sent.
[Tripwire] Lap 1: ['THROTTLE_BRAKE_OVERLAP']
[Tripwire] Lap 1: ['THROTTLE_BRAKE_OVERLAP']
[Tripwire] Lap 1: ['THROTTLE_BRAKE_OVERLAP']
[Tripwire] Lap 1: ['THROTTLE_BRAKE_OVERLAP']
[Tripwire] Lap 1: ['THROTTLE_BRAKE_OVERLAP']
[Tripwire] Lap 1: ['THROTTLE_BRAKE_OVERLAP']
[Tripwire] Lap 1: ['THROTTLE_BRAKE_OVERLAP']
[Tripwire] Lap 1: ['THROTTLE_BRAKE_OVERLAP']
[Tripwire] Lap 1: ['THROTTLE_BRAKE_OVERLAP']
[Tripwire] Lap 1: ['THROTTLE_BRAKE_OVERLAP']
[Tripwire] Lap 1: ['THROTTLE_BRAKE_OVERLAP']
[Tripwire] Lap 1: ['THROTTLE_BRAKE_OVERLAP']
[Tripwire] Lap 1: ['THROTTLE_BRAKE_OVERLAP']
[Tripwire] Lap 1: ['THROTTLE_BRAKE_OVERLAP']
[Tripwire] Lap 1: ['THROTTLE_BRAKE_OVERLAP']
[Tripwire] Lap 1: ['THROTTLE_BRAKE_OVERLAP']
[Tripwire] Lap 1: ['THROTTLE_BRAKE_OVERLAP']
[Tripwire] Lap 1: ['THROTTLE_BRAKE_OVERLAP']
[Tripwire] Lap 1: ['THROTTLE_BRAKE_OVERLAP']
[Tripwire] Lap 1: ['THROTTLE_BRAKE_OVERLAP']
[Tripwire] Lap 1: ['THROTTLE_BRAKE_OVERLAP']
[Tripwire] Lap 1: ['THROTTLE_BRAKE_OVERLAP']
[Tripwire] Lap 1: ['THROTTLE_BRAKE_OVERLAP']
[Tripwire] Lap 1: ['THROTTLE_BRAKE_OVERLAP']
[Tripwire] Lap 1: ['THROTTLE_BRAKE_OVERLAP']
[Tripwire] Lap 1: ['THROTTLE_BRAKE_OVERLAP']
[Tripwire] Lap 1: ['THROTTLE_BRAKE_OVERLAP']
[Tripwire] Lap 1: ['THROTTLE_BRAKE_OVERLAP']
[Tripwire] Lap 1: ['THROTTLE_BRAKE_OVERLAP']
[Tripwire] Lap 1: ['THROTTLE_BRAKE_OVERLAP']
[Tripwire] Lap 1: ['THROTTLE_BRAKE_OVERLAP']
[Tripwire] Lap 1: ['THROTTLE_BRAKE_OVERLAP']
[Tripwire] Lap 1: ['THROTTLE_BRAKE_OVERLAP']
[Tripwire] Lap 1: ['THROTTLE_BRAKE_OVERLAP']
[Tripwire] Lap 1: ['THROTTLE_BRAKE_OVERLAP']
[Tripwire] Lap 1: ['THROTTLE_BRAKE_OVERLAP']
[Tripwire] Lap 1: ['THROTTLE_BRAKE_OVERLAP']
[Tripwire] Lap 1: ['THROTTLE_BRAKE_OVERLAP']
[Tripwire] Lap 1: ['THROTTLE_BRAKE_OVERLAP']
[Tripwire] Lap 1: ['THROTTLE_BRAKE_OVERLAP']
[Tripwire] Lap 1: ['THROTTLE_BRAKE_OVERLAP']
[Tripwire] Lap 1: ['THROTTLE_BRAKE_OVERLAP']
[Tripwire] Lap 1: ['PACE_DROP']
[Tripwire] Lap 1: ['PACE_DROP']
[Tripwire] Lap 1: ['PACE_DROP']
[Tripwire] Lap 1: ['PACE_DROP']
[Tripwire] Lap 1: ['PACE_DROP']
[Tripwire] Lap 1: ['TYRE_CRITICAL']
[Tripwire] Lap 1: ['TYRE_CRITICAL']
[Tripwire] Lap 1: ['TYRE_CRITICAL']
[Tripwire] Lap 1: ['TYRE_CRITICAL']
[Tripwire] Lap 1: ['TYRE_CRITICAL']
[Tripwire] Lap 1: ['TYRE_CRITICAL']
[Tripwire] Lap 1: ['TYRE_CRITICAL']
[Tripwire] Lap 1: ['TYRE_CRITICAL']
[Tripwire] Lap 1: ['TYRE_CRITICAL']
[Tripwire] Lap 1: ['TYRE_CRITICAL']
[Tripwire] Lap 1: ['TYRE_CRITICAL']
[Tripwire] Lap 1: ['TYRE_CRITICAL']
[Tripwire] Lap 1: ['TYRE_CRITICAL']
[Tripwire] Lap 1: ['TYRE_CRITICAL']
[Tripwire] Lap 1: ['TYRE_CRITICAL']
[Tripwire] Lap 1: ['TYRE_CRITICAL']
[Tripwire] Lap 1: ['TYRE_CRITICAL']
[Tripwire] Lap 1: ['TYRE_CRITICAL']
[Tripwire] Lap 1: ['TYRE_CRITICAL']
[Tripwire] Lap 1: ['TYRE_CRITICAL']
[Tripwire] Lap 1: ['TYRE_CRITICAL']
[Tripwire] Lap 1: ['TYRE_CRITICAL']
[Tripwire] Lap 1: ['TYRE_CRITICAL']
[Tripwire] Lap 1: ['TYRE_CRITICAL']
[Tripwire] Lap 1: ['TYRE_CRITICAL']
[Tripwire] Lap 1: ['TYRE_CRITICAL']
[Tripwire] Lap 1: ['TYRE_CRITICAL']
[Tripwire] Lap 1: ['TYRE_CRITICAL']
[Tripwire] Lap 1: ['TYRE_CRITICAL']
[Tripwire] Lap 1: ['TYRE_CRITICAL']
[Tripwire] Lap 1: ['TYRE_CRITICAL']
[Tripwire] Lap 1: ['TYRE_CRITICAL']
[Tripwire] Lap 1: ['TYRE_CRITICAL']
[Tripwire] Lap 1: ['TYRE_CRITICAL']
[Tripwire] Lap 1: ['TYRE_CRITICAL']
[Tripwire] Lap 1: ['TYRE_CRITICAL']
[Tripwire] Lap 1: ['TYRE_CRITICAL']
[Tripwire] Lap 1: ['TYRE_CRITICAL']
[Tripwire] Lap 1: ['TYRE_CRITICAL']
[Tripwire] Lap 1: ['TYRE_CRITICAL']
[Tripwire] Lap 1: ['TYRE_CRITICAL']
[Tripwire] Lap 1: ['TYRE_CRITICAL']
[Tripwire] Lap 1: ['TYRE_CRITICAL']
[Tripwire] Lap 1: ['TYRE_CRITICAL']
[Tripwire] Lap 1: ['TYRE_CRITICAL']
[Tripwire] Lap 1: ['TYRE_CRITICAL']
[Tripwire] Lap 1: ['TYRE_CRITICAL']
[Tripwire] Lap 1: ['TYRE_CRITICAL']
[Tripwire] Lap 1: ['TYRE_CRITICAL']
[Tripwire] Lap 1: ['TYRE_CRITICAL']
[Tripwire] Lap 1: ['TYRE_CRITICAL']
[Tripwire] Lap 1: ['TYRE_CRITICAL']
[Tripwire] Lap 1: ['TYRE_CRITICAL']
[Tripwire] Lap 1: ['TYRE_CRITICAL']
[Tripwire] Lap 1: ['TYRE_CRITICAL']
[Tripwire] Lap 1: ['PACE_DROP', 'TYRE_CRITICAL']
[Tripwire] Lap 1: ['TYRE_CRITICAL']
[Tripwire] Lap 1: ['TYRE_CRITICAL']
[Tripwire] Lap 1: ['TYRE_CRITICAL']
[Tripwire] Lap 1: ['TYRE_CRITICAL']
[Tripwire] Lap 1: ['TYRE_CRITICAL']
[Tripwire] Lap 1: ['TYRE_CRITICAL']
[Tripwire] Lap 1: ['TYRE_CRITICAL']
[Tripwire] Lap 1: ['TYRE_CRITICAL']
[Tripwire] Lap 1: ['TYRE_CRITICAL']
[Tripwire] Lap 1: ['TYRE_CRITICAL']
Client disconnected: 
[Tripwire] Lap 1: ['TYRE_CRITICAL']
[Tripwire] Lap 1: ['TYRE_CRITICAL']
[Tripwire] Lap 1: ['PACE_DROP']
[Tripwire] Lap 1: ['TYRE_CRITICAL']
[Tripwire] Lap 1: ['TYRE_CRITICAL']
[Tripwire] Lap 1: ['TYRE_CRITICAL']
[Tripwire] Lap 1: ['PACE_DROP', 'THROTTLE_BRAKE_OVERLAP']
[Tripwire] Lap 1: ['TYRE_CRITICAL']
[Tripwire] Lap 1: ['TYRE_CRITICAL']
[Tripwire] Lap 1: ['TYRE_CRITICAL']
[Tripwire] Lap 1: ['PACE_DROP']
[Tripwire] Lap 1: ['TYRE_CRITICAL']
[Tripwire] Lap 1: ['TYRE_CRITICAL']
[Tripwire] Lap 1: ['TYRE_CRITICAL']
[Tripwire] Lap 1: ['PACE_DROP', 'THROTTLE_BRAKE_OVERLAP']
[Tripwire] Lap 1: ['TYRE_CRITICAL']
[Tripwire] Lap 1: ['PACE_DROP', 'TYRE_CRITICAL']
[Tripwire] Lap 1: ['TYRE_CRITICAL']
[Tripwire] Lap 1: ['THROTTLE_BRAKE_OVERLAP', 'TYRE_CRITICAL']
[Tripwire] Lap 2: ['THROTTLE_BRAKE_OVERLAP']
[Tripwire] Lap 1: ['THROTTLE_BRAKE_OVERLAP']
[Tripwire] Lap 2: ['THROTTLE_BRAKE_OVERLAP']
[Tripwire] Lap 2: ['THROTTLE_BRAKE_OVERLAP']
[Tripwire] Lap 2: ['THROTTLE_BRAKE_OVERLAP']
[Tripwire] Lap 1: ['THROTTLE_BRAKE_OVERLAP']
[Tripwire] Lap 2: ['THROTTLE_BRAKE_OVERLAP']
[Tripwire] Lap 2: ['THROTTLE_BRAKE_OVERLAP']
[Tripwire] Lap 2: ['THROTTLE_BRAKE_OVERLAP']
[Tripwire] Lap 1: ['THROTTLE_BRAKE_OVERLAP']
[Tripwire] Lap 2: ['THROTTLE_BRAKE_OVERLAP']
[Tripwire] Lap 2: ['THROTTLE_BRAKE_OVERLAP']
[Tripwire] Lap 2: ['THROTTLE_BRAKE_OVERLAP']
[Tripwire] Lap 2: ['THROTTLE_BRAKE_OVERLAP']
[Tripwire] Lap 2: ['THROTTLE_BRAKE_OVERLAP']
[Tripwire] Lap 1: ['THROTTLE_BRAKE_OVERLAP']
[Tripwire] Lap 1: ['THROTTLE_BRAKE_OVERLAP']
[Tripwire] Lap 2: ['THROTTLE_BRAKE_OVERLAP']
[Tripwire] Lap 1: ['THROTTLE_BRAKE_OVERLAP']
[Tripwire] Lap 2: ['THROTTLE_BRAKE_OVERLAP']
[Tripwire] Lap 2: ['THROTTLE_BRAKE_OVERLAP']
[Tripwire] Lap 2: ['THROTTLE_BRAKE_OVERLAP']
[Tripwire] Lap 2: ['THROTTLE_BRAKE_OVERLAP']
[Tripwire] Lap 2: ['THROTTLE_BRAKE_OVERLAP']
[Tripwire] Lap 2: ['THROTTLE_BRAKE_OVERLAP']
[Tripwire] Lap 2: ['THROTTLE_BRAKE_OVERLAP']
[Tripwire] Lap 2: ['THROTTLE_BRAKE_OVERLAP']
[Replay] Loading 2024 British GP for driver 1...
Replay client disconnected: Unknown race: 2024 British GP
Client disconnected: 
[Tripwire] Lap 2: ['PACE_DROP']
[Tripwire] Lap 2: ['PACE_DROP']
[Tripwire] Lap 2: ['PACE_DROP']
[Tripwire] Lap 2: ['PACE_DROP']
[Tripwire] Lap 2: ['PACE_DROP']
[Tripwire] Lap 2: ['PACE_DROP']
[Tripwire] Lap 2: ['PACE_DROP']
[Tripwire] Lap 2: ['TYRE_CRITICAL']
[Tripwire] Lap 2: ['TYRE_CRITICAL']
[Tripwire] Lap 2: ['TYRE_CRITICAL']
[Tripwire] Lap 2: ['TYRE_CRITICAL']
[Tripwire] Lap 2: ['TYRE_CRITICAL']
[Tripwire] Lap 2: ['TYRE_CRITICAL']
[Tripwire] Lap 2: ['TYRE_CRITICAL']
[Tripwire] Lap 2: ['TYRE_CRITICAL']
[Tripwire] Lap 2: ['TYRE_CRITICAL']
[Tripwire] Lap 2: ['TYRE_CRITICAL']
[Tripwire] Lap 2: ['TYRE_CRITICAL']
[Tripwire] Lap 2: ['TYRE_CRITICAL']
[Tripwire] Lap 2: ['TYRE_CRITICAL']
[Tripwire] Lap 2: ['TYRE_CRITICAL']
[Tripwire] Lap 2: ['TYRE_CRITICAL']
[Tripwire] Lap 2: ['TYRE_CRITICAL']
[Tripwire] Lap 2: ['TYRE_CRITICAL']
[Tripwire] Lap 2: ['TYRE_CRITICAL']
[Tripwire] Lap 2: ['TYRE_CRITICAL']
[Tripwire] Lap 2: ['TYRE_CRITICAL']
[Tripwire] Lap 2: ['TYRE_CRITICAL']
[Tripwire] Lap 2: ['TYRE_CRITICAL']
[Tripwire] Lap 2: ['TYRE_CRITICAL']
[Tripwire] Lap 2: ['TYRE_CRITICAL']
[Tripwire] Lap 2: ['TYRE_CRITICAL']
[Tripwire] Lap 2: ['TYRE_CRITICAL']
[Tripwire] Lap 2: ['TYRE_CRITICAL']
[Tripwire] Lap 2: ['TYRE_CRITICAL']
[Tripwire] Lap 2: ['TYRE_CRITICAL']
[Tripwire] Lap 2: ['TYRE_CRITICAL']
[Tripwire] Lap 2: ['TYRE_CRITICAL']
[Tripwire] Lap 2: ['PACE_DROP', 'TYRE_CRITICAL']
[Tripwire] Lap 2: ['TYRE_CRITICAL']
[Tripwire] Lap 2: ['TYRE_CRITICAL']
[Tripwire] Lap 2: ['TYRE_CRITICAL']
[Tripwire] Lap 2: ['TYRE_CRITICAL']
[Tripwire] Lap 2: ['TYRE_CRITICAL']
[Tripwire] Lap 2: ['TYRE_CRITICAL']
[Tripwire] Lap 2: ['TYRE_CRITICAL']
[Tripwire] Lap 2: ['TYRE_CRITICAL']
[Tripwire] Lap 2: ['TYRE_CRITICAL']
[Tripwire] Lap 2: ['TYRE_CRITICAL']
[Tripwire] Lap 2: ['TYRE_CRITICAL']
[Tripwire] Lap 2: ['TYRE_CRITICAL']
[Tripwire] Lap 2: ['TYRE_CRITICAL']
[Tripwire] Lap 2: ['TYRE_CRITICAL']
[Tripwire] Lap 2: ['TYRE_CRITICAL']
[Tripwire] Lap 2: ['TYRE_CRITICAL']
[Tripwire] Lap 2: ['TYRE_CRITICAL']
[Tripwire] Lap 2: ['TYRE_CRITICAL']
[Tripwire] Lap 2: ['TYRE_CRITICAL']
[Tripwire] Lap 2: ['TYRE_CRITICAL']
[Tripwire] Lap 2: ['TYRE_CRITICAL']
[Tripwire] Lap 2: ['TYRE_CRITICAL']
[Tripwire] Lap 2: ['TYRE_CRITICAL']
[Tripwire] Lap 2: ['TYRE_CRITICAL']
[Tripwire] Lap 2: ['TYRE_CRITICAL']
[Tripwire] Lap 2: ['TYRE_CRITICAL']
[Tripwire] Lap 2: ['TYRE_CRITICAL']
[Tripwire] Lap 2: ['TYRE_CRITICAL']
[Tripwire] Lap 2: ['TYRE_CRITICAL']
[Tripwire] Lap 2: ['PACE_DROP', 'THROTTLE_BRAKE_OVERLAP', 'TYRE_CRITICAL']
[Tripwire] Lap 2: ['PACE_DROP', 'TYRE_CRITICAL']
[Tripwire] Lap 2: ['PACE_DROP', 'THROTTLE_BRAKE_OVERLAP', 'TYRE_CRITICAL']
[Tripwire] Lap 3: ['PACE_DROP', 'THROTTLE_BRAKE_OVERLAP']
[Tripwire] Lap 3: ['PACE_DROP']
[Tripwire] Lap 3: ['THROTTLE_BRAKE_OVERLAP']
[Tripwire] Lap 3: ['THROTTLE_BRAKE_OVERLAP']
[Tripwire] Lap 3: ['THROTTLE_BRAKE_OVERLAP']
[Tripwire] Lap 3: ['THROTTLE_BRAKE_OVERLAP']
[Tripwire] Lap 3: ['THROTTLE_BRAKE_OVERLAP']
[Tripwire] Lap 3: ['THROTTLE_BRAKE_OVERLAP']
[Tripwire] Lap 3: ['THROTTLE_BRAKE_OVERLAP']
[Tripwire] Lap 3: ['THROTTLE_BRAKE_OVERLAP']
[Tripwire] Lap 3: ['THROTTLE_BRAKE_OVERLAP']
[Tripwire] Lap 3: ['THROTTLE_BRAKE_OVERLAP']
[Tripwire] Lap 3: ['THROTTLE_BRAKE_OVERLAP']
[Tripwire] Lap 3: ['THROTTLE_BRAKE_OVERLAP']
[Tripwire] Lap 3: ['THROTTLE_BRAKE_OVERLAP']
[Tripwire] Lap 3: ['THROTTLE_BRAKE_OVERLAP']
[Tripwire] Lap 3: ['THROTTLE_BRAKE_OVERLAP']
[Tripwire] Lap 3: ['THROTTLE_BRAKE_OVERLAP']
[Tripwire] Lap 3: ['THROTTLE_BRAKE_OVERLAP']
[Tripwire] Lap 3: ['THROTTLE_BRAKE_OVERLAP']
[Tripwire] Lap 3: ['THROTTLE_BRAKE_OVERLAP']
[Tripwire] Lap 3: ['THROTTLE_BRAKE_OVERLAP']
[Tripwire] Lap 3: ['THROTTLE_BRAKE_OVERLAP']
[Tripwire] Lap 3: ['THROTTLE_BRAKE_OVERLAP']
[Tripwire] Lap 3: ['THROTTLE_BRAKE_OVERLAP']
[Tripwire] Lap 3: ['THROTTLE_BRAKE_OVERLAP']
[Tripwire] Lap 3: ['THROTTLE_BRAKE_OVERLAP']
[Tripwire] Lap 3: ['THROTTLE_BRAKE_OVERLAP']
[Tripwire] Lap 3: ['THROTTLE_BRAKE_OVERLAP']
[Tripwire] Lap 3: ['THROTTLE_BRAKE_OVERLAP']
[Tripwire] Lap 3: ['THROTTLE_BRAKE_OVERLAP']
[Tripwire] Lap 3: ['THROTTLE_BRAKE_OVERLAP']
[Tripwire] Lap 3: ['THROTTLE_BRAKE_OVERLAP']
[Tripwire] Lap 3: ['THROTTLE_BRAKE_OVERLAP']
[Tripwire] Lap 3: ['THROTTLE_BRAKE_OVERLAP']
[Tripwire] Lap 3: ['THROTTLE_BRAKE_OVERLAP']
[Tripwire] Lap 3: ['PACE_DROP']
[Tripwire] Lap 3: ['PACE_DROP']
[Tripwire] Lap 3: ['PACE_DROP']
[Tripwire] Lap 3: ['PACE_DROP']
[Tripwire] Lap 3: ['PACE_DROP']
[Tripwire] Lap 3: ['PACE_DROP']
[Tripwire] Lap 3: ['TYRE_CRITICAL']
[Tripwire] Lap 3: ['TYRE_CRITICAL']
[Tripwire] Lap 3: ['TYRE_CRITICAL']
[Tripwire] Lap 3: ['TYRE_CRITICAL']
[Tripwire] Lap 3: ['TYRE_CRITICAL']
[Tripwire] Lap 3: ['TYRE_CRITICAL']
[Tripwire] Lap 3: ['TYRE_CRITICAL']
[Tripwire] Lap 3: ['TYRE_CRITICAL']
[Tripwire] Lap 3: ['TYRE_CRITICAL']
[Tripwire] Lap 3: ['TYRE_CRITICAL']
[Tripwire] Lap 3: ['TYRE_CRITICAL']
[Tripwire] Lap 3: ['TYRE_CRITICAL']
[Tripwire] Lap 3: ['TYRE_CRITICAL']
[Tripwire] Lap 3: ['TYRE_CRITICAL']
[Tripwire] Lap 3: ['TYRE_CRITICAL']
[Tripwire] Lap 3: ['TYRE_CRITICAL']
[Tripwire] Lap 3: ['TYRE_CRITICAL']
[Tripwire] Lap 3: ['TYRE_CRITICAL']
[Tripwire] Lap 3: ['TYRE_CRITICAL']
[Tripwire] Lap 3: ['TYRE_CRITICAL']
[Tripwire] Lap 3: ['TYRE_CRITICAL']
[Tripwire] Lap 3: ['TYRE_CRITICAL']
[Tripwire] Lap 3: ['TYRE_CRITICAL']
[Tripwire] Lap 3: ['TYRE_CRITICAL']
[Tripwire] Lap 3: ['TYRE_CRITICAL']
[Tripwire] Lap 3: ['TYRE_CRITICAL']
[Tripwire] Lap 3: ['TYRE_CRITICAL']
[Tripwire] Lap 3: ['TYRE_CRITICAL']
[Tripwire] Lap 3: ['TYRE_CRITICAL']
[Tripwire] Lap 3: ['TYRE_CRITICAL']
[Tripwire] Lap 3: ['TYRE_CRITICAL']
[Tripwire] Lap 3: ['TYRE_CRITICAL']
[Tripwire] Lap 3: ['TYRE_CRITICAL']
[Tripwire] Lap 3: ['TYRE_CRITICAL']
[Tripwire] Lap 3: ['TYRE_CRITICAL']
[Tripwire] Lap 3: ['TYRE_CRITICAL']
[Tripwire] Lap 3: ['TYRE_CRITICAL']
[Tripwire] Lap 3: ['TYRE_CRITICAL']
[Tripwire] Lap 3: ['TYRE_CRITICAL']
[Tripwire] Lap 3: ['TYRE_CRITICAL']
[Tripwire] Lap 3: ['TYRE_CRITICAL']
[Tripwire] Lap 3: ['TYRE_CRITICAL']
[Tripwire] Lap 3: ['TYRE_CRITICAL']
[Tripwire] Lap 3: ['TYRE_CRITICAL']
[Tripwire] Lap 3: ['TYRE_CRITICAL']
[Tripwire] Lap 3: ['TYRE_CRITICAL']
[Tripwire] Lap 3: ['TYRE_CRITICAL']
[Tripwire] Lap 3: ['TYRE_CRITICAL']
[Tripwire] Lap 3: ['TYRE_CRITICAL']
[Tripwire] Lap 3: ['TYRE_CRITICAL']
[Tripwire] Lap 3: ['TYRE_CRITICAL']
[Tripwire] Lap 3: ['TYRE_CRITICAL']
[Tripwire] Lap 3: ['TYRE_CRITICAL']
[Tripwire] Lap 3: ['TYRE_CRITICAL']
[Tripwire] Lap 3: ['TYRE_CRITICAL']
[Tripwire] Lap 3: ['TYRE_CRITICAL']
[Tripwire] Lap 3: ['TYRE_CRITICAL']
[Tripwire] Lap 3: ['TYRE_CRITICAL']
[Tripwire] Lap 3: ['TYRE_CRITICAL']
[Tripwire] Lap 3: ['TYRE_CRITICAL']
[Tripwire] Lap 3: ['TYRE_CRITICAL']
[Tripwire] Lap 3: ['PACE_DROP', 'THROTTLE_BRAKE_OVERLAP', 'TYRE_CRITICAL']
[Tripwire] Lap 3: ['PACE_DROP', 'TYRE_CRITICAL']
[Tripwire] Lap 3: ['PACE_DROP', 'TYRE_CRITICAL']
[Tripwire] Lap 4: ['PACE_DROP', 'THROTTLE_BRAKE_OVERLAP']
[Tripwire] Lap 4: ['PACE_DROP']
[Tripwire] Lap 4: ['THROTTLE_BRAKE_OVERLAP']
[Tripwire] Lap 4: ['THROTTLE_BRAKE_OVERLAP']
[Tripwire] Lap 4: ['THROTTLE_BRAKE_OVERLAP']
[Tripwire] Lap 4: ['THROTTLE_BRAKE_OVERLAP']
[Tripwire] Lap 4: ['THROTTLE_BRAKE_OVERLAP']
[Tripwire] Lap 4: ['THROTTLE_BRAKE_OVERLAP']
[Tripwire] Lap 4: ['THROTTLE_BRAKE_OVERLAP']
[Tripwire] Lap 4: ['THROTTLE_BRAKE_OVERLAP']
[Tripwire] Lap 4: ['THROTTLE_BRAKE_OVERLAP']
[Tripwire] Lap 4: ['THROTTLE_BRAKE_OVERLAP']
[Tripwire] Lap 4: ['THROTTLE_BRAKE_OVERLAP']
[Tripwire] Lap 4: ['THROTTLE_BRAKE_OVERLAP']
[Tripwire] Lap 4: ['THROTTLE_BRAKE_OVERLAP']
[Tripwire] Lap 4: ['THROTTLE_BRAKE_OVERLAP']
[Tripwire] Lap 4: ['THROTTLE_BRAKE_OVERLAP']
[Tripwire] Lap 4: ['THROTTLE_BRAKE_OVERLAP']
[Tripwire] Lap 4: ['THROTTLE_BRAKE_OVERLAP']
[Tripwire] Lap 4: ['THROTTLE_BRAKE_OVERLAP']
[Tripwire] Lap 4: ['THROTTLE_BRAKE_OVERLAP']
[Tripwire] Lap 4: ['PACE_DROP']
[Tripwire] Lap 4: ['PACE_DROP']
[Tripwire] Lap 4: ['PACE_DROP']
[Tripwire] Lap 4: ['PACE_DROP']
[Tripwire] Lap 4: ['TYRE_CRITICAL']
[Tripwire] Lap 4: ['TYRE_CRITICAL']
[Tripwire] Lap 4: ['TYRE_CRITICAL']
[Tripwire] Lap 4: ['TYRE_CRITICAL']
[Tripwire] Lap 4: ['TYRE_CRITICAL']
[Tripwire] Lap 4: ['TYRE_CRITICAL']
[Tripwire] Lap 4: ['TYRE_CRITICAL']
[Tripwire] Lap 4: ['TYRE_CRITICAL']
[Tripwire] Lap 4: ['TYRE_CRITICAL']
[Tripwire] Lap 4: ['TYRE_CRITICAL']
[Tripwire] Lap 4: ['TYRE_CRITICAL']
[Tripwire] Lap 4: ['TYRE_CRITICAL']
[Tripwire] Lap 4: ['TYRE_CRITICAL']
[Tripwire] Lap 4: ['TYRE_CRITICAL']
[Tripwire] Lap 4: ['TYRE_CRITICAL']
[Tripwire] Lap 4: ['TYRE_CRITICAL']
[Tripwire] Lap 4: ['TYRE_CRITICAL']
[Tripwire] Lap 4: ['TYRE_CRITICAL']
[Tripwire] Lap 4: ['TYRE_CRITICAL']
[Tripwire] Lap 4: ['TYRE_CRITICAL']
[Tripwire] Lap 4: ['TYRE_CRITICAL']
[Tripwire] Lap 4: ['TYRE_CRITICAL']
[Tripwire] Lap 4: ['TYRE_CRITICAL']
[Tripwire] Lap 4: ['TYRE_CRITICAL']
[Tripwire] Lap 4: ['TYRE_CRITICAL']
[Tripwire] Lap 4: ['TYRE_CRITICAL']
[Tripwire] Lap 4: ['TYRE_CRITICAL']
[Tripwire] Lap 4: ['TYRE_CRITICAL']
[Tripwire] Lap 4: ['TYRE_CRITICAL']
[Tripwire] Lap 4: ['TYRE_CRITICAL']
[Tripwire] Lap 4: ['TYRE_CRITICAL']
[Tripwire] Lap 4: ['TYRE_CRITICAL']
[Tripwire] Lap 4: ['TYRE_CRITICAL']
[Tripwire] Lap 4: ['TYRE_CRITICAL']
[Tripwire] Lap 4: ['TYRE_CRITICAL']
[Tripwire] Lap 4: ['TYRE_CRITICAL']
[Tripwire] Lap 4: ['TYRE_CRITICAL']
[Tripwire] Lap 4: ['TYRE_CRITICAL']
[Tripwire] Lap 4: ['TYRE_CRITICAL']
[Tripwire] Lap 4: ['TYRE_CRITICAL']
[Tripwire] Lap 4: ['TYRE_CRITICAL']
[Tripwire] Lap 4: ['TYRE_CRITICAL']
[Tripwire] Lap 4: ['TYRE_CRITICAL']
[Tripwire] Lap 4: ['TYRE_CRITICAL']
[Tripwire] Lap 4: ['TYRE_CRITICAL']
[Tripwire] Lap 4: ['TYRE_CRITICAL']
[Tripwire] Lap 4: ['TYRE_CRITICAL']
[Tripwire] Lap 4: ['TYRE_CRITICAL']
[Tripwire] Lap 4: ['TYRE_CRITICAL']
[Tripwire] Lap 4: ['TYRE_CRITICAL']
[Tripwire] Lap 4: ['TYRE_CRITICAL']
[Tripwire] Lap 4: ['TYRE_CRITICAL']
[Tripwire] Lap 4: ['TYRE_CRITICAL']
[Tripwire] Lap 4: ['TYRE_CRITICAL']
[Tripwire] Lap 4: ['TYRE_CRITICAL']
[Tripwire] Lap 4: ['TYRE_CRITICAL']
[Tripwire] Lap 4: ['TYRE_CRITICAL']
[Tripwire] Lap 4: ['TYRE_CRITICAL']
[Tripwire] Lap 4: ['TYRE_CRITICAL']
[Tripwire] Lap 4: ['TYRE_CRITICAL']
[Tripwire] Lap 4: ['PACE_DROP', 'TYRE_CRITICAL']
[Tripwire] Lap 4: ['PACE_DROP', 'TYRE_CRITICAL']
[Tripwire] Lap 4: ['PACE_DROP', 'TYRE_CRITICAL']
[Tripwire] Lap 5: ['PACE_DROP', 'THROTTLE_BRAKE_OVERLAP']
[Tripwire] Lap 5: ['PACE_DROP']
[Tripwire] Lap 5: ['THROTTLE_BRAKE_OVERLAP']
[Tripwire] Lap 5: ['THROTTLE_BRAKE_OVERLAP']
[Tripwire] Lap 5: ['THROTTLE_BRAKE_OVERLAP']
[Tripwire] Lap 5: ['THROTTLE_BRAKE_OVERLAP']
[Tripwire] Lap 5: ['THROTTLE_BRAKE_OVERLAP']
[Tripwire] Lap 5: ['THROTTLE_BRAKE_OVERLAP']
[Tripwire] Lap 5: ['THROTTLE_BRAKE_OVERLAP']
[Tripwire] Lap 5: ['THROTTLE_BRAKE_OVERLAP']
[Tripwire] Lap 5: ['THROTTLE_BRAKE_OVERLAP']
[Tripwire] Lap 5: ['THROTTLE_BRAKE_OVERLAP']
[Tripwire] Lap 5: ['THROTTLE_BRAKE_OVERLAP']
[Tripwire] Lap 5: ['THROTTLE_BRAKE_OVERLAP']
[Tripwire] Lap 5: ['THROTTLE_BRAKE_OVERLAP']
[Tripwire] Lap 5: ['THROTTLE_BRAKE_OVERLAP']
[Tripwire] Lap 5: ['THROTTLE_BRAKE_OVERLAP']
[Tripwire] Lap 5: ['THROTTLE_BRAKE_OVERLAP']
[Tripwire] Lap 5: ['THROTTLE_BRAKE_OVERLAP']
[Tripwire] Lap 5: ['THROTTLE_BRAKE_OVERLAP']
[Tripwire] Lap 5: ['THROTTLE_BRAKE_OVERLAP']
[Tripwire] Lap 5: ['THROTTLE_BRAKE_OVERLAP']
[Tripwire] Lap 5: ['THROTTLE_BRAKE_OVERLAP']
[Tripwire] Lap 5: ['THROTTLE_BRAKE_OVERLAP']
[Tripwire] Lap 5: ['THROTTLE_BRAKE_OVERLAP']
[Tripwire] Lap 5: ['THROTTLE_BRAKE_OVERLAP']
[Tripwire] Lap 5: ['THROTTLE_BRAKE_OVERLAP']
[Tripwire] Lap 5: ['THROTTLE_BRAKE_OVERLAP']
[Tripwire] Lap 5: ['THROTTLE_BRAKE_OVERLAP']
[Tripwire] Lap 5: ['THROTTLE_BRAKE_OVERLAP']
[Tripwire] Lap 5: ['THROTTLE_BRAKE_OVERLAP']
[Tripwire] Lap 5: ['PACE_DROP']
[Tripwire] Lap 5: ['PACE_DROP']
[Tripwire] Lap 5: ['PACE_DROP']
[Tripwire] Lap 5: ['PACE_DROP']
[Tripwire] Lap 5: ['PACE_DROP']
[Tripwire] Lap 5: ['PACE_DROP']
[Tripwire] Lap 5: ['PACE_DROP']
[Tripwire] Lap 5: ['TYRE_CRITICAL']
[Tripwire] Lap 5: ['TYRE_CRITICAL']
[Tripwire] Lap 5: ['TYRE_CRITICAL']
[Tripwire] Lap 5: ['TYRE_CRITICAL']
[Tripwire] Lap 5: ['TYRE_CRITICAL']
[Tripwire] Lap 5: ['TYRE_CRITICAL']
[Tripwire] Lap 5: ['TYRE_CRITICAL']
[Tripwire] Lap 5: ['TYRE_CRITICAL']
[Tripwire] Lap 5: ['TYRE_CRITICAL']
[Tripwire] Lap 5: ['TYRE_CRITICAL']
[Tripwire] Lap 5: ['TYRE_CRITICAL']
[Tripwire] Lap 5: ['TYRE_CRITICAL']
[Tripwire] Lap 5: ['TYRE_CRITICAL']
[Tripwire] Lap 5: ['TYRE_CRITICAL']
[Tripwire] Lap 5: ['TYRE_CRITICAL']
[Tripwire] Lap 5: ['TYRE_CRITICAL']
[Tripwire] Lap 5: ['TYRE_CRITICAL']
[Tripwire] Lap 5: ['TYRE_CRITICAL']
[Tripwire] Lap 5: ['TYRE_CRITICAL']
[Tripwire] Lap 5: ['TYRE_CRITICAL']
[Tripwire] Lap 5: ['TYRE_CRITICAL']
[Tripwire] Lap 5: ['TYRE_CRITICAL']
[Tripwire] Lap 5: ['TYRE_CRITICAL']
[Tripwire] Lap 5: ['TYRE_CRITICAL']
[Tripwire] Lap 5: ['TYRE_CRITICAL']
[Tripwire] Lap 5: ['TYRE_CRITICAL']
[Tripwire] Lap 5: ['TYRE_CRITICAL']
[Tripwire] Lap 5: ['TYRE_CRITICAL']
[Tripwire] Lap 5: ['TYRE_CRITICAL']
[Tripwire] Lap 5: ['TYRE_CRITICAL']
[Tripwire] Lap 5: ['TYRE_CRITICAL']
[Tripwire] Lap 5: ['TYRE_CRITICAL']
[Tripwire] Lap 5: ['TYRE_CRITICAL']
[Tripwire] Lap 5: ['TYRE_CRITICAL']
[Tripwire] Lap 5: ['TYRE_CRITICAL']
[Tripwire] Lap 5: ['TYRE_CRITICAL']
[Tripwire] Lap 5: ['TYRE_CRITICAL']
[Tripwire] Lap 5: ['TYRE_CRITICAL']
[Tripwire] Lap 5: ['TYRE_CRITICAL']
[Tripwire] Lap 5: ['TYRE_CRITICAL']
[Tripwire] Lap 5: ['TYRE_CRITICAL']
[Tripwire] Lap 5: ['TYRE_CRITICAL']
[Tripwire] Lap 5: ['TYRE_CRITICAL']
[Tripwire] Lap 5: ['TYRE_CRITICAL']
[Tripwire] Lap 5: ['TYRE_CRITICAL']
[Tripwire] Lap 5: ['TYRE_CRITICAL']
[Tripwire] Lap 5: ['TYRE_CRITICAL']
[Tripwire] Lap 5: ['TYRE_CRITICAL']
[Tripwire] Lap 5: ['TYRE_CRITICAL']
[Tripwire] Lap 5: ['TYRE_CRITICAL']
[Tripwire] Lap 5: ['TYRE_CRITICAL']
[Tripwire] Lap 5: ['TYRE_CRITICAL']
[Tripwire] Lap 5: ['TYRE_CRITICAL']
[Tripwire] Lap 5: ['TYRE_CRITICAL']
[Tripwire] Lap 5: ['TYRE_CRITICAL']
[Tripwire] Lap 5: ['TYRE_CRITICAL']
[Tripwire] Lap 5: ['TYRE_CRITICAL']
[Tripwire] Lap 5: ['TYRE_CRITICAL']
[Tripwire] Lap 5: ['TYRE_CRITICAL']
[Tripwire] Lap 5: ['TYRE_CRITICAL']
[Tripwire] Lap 5: ['TYRE_CRITICAL']
[Tripwire] Lap 5: ['TYRE_CRITICAL']
[Tripwire] Lap 5: ['PACE_DROP', 'TYRE_CRITICAL']
[Tripwire] Lap 5: ['PACE_DROP', 'TYRE_CRITICAL']
[Tripwire] Lap 5: ['PACE_DROP', 'TYRE_CRITICAL']
[Tripwire] Lap 6: ['PACE_DROP']
[Tripwire] Lap 6: ['PACE_DROP']
[Tripwire] Lap 6: ['PACE_DROP']
[Tripwire] Lap 6: ['THROTTLE_BRAKE_OVERLAP']
[Tripwire] Lap 6: ['THROTTLE_BRAKE_OVERLAP']
[Tripwire] Lap 6: ['THROTTLE_BRAKE_OVERLAP']
[Tripwire] Lap 6: ['THROTTLE_BRAKE_OVERLAP']
[Tripwire] Lap 6: ['THROTTLE_BRAKE_OVERLAP']
[Tripwire] Lap 6: ['THROTTLE_BRAKE_OVERLAP']
[Tripwire] Lap 6: ['THROTTLE_BRAKE_OVERLAP']
[Tripwire] Lap 6: ['THROTTLE_BRAKE_OVERLAP']
[Tripwire] Lap 6: ['THROTTLE_BRAKE_OVERLAP']
[Tripwire] Lap 6: ['THROTTLE_BRAKE_OVERLAP']
[Tripwire] Lap 6: ['THROTTLE_BRAKE_OVERLAP']
[Tripwire] Lap 6: ['THROTTLE_BRAKE_OVERLAP']
[Tripwire] Lap 6: ['THROTTLE_BRAKE_OVERLAP']
[Tripwire] Lap 6: ['THROTTLE_BRAKE_OVERLAP']
[Tripwire] Lap 6: ['THROTTLE_BRAKE_OVERLAP']
[Tripwire] Lap 6: ['THROTTLE_BRAKE_OVERLAP']
[Tripwire] Lap 6: ['THROTTLE_BRAKE_OVERLAP']
[Tripwire] Lap 6: ['THROTTLE_BRAKE_OVERLAP']
[Tripwire] Lap 6: ['THROTTLE_BRAKE_OVERLAP']
[Tripwire] Lap 6: ['THROTTLE_BRAKE_OVERLAP']
[Tripwire] Lap 6: ['THROTTLE_BRAKE_OVERLAP']
[Tripwire] Lap 6: ['THROTTLE_BRAKE_OVERLAP']
[Tripwire] Lap 6: ['THROTTLE_BRAKE_OVERLAP']
[Tripwire] Lap 6: ['THROTTLE_BRAKE_OVERLAP']
[Tripwire] Lap 6: ['THROTTLE_BRAKE_OVERLAP']
[Tripwire] Lap 6: ['PACE_DROP']
[Tripwire] Lap 6: ['PACE_DROP']
[Tripwire] Lap 6: ['PACE_DROP']
[Tripwire] Lap 6: ['PACE_DROP']
[Tripwire] Lap 6: ['PACE_DROP']
[Tripwire] Lap 6: ['TYRE_CRITICAL']
[Tripwire] Lap 6: ['TYRE_CRITICAL']
[Tripwire] Lap 6: ['TYRE_CRITICAL']
[Tripwire] Lap 6: ['TYRE_CRITICAL']
[Tripwire] Lap 6: ['TYRE_CRITICAL']
[Tripwire] Lap 6: ['TYRE_CRITICAL']
[Tripwire] Lap 6: ['TYRE_CRITICAL']
[Tripwire] Lap 6: ['TYRE_CRITICAL']
[Tripwire] Lap 6: ['TYRE_CRITICAL']
[Tripwire] Lap 6: ['TYRE_CRITICAL']
[Tripwire] Lap 6: ['TYRE_CRITICAL']
[Tripwire] Lap 6: ['TYRE_CRITICAL']
[Tripwire] Lap 6: ['TYRE_CRITICAL']
[Tripwire] Lap 6: ['TYRE_CRITICAL']
[Tripwire] Lap 6: ['TYRE_CRITICAL']
[Tripwire] Lap 6: ['TYRE_CRITICAL']
[Tripwire] Lap 6: ['TYRE_CRITICAL']
[Tripwire] Lap 6: ['TYRE_CRITICAL']
[Tripwire] Lap 6: ['TYRE_CRITICAL']
[Tripwire] Lap 6: ['TYRE_CRITICAL']
[Tripwire] Lap 6: ['TYRE_CRITICAL']
[Tripwire] Lap 6: ['TYRE_CRITICAL']
[Tripwire] Lap 6: ['TYRE_CRITICAL']
[Tripwire] Lap 6: ['TYRE_CRITICAL']
[Tripwire] Lap 6: ['TYRE_CRITICAL']
[Tripwire] Lap 6: ['TYRE_CRITICAL']
[Tripwire] Lap 6: ['TYRE_CRITICAL']
[Tripwire] Lap 6: ['TYRE_CRITICAL']
[Tripwire] Lap 6: ['TYRE_CRITICAL']
[Tripwire] Lap 6: ['TYRE_CRITICAL']
[Tripwire] Lap 6: ['TYRE_CRITICAL']
[Tripwire] Lap 6: ['TYRE_CRITICAL']
[Tripwire] Lap 6: ['TYRE_CRITICAL']
[Tripwire] Lap 6: ['TYRE_CRITICAL']
[Tripwire] Lap 6: ['TYRE_CRITICAL']
[Tripwire] Lap 6: ['TYRE_CRITICAL']
[Tripwire] Lap 6: ['TYRE_CRITICAL']
[Tripwire] Lap 6: ['TYRE_CRITICAL']
[Tripwire] Lap 6: ['TYRE_CRITICAL']
[Tripwire] Lap 6: ['TYRE_CRITICAL']
[Tripwire] Lap 6: ['TYRE_CRITICAL']
[Tripwire] Lap 6: ['TYRE_CRITICAL']
[Tripwire] Lap 6: ['TYRE_CRITICAL']
[Tripwire] Lap 6: ['TYRE_CRITICAL']
[Tripwire] Lap 6: ['TYRE_CRITICAL']
[Tripwire] Lap 6: ['TYRE_CRITICAL']
[Tripwire] Lap 6: ['TYRE_CRITICAL']
[Tripwire] Lap 6: ['TYRE_CRITICAL']
[Tripwire] Lap 6: ['TYRE_CRITICAL']
[Tripwire] Lap 6: ['TYRE_CRITICAL']
[Tripwire] Lap 6: ['TYRE_CRITICAL']
[Tripwire] Lap 6: ['TYRE_CRITICAL']
[Tripwire] Lap 6: ['TYRE_CRITICAL']
[Tripwire] Lap 6: ['TYRE_CRITICAL']
[Tripwire] Lap 6: ['TYRE_CRITICAL']
[Tripwire] Lap 6: ['TYRE_CRITICAL']
[Tripwire] Lap 6: ['TYRE_CRITICAL']
[Tripwire] Lap 6: ['PACE_DROP', 'TYRE_CRITICAL']
[Tripwire] Lap 6: ['TYRE_CRITICAL']
[Tripwire] Lap 6: ['TYRE_CRITICAL']
[Tripwire] Lap 6: ['TYRE_CRITICAL']
[Tripwire] Lap 6: ['TYRE_CRITICAL']
[Tripwire] Lap 6: ['PACE_DROP', 'TYRE_CRITICAL']
[Tripwire] Lap 6: ['PACE_DROP', 'TYRE_CRITICAL']
[Tripwire] Lap 6: ['PACE_DROP', 'TYRE_CRITICAL']
[Tripwire] Lap 7: ['PACE_DROP']
[Tripwire] Lap 7: ['PACE_DROP', 'THROTTLE_BRAKE_OVERLAP']
[Tripwire] Lap 7: ['PACE_DROP']
[Tripwire] Lap 7: ['THROTTLE_BRAKE_OVERLAP']
[Tripwire] Lap 7: ['THROTTLE_BRAKE_OVERLAP']
[Tripwire] Lap 7: ['THROTTLE_BRAKE_OVERLAP']
[Tripwire] Lap 7: ['THROTTLE_BRAKE_OVERLAP']
[Tripwire] Lap 7: ['THROTTLE_BRAKE_OVERLAP']
[Tripwire] Lap 7: ['THROTTLE_BRAKE_OVERLAP']
[Tripwire] Lap 7: ['THROTTLE_BRAKE_OVERLAP']
[Tripwire] Lap 7: ['THROTTLE_BRAKE_OVERLAP']
[Tripwire] Lap 7: ['THROTTLE_BRAKE_OVERLAP']
[Tripwire] Lap 7: ['THROTTLE_BRAKE_OVERLAP']
[Tripwire] Lap 7: ['THROTTLE_BRAKE_OVERLAP']
[Tripwire] Lap 7: ['THROTTLE_BRAKE_OVERLAP']
[Tripwire] Lap 7: ['THROTTLE_BRAKE_OVERLAP']
[Tripwire] Lap 7: ['THROTTLE_BRAKE_OVERLAP']
[Tripwire] Lap 7: ['THROTTLE_BRAKE_OVERLAP']
[Tripwire] Lap 7: ['THROTTLE_BRAKE_OVERLAP']
[Tripwire] Lap 7: ['THROTTLE_BRAKE_OVERLAP']
[Tripwire] Lap 7: ['THROTTLE_BRAKE_OVERLAP']
[Tripwire] Lap 7: ['PACE_DROP']
[Tripwire] Lap 7: ['PACE_DROP']
[Tripwire] Lap 7: ['PACE_DROP']
[Tripwire] Lap 7: ['PACE_DROP']
[Tripwire] Lap 7: ['PACE_DROP']
[Tripwire] Lap 7: ['TYRE_CRITICAL']
[Tripwire] Lap 7: ['TYRE_CRITICAL']
[Tripwire] Lap 7: ['TYRE_CRITICAL']
[Tripwire] Lap 7: ['TYRE_CRITICAL']
[Tripwire] Lap 7: ['TYRE_CRITICAL']
[Tripwire] Lap 7: ['TYRE_CRITICAL']
[Tripwire] Lap 7: ['TYRE_CRITICAL']
[Tripwire] Lap 7: ['TYRE_CRITICAL']
[Tripwire] Lap 7: ['TYRE_CRITICAL']
[Tripwire] Lap 7: ['TYRE_CRITICAL']
[Tripwire] Lap 7: ['TYRE_CRITICAL']
[Tripwire] Lap 7: ['TYRE_CRITICAL']
[Tripwire] Lap 7: ['TYRE_CRITICAL']
[Tripwire] Lap 7: ['TYRE_CRITICAL']
[Tripwire] Lap 7: ['TYRE_CRITICAL']
[Tripwire] Lap 7: ['TYRE_CRITICAL']
[Tripwire] Lap 7: ['TYRE_CRITICAL']
[Tripwire] Lap 7: ['TYRE_CRITICAL']
[Tripwire] Lap 7: ['TYRE_CRITICAL']
[Tripwire] Lap 7: ['TYRE_CRITICAL']
[Tripwire] Lap 7: ['TYRE_CRITICAL']
[Tripwire] Lap 7: ['TYRE_CRITICAL']
[Tripwire] Lap 7: ['TYRE_CRITICAL']
[Tripwire] Lap 7: ['TYRE_CRITICAL']
[Tripwire] Lap 7: ['TYRE_CRITICAL']
[Tripwire] Lap 7: ['TYRE_CRITICAL']
[Tripwire] Lap 7: ['TYRE_CRITICAL']
[Tripwire] Lap 7: ['TYRE_CRITICAL']
[Tripwire] Lap 7: ['TYRE_CRITICAL']
[Tripwire] Lap 7: ['TYRE_CRITICAL']
[Tripwire] Lap 7: ['TYRE_CRITICAL']
[Tripwire] Lap 7: ['TYRE_CRITICAL']
[Tripwire] Lap 7: ['TYRE_CRITICAL']
[Tripwire] Lap 7: ['TYRE_CRITICAL']
[Tripwire] Lap 7: ['TYRE_CRITICAL']
[Tripwire] Lap 7: ['TYRE_CRITICAL']
[Tripwire] Lap 7: ['TYRE_CRITICAL']
[Tripwire] Lap 7: ['TYRE_CRITICAL']
[Tripwire] Lap 7: ['TYRE_CRITICAL']
[Tripwire] Lap 7: ['TYRE_CRITICAL']
[Tripwire] Lap 7: ['TYRE_CRITICAL']
[Tripwire] Lap 7: ['TYRE_CRITICAL']
[Tripwire] Lap 7: ['TYRE_CRITICAL']
[Tripwire] Lap 7: ['TYRE_CRITICAL']
[Tripwire] Lap 7: ['TYRE_CRITICAL']
[Tripwire] Lap 7: ['TYRE_CRITICAL']
[Tripwire] Lap 7: ['TYRE_CRITICAL']
[Tripwire] Lap 7: ['TYRE_CRITICAL']
[Tripwire] Lap 7: ['TYRE_CRITICAL']
[Tripwire] Lap 7: ['TYRE_CRITICAL']
[Tripwire] Lap 7: ['TYRE_CRITICAL']
[Tripwire] Lap 7: ['TYRE_CRITICAL']
[Tripwire] Lap 7: ['TYRE_CRITICAL']
[Tripwire] Lap 7: ['TYRE_CRITICAL']
[Tripwire] Lap 7: ['TYRE_CRITICAL']
[Tripwire] Lap 7: ['TYRE_CRITICAL']
[Tripwire] Lap 7: ['TYRE_CRITICAL']
[Tripwire] Lap 7: ['TYRE_CRITICAL']
[Tripwire] Lap 7: ['TYRE_CRITICAL']
[Tripwire] Lap 7: ['TYRE_CRITICAL']
[Tripwire] Lap 7: ['TYRE_CRITICAL']
[Tripwire] Lap 7: ['PACE_DROP', 'THROTTLE_BRAKE_OVERLAP', 'TYRE_CRITICAL']
[Tripwire] Lap 7: ['PACE_DROP', 'THROTTLE_BRAKE_OVERLAP', 'TYRE_CRITICAL']
[Tripwire] Lap 7: ['PACE_DROP', 'TYRE_CRITICAL']
[Tripwire] Lap 8: ['PACE_DROP', 'THROTTLE_BRAKE_OVERLAP']
[Tripwire] Lap 8: ['PACE_DROP', 'THROTTLE_BRAKE_OVERLAP']
[Tripwire] Lap 8: ['PACE_DROP']
[Tripwire] Lap 8: ['THROTTLE_BRAKE_OVERLAP']
[Tripwire] Lap 8: ['THROTTLE_BRAKE_OVERLAP']
[Tripwire] Lap 8: ['THROTTLE_BRAKE_OVERLAP']
[Tripwire] Lap 8: ['THROTTLE_BRAKE_OVERLAP']
[Tripwire] Lap 8: ['THROTTLE_BRAKE_OVERLAP']
[Tripwire] Lap 8: ['THROTTLE_BRAKE_OVERLAP']
[Tripwire] Lap 8: ['THROTTLE_BRAKE_OVERLAP']
[Tripwire] Lap 8: ['THROTTLE_BRAKE_OVERLAP']
[Tripwire] Lap 8: ['THROTTLE_BRAKE_OVERLAP']
[Tripwire] Lap 8: ['THROTTLE_BRAKE_OVERLAP']
[Tripwire] Lap 8: ['THROTTLE_BRAKE_OVERLAP']
[Tripwire] Lap 8: ['THROTTLE_BRAKE_OVERLAP']
[Tripwire] Lap 8: ['THROTTLE_BRAKE_OVERLAP']
[Tripwire] Lap 8: ['THROTTLE_BRAKE_OVERLAP']
[Tripwire] Lap 8: ['THROTTLE_BRAKE_OVERLAP']
[Tripwire] Lap 8: ['THROTTLE_BRAKE_OVERLAP']
[Tripwire] Lap 8: ['THROTTLE_BRAKE_OVERLAP']
[Tripwire] Lap 8: ['THROTTLE_BRAKE_OVERLAP']
[Tripwire] Lap 8: ['THROTTLE_BRAKE_OVERLAP']
[Tripwire] Lap 8: ['THROTTLE_BRAKE_OVERLAP']
[Tripwire] Lap 8: ['THROTTLE_BRAKE_OVERLAP']
[Tripwire] Lap 8: ['THROTTLE_BRAKE_OVERLAP']
[Tripwire] Lap 8: ['THROTTLE_BRAKE_OVERLAP']
[Tripwire] Lap 8: ['THROTTLE_BRAKE_OVERLAP']
[Tripwire] Lap 8: ['THROTTLE_BRAKE_OVERLAP']
[Tripwire] Lap 8: ['PACE_DROP']
[Tripwire] Lap 8: ['PACE_DROP']
[Tripwire] Lap 8: ['PACE_DROP']
[Tripwire] Lap 8: ['PACE_DROP']
[Tripwire] Lap 8: ['PACE_DROP']
[Tripwire] Lap 8: ['TYRE_CRITICAL']
[Tripwire] Lap 8: ['TYRE_CRITICAL']
[Tripwire] Lap 8: ['TYRE_CRITICAL']
[Tripwire] Lap 8: ['TYRE_CRITICAL']
[Tripwire] Lap 8: ['TYRE_CRITICAL']
[Tripwire] Lap 8: ['TYRE_CRITICAL']
[Tripwire] Lap 8: ['TYRE_CRITICAL']
[Tripwire] Lap 8: ['TYRE_CRITICAL']
[Tripwire] Lap 8: ['TYRE_CRITICAL']
[Tripwire] Lap 8: ['TYRE_CRITICAL']
[Tripwire] Lap 8: ['TYRE_CRITICAL']
[Tripwire] Lap 8: ['TYRE_CRITICAL']
[Tripwire] Lap 8: ['TYRE_CRITICAL']
[Tripwire] Lap 8: ['TYRE_CRITICAL']
[Tripwire] Lap 8: ['TYRE_CRITICAL']
[Tripwire] Lap 8: ['TYRE_CRITICAL']
[Tripwire] Lap 8: ['TYRE_CRITICAL']
[Tripwire] Lap 8: ['TYRE_CRITICAL']
[Tripwire] Lap 8: ['TYRE_CRITICAL']
[Tripwire] Lap 8: ['TYRE_CRITICAL']
[Tripwire] Lap 8: ['TYRE_CRITICAL']
[Tripwire] Lap 8: ['TYRE_CRITICAL']
[Tripwire] Lap 8: ['TYRE_CRITICAL']
[Tripwire] Lap 8: ['TYRE_CRITICAL']
[Tripwire] Lap 8: ['TYRE_CRITICAL']
[Tripwire] Lap 8: ['TYRE_CRITICAL']
[Tripwire] Lap 8: ['TYRE_CRITICAL']
[Tripwire] Lap 8: ['TYRE_CRITICAL']
[Tripwire] Lap 8: ['TYRE_CRITICAL']
[Tripwire] Lap 8: ['TYRE_CRITICAL']
[Tripwire] Lap 8: ['TYRE_CRITICAL']
[Tripwire] Lap 8: ['TYRE_CRITICAL']
[Tripwire] Lap 8: ['TYRE_CRITICAL']
[Tripwire] Lap 8: ['TYRE_CRITICAL']
[Tripwire] Lap 8: ['TYRE_CRITICAL']
[Tripwire] Lap 8: ['TYRE_CRITICAL']
[Tripwire] Lap 8: ['TYRE_CRITICAL']
[Tripwire] Lap 8: ['TYRE_CRITICAL']
[Tripwire] Lap 8: ['TYRE_CRITICAL']
[Tripwire] Lap 8: ['TYRE_CRITICAL']
[Tripwire] Lap 8: ['TYRE_CRITICAL']
[Tripwire] Lap 8: ['TYRE_CRITICAL']
[Tripwire] Lap 8: ['TYRE_CRITICAL']
[Tripwire] Lap 8: ['TYRE_CRITICAL']
[Tripwire] Lap 8: ['TYRE_CRITICAL']
[Tripwire] Lap 8: ['TYRE_CRITICAL']
[Tripwire] Lap 8: ['TYRE_CRITICAL']
[Tripwire] Lap 8: ['TYRE_CRITICAL']
[Tripwire] Lap 8: ['TYRE_CRITICAL']
[Tripwire] Lap 8: ['TYRE_CRITICAL']
[Tripwire] Lap 8: ['TYRE_CRITICAL']
[Tripwire] Lap 8: ['TYRE_CRITICAL']
[Tripwire] Lap 8: ['TYRE_CRITICAL']
[Tripwire] Lap 8: ['TYRE_CRITICAL']
[Tripwire] Lap 8: ['TYRE_CRITICAL']
[Tripwire] Lap 8: ['TYRE_CRITICAL']
[Tripwire] Lap 8: ['TYRE_CRITICAL']
[Tripwire] Lap 8: ['TYRE_CRITICAL']
[Tripwire] Lap 8: ['TYRE_CRITICAL']
[Tripwire] Lap 8: ['TYRE_CRITICAL']
[Tripwire] Lap 8: ['TYRE_CRITICAL']
[Tripwire] Lap 8: ['TYRE_CRITICAL']
[Tripwire] Lap 8: ['PACE_DROP', 'TYRE_CRITICAL']
[Tripwire] Lap 8: ['PACE_DROP', 'TYRE_CRITICAL']
[Tripwire] Lap 8: ['PACE_DROP', 'TYRE_CRITICAL']
[Tripwire] Lap 9: ['PACE_DROP']
[Tripwire] Lap 9: ['PACE_DROP']
[Tripwire] Lap 9: ['THROTTLE_BRAKE_OVERLAP']
[Tripwire] Lap 9: ['THROTTLE_BRAKE_OVERLAP']
[Tripwire] Lap 9: ['THROTTLE_BRAKE_OVERLAP']
[Tripwire] Lap 9: ['THROTTLE_BRAKE_OVERLAP']
[Tripwire] Lap 9: ['THROTTLE_BRAKE_OVERLAP']
[Tripwire] Lap 9: ['THROTTLE_BRAKE_OVERLAP']
[Tripwire] Lap 9: ['THROTTLE_BRAKE_OVERLAP']
[Tripwire] Lap 9: ['THROTTLE_BRAKE_OVERLAP']
[Tripwire] Lap 9: ['THROTTLE_BRAKE_OVERLAP']
[Tripwire] Lap 9: ['THROTTLE_BRAKE_OVERLAP']
[Tripwire] Lap 9: ['THROTTLE_BRAKE_OVERLAP']
[Tripwire] Lap 9: ['THROTTLE_BRAKE_OVERLAP']
[Tripwire] Lap 9: ['THROTTLE_BRAKE_OVERLAP']
[Tripwire] Lap 9: ['THROTTLE_BRAKE_OVERLAP']
[Tripwire] Lap 9: ['THROTTLE_BRAKE_OVERLAP']
[Tripwire] Lap 9: ['THROTTLE_BRAKE_OVERLAP']
[Tripwire] Lap 9: ['THROTTLE_BRAKE_OVERLAP']
[Tripwire] Lap 9: ['THROTTLE_BRAKE_OVERLAP']
INFO:     connection closed
INFO:     127.0.0.1:51359 - "WebSocket /ws/race_multi" [accepted]
INFO:     connection open
ERROR:    Exception in ASGI application
Traceback (most recent call last):
  File "/Users/midas/miniconda3/lib/python3.11/site-packages/uvicorn/protocols/websockets/websockets_impl.py", line 244, in run_asgi
    result = await self.app(self.scope, self.asgi_receive, self.asgi_send)  # type: ignore[func-returns-value]
             ^^^^^^^^^^^^^^^^^^^^^^^^^^^^^^^^^^^^^^^^^^^^^^^^^^^^^^^^^^^^^
  File "/Users/midas/miniconda3/lib/python3.11/site-packages/uvicorn/middleware/proxy_headers.py", line 60, in __call__
    return await self.app(scope, receive, send)
           ^^^^^^^^^^^^^^^^^^^^^^^^^^^^^^^^^^^^
  File "/Users/midas/miniconda3/lib/python3.11/site-packages/fastapi/applications.py", line 1162, in __call__
    await super().__call__(scope, receive, send)
  File "/Users/midas/miniconda3/lib/python3.11/site-packages/starlette/applications.py", line 90, in __call__
    await self.middleware_stack(scope, receive, send)
  File "/Users/midas/miniconda3/lib/python3.11/site-packages/starlette/middleware/errors.py", line 151, in __call__
    await self.app(scope, receive, send)
  File "/Users/midas/miniconda3/lib/python3.11/site-packages/starlette/middleware/cors.py", line 80, in __call__
    await self.app(scope, receive, send)
  File "/Users/midas/miniconda3/lib/python3.11/site-packages/starlette/middleware/exceptions.py", line 63, in __call__
    await wrap_app_handling_exceptions(self.app, conn)(scope, receive, send)
  File "/Users/midas/miniconda3/lib/python3.11/site-packages/starlette/_exception_handler.py", line 53, in wrapped_app
    raise exc
  File "/Users/midas/miniconda3/lib/python3.11/site-packages/starlette/_exception_handler.py", line 42, in wrapped_app
    await app(scope, receive, sender)
  File "/Users/midas/miniconda3/lib/python3.11/site-packages/fastapi/middleware/asyncexitstack.py", line 18, in __call__
    await self.app(scope, receive, send)
  File "/Users/midas/miniconda3/lib/python3.11/site-packages/starlette/routing.py", line 660, in __call__
    await self.middleware_stack(scope, receive, send)
  File "/Users/midas/miniconda3/lib/python3.11/site-packages/starlette/routing.py", line 680, in app
    await route.handle(scope, receive, send)
  File "/Users/midas/miniconda3/lib/python3.11/site-packages/starlette/routing.py", line 350, in handle
    await self.app(scope, receive, send)
  File "/Users/midas/miniconda3/lib/python3.11/site-packages/fastapi/routing.py", line 169, in app
    await wrap_app_handling_exceptions(app, session)(scope, receive, send)
  File "/Users/midas/miniconda3/lib/python3.11/site-packages/starlette/_exception_handler.py", line 53, in wrapped_app
    raise exc
  File "/Users/midas/miniconda3/lib/python3.11/site-packages/starlette/_exception_handler.py", line 42, in wrapped_app
    await app(scope, receive, sender)
  File "/Users/midas/miniconda3/lib/python3.11/site-packages/fastapi/routing.py", line 166, in app
    await func(session)
  File "/Users/midas/miniconda3/lib/python3.11/site-packages/fastapi/routing.py", line 773, in app
    await dependant.call(**solved_result.values)
  File "/Users/midas/Documents/F1_Project/backend/main.py", line 172, in websocket_simulate_multi
    await websocket.close()
  File "/Users/midas/miniconda3/lib/python3.11/site-packages/starlette/websockets.py", line 181, in close
    await self.send({"type": "websocket.close", "code": code, "reason": reason or ""})
  File "/Users/midas/miniconda3/lib/python3.11/site-packages/starlette/websockets.py", line 98, in send
    raise RuntimeError('Cannot call "send" once a close message has been sent.')
RuntimeError: Cannot call "send" once a close message has been sent.
[Tripwire] Lap 9: ['THROTTLE_BRAKE_OVERLAP']
[Tripwire] Lap 9: ['THROTTLE_BRAKE_OVERLAP']
[Tripwire] Lap 9: ['THROTTLE_BRAKE_OVERLAP']
[Tripwire] Lap 9: ['THROTTLE_BRAKE_OVERLAP']
[Tripwire] Lap 9: ['THROTTLE_BRAKE_OVERLAP']
[Tripwire] Lap 9: ['THROTTLE_BRAKE_OVERLAP']
[Tripwire] Lap 9: ['THROTTLE_BRAKE_OVERLAP']
[Tripwire] Lap 9: ['THROTTLE_BRAKE_OVERLAP']
[Tripwire] Lap 9: ['THROTTLE_BRAKE_OVERLAP']
[Tripwire] Lap 9: ['THROTTLE_BRAKE_OVERLAP']
[Tripwire] Lap 9: ['THROTTLE_BRAKE_OVERLAP']
[Tripwire] Lap 9: ['PACE_DROP']
[Tripwire] Lap 9: ['PACE_DROP']
[Tripwire] Lap 9: ['PACE_DROP']
[Tripwire] Lap 9: ['PACE_DROP']
[Tripwire] Lap 9: ['PACE_DROP']
[Tripwire] Lap 9: ['TYRE_CRITICAL']
[Tripwire] Lap 9: ['TYRE_CRITICAL']
[Tripwire] Lap 9: ['TYRE_CRITICAL']
[Tripwire] Lap 9: ['TYRE_CRITICAL']
[Tripwire] Lap 9: ['TYRE_CRITICAL']
[Tripwire] Lap 9: ['TYRE_CRITICAL']
[Tripwire] Lap 9: ['TYRE_CRITICAL']
[Tripwire] Lap 9: ['TYRE_CRITICAL']
[Tripwire] Lap 9: ['TYRE_CRITICAL']
[Tripwire] Lap 9: ['TYRE_CRITICAL']
[Tripwire] Lap 9: ['TYRE_CRITICAL']
[Tripwire] Lap 9: ['TYRE_CRITICAL']
[Tripwire] Lap 9: ['TYRE_CRITICAL']
[Tripwire] Lap 9: ['TYRE_CRITICAL']
[Tripwire] Lap 9: ['TYRE_CRITICAL']
[Tripwire] Lap 9: ['TYRE_CRITICAL']
[Tripwire] Lap 9: ['TYRE_CRITICAL']
[Tripwire] Lap 9: ['TYRE_CRITICAL']
[Tripwire] Lap 9: ['TYRE_CRITICAL']
[Tripwire] Lap 9: ['TYRE_CRITICAL']
[Tripwire] Lap 9: ['TYRE_CRITICAL']
[Tripwire] Lap 9: ['TYRE_CRITICAL']
Client disconnected: 
[Tripwire] Lap 9: ['TYRE_CRITICAL']
[Tripwire] Lap 9: ['TYRE_CRITICAL']
[Tripwire] Lap 1: ['PACE_DROP']
[Tripwire] Lap 9: ['TYRE_CRITICAL']
[Tripwire] Lap 9: ['TYRE_CRITICAL']
[Tripwire] Lap 1: ['PACE_DROP']
[Tripwire] Lap 9: ['TYRE_CRITICAL']
[Tripwire] Lap 9: ['TYRE_CRITICAL']
[Tripwire] Lap 1: ['PACE_DROP', 'THROTTLE_BRAKE_OVERLAP']
[Tripwire] Lap 9: ['TYRE_CRITICAL']
[Tripwire] Lap 9: ['TYRE_CRITICAL']
[Tripwire] Lap 1: ['PACE_DROP']
[Tripwire] Lap 9: ['TYRE_CRITICAL']
[Tripwire] Lap 9: ['TYRE_CRITICAL']
[Tripwire] Lap 1: ['PACE_DROP']
[Tripwire] Lap 9: ['TYRE_CRITICAL']
[Tripwire] Lap 9: ['TYRE_CRITICAL']
[Tripwire] Lap 9: ['TYRE_CRITICAL']
[Tripwire] Lap 9: ['TYRE_CRITICAL']
[Tripwire] Lap 9: ['TYRE_CRITICAL']
[Tripwire] Lap 9: ['TYRE_CRITICAL']
[Tripwire] Lap 1: ['THROTTLE_BRAKE_OVERLAP']
[Tripwire] Lap 9: ['TYRE_CRITICAL']
[Tripwire] Lap 9: ['TYRE_CRITICAL']
[Tripwire] Lap 9: ['TYRE_CRITICAL']
[Tripwire] Lap 9: ['TYRE_CRITICAL']
[Tripwire] Lap 9: ['TYRE_CRITICAL']
[Tripwire] Lap 9: ['TYRE_CRITICAL']
[Tripwire] Lap 1: ['THROTTLE_BRAKE_OVERLAP']
[Tripwire] Lap 9: ['TYRE_CRITICAL']
[Tripwire] Lap 9: ['TYRE_CRITICAL']
[Tripwire] Lap 9: ['TYRE_CRITICAL']
[Tripwire] Lap 9: ['TYRE_CRITICAL']
[Tripwire] Lap 1: ['THROTTLE_BRAKE_OVERLAP']
[Tripwire] Lap 9: ['TYRE_CRITICAL']
[Tripwire] Lap 9: ['TYRE_CRITICAL']
[Tripwire] Lap 10: ['THROTTLE_BRAKE_OVERLAP']
[Tripwire] Lap 1: ['THROTTLE_BRAKE_OVERLAP']
[Tripwire] Lap 10: ['THROTTLE_BRAKE_OVERLAP']
[Tripwire] Lap 1: ['THROTTLE_BRAKE_OVERLAP']
[Tripwire] Lap 10: ['THROTTLE_BRAKE_OVERLAP']
[Tripwire] Lap 1: ['THROTTLE_BRAKE_OVERLAP']
[Tripwire] Lap 10: ['THROTTLE_BRAKE_OVERLAP']
[Tripwire] Lap 1: ['THROTTLE_BRAKE_OVERLAP']
[Tripwire] Lap 1: ['THROTTLE_BRAKE_OVERLAP']
[Tripwire] Lap 10: ['THROTTLE_BRAKE_OVERLAP']
[Tripwire] Lap 10: ['THROTTLE_BRAKE_OVERLAP']
[Tripwire] Lap 10: ['THROTTLE_BRAKE_OVERLAP']
[Tripwire] Lap 1: ['THROTTLE_BRAKE_OVERLAP']
[Tripwire] Lap 10: ['THROTTLE_BRAKE_OVERLAP']
[Tripwire] Lap 1: ['THROTTLE_BRAKE_OVERLAP']
[Tripwire] Lap 10: ['THROTTLE_BRAKE_OVERLAP']
[Tripwire] Lap 10: ['THROTTLE_BRAKE_OVERLAP']
[Tripwire] Lap 10: ['THROTTLE_BRAKE_OVERLAP']
[Tripwire] Lap 10: ['THROTTLE_BRAKE_OVERLAP']
[Tripwire] Lap 1: ['PACE_DROP']
[Tripwire] Lap 1: ['PACE_DROP']
[Tripwire] Lap 1: ['PACE_DROP']
[Tripwire] Lap 1: ['PACE_DROP']
[Tripwire] Lap 1: ['PACE_DROP']
[Tripwire] Lap 1: ['PACE_DROP']
[Tripwire] Lap 1: ['PACE_DROP']
[Tripwire] Lap 1: ['TYRE_CRITICAL']
[Tripwire] Lap 1: ['TYRE_CRITICAL']
[Tripwire] Lap 1: ['TYRE_CRITICAL']
[Tripwire] Lap 1: ['TYRE_CRITICAL']
[Tripwire] Lap 1: ['TYRE_CRITICAL']
[Tripwire] Lap 1: ['TYRE_CRITICAL']
[Tripwire] Lap 1: ['TYRE_CRITICAL']
[Tripwire] Lap 1: ['TYRE_CRITICAL']
[Tripwire] Lap 1: ['TYRE_CRITICAL']
[Tripwire] Lap 1: ['TYRE_CRITICAL']
[Tripwire] Lap 1: ['TYRE_CRITICAL']
[Tripwire] Lap 1: ['TYRE_CRITICAL']
[Tripwire] Lap 1: ['TYRE_CRITICAL']
[Tripwire] Lap 10: ['TYRE_CRITICAL']
[Tripwire] Lap 10: ['TYRE_CRITICAL']
[Tripwire] Lap 1: ['TYRE_CRITICAL']
[Tripwire] Lap 10: ['TYRE_CRITICAL']
[Tripwire] Lap 10: ['TYRE_CRITICAL']
[Tripwire] Lap 1: ['TYRE_CRITICAL']
[Tripwire] Lap 10: ['TYRE_CRITICAL']
[Tripwire] Lap 10: ['TYRE_CRITICAL']
[Tripwire] Lap 1: ['TYRE_CRITICAL']
[Tripwire] Lap 10: ['TYRE_CRITICAL']
[Tripwire] Lap 10: ['TYRE_CRITICAL']
[Tripwire] Lap 1: ['TYRE_CRITICAL']
[Tripwire] Lap 10: ['TYRE_CRITICAL']
[Tripwire] Lap 10: ['TYRE_CRITICAL']
[Tripwire] Lap 1: ['TYRE_CRITICAL']
[Tripwire] Lap 10: ['TYRE_CRITICAL']
[Tripwire] Lap 10: ['TYRE_CRITICAL']
[Tripwire] Lap 1: ['TYRE_CRITICAL']
[Tripwire] Lap 10: ['TYRE_CRITICAL']
[Tripwire] Lap 10: ['TYRE_CRITICAL']
[Tripwire] Lap 1: ['TYRE_CRITICAL']
[Tripwire] Lap 10: ['TYRE_CRITICAL']
[Tripwire] Lap 10: ['TYRE_CRITICAL']
[Tripwire] Lap 1: ['PACE_DROP', 'THROTTLE_BRAKE_OVERLAP', 'TYRE_CRITICAL']
[Tripwire] Lap 10: ['TYRE_CRITICAL']
[Tripwire] Lap 10: ['TYRE_CRITICAL']
[Tripwire] Lap 2: ['PACE_DROP']
[Tripwire] Lap 10: ['TYRE_CRITICAL']
[Tripwire] Lap 10: ['TYRE_CRITICAL']
[Tripwire] Lap 2: ['PACE_DROP']
[Tripwire] Lap 10: ['TYRE_CRITICAL']
[Tripwire] Lap 10: ['TYRE_CRITICAL']
[Tripwire] Lap 2: ['PACE_DROP']
[Tripwire] Lap 10: ['TYRE_CRITICAL']
[Tripwire] Lap 10: ['TYRE_CRITICAL']
[Tripwire] Lap 2: ['PACE_DROP']
[Tripwire] Lap 10: ['TYRE_CRITICAL']
[Tripwire] Lap 10: ['TYRE_CRITICAL']
[Tripwire] Lap 2: ['PACE_DROP']
[Tripwire] Lap 10: ['TYRE_CRITICAL']
[Tripwire] Lap 10: ['TYRE_CRITICAL']
[Tripwire] Lap 10: ['TYRE_CRITICAL']
[Tripwire] Lap 10: ['TYRE_CRITICAL']
[Tripwire] Lap 10: ['TYRE_CRITICAL']
[Tripwire] Lap 10: ['TYRE_CRITICAL']
[Tripwire] Lap 2: ['THROTTLE_BRAKE_OVERLAP']
[Tripwire] Lap 10: ['TYRE_CRITICAL']
[Tripwire] Lap 10: ['TYRE_CRITICAL']
[Tripwire] Lap 10: ['TYRE_CRITICAL']
[Tripwire] Lap 10: ['TYRE_CRITICAL']
[Tripwire] Lap 10: ['TYRE_CRITICAL']
[Tripwire] Lap 10: ['TYRE_CRITICAL']
[Tripwire] Lap 10: ['TYRE_CRITICAL']
[Tripwire] Lap 10: ['TYRE_CRITICAL']
[Tripwire] Lap 2: ['THROTTLE_BRAKE_OVERLAP']
[Tripwire] Lap 10: ['TYRE_CRITICAL']
[Tripwire] Lap 10: ['TYRE_CRITICAL']
[Tripwire] Lap 10: ['THROTTLE_BRAKE_OVERLAP', 'TYRE_CRITICAL']
[Tripwire] Lap 10: ['TYRE_CRITICAL']
[Tripwire] Lap 11: ['THROTTLE_BRAKE_OVERLAP']
[Tripwire] Lap 11: ['THROTTLE_BRAKE_OVERLAP']
[Tripwire] Lap 11: ['THROTTLE_BRAKE_OVERLAP']
[Tripwire] Lap 11: ['THROTTLE_BRAKE_OVERLAP']
[Tripwire] Lap 11: ['THROTTLE_BRAKE_OVERLAP']
[Tripwire] Lap 11: ['THROTTLE_BRAKE_OVERLAP']
[Tripwire] Lap 11: ['THROTTLE_BRAKE_OVERLAP']
[Tripwire] Lap 11: ['THROTTLE_BRAKE_OVERLAP']
[Tripwire] Lap 11: ['THROTTLE_BRAKE_OVERLAP']
[Tripwire] Lap 11: ['THROTTLE_BRAKE_OVERLAP']
[Tripwire] Lap 2: ['THROTTLE_BRAKE_OVERLAP']
[Tripwire] Lap 11: ['THROTTLE_BRAKE_OVERLAP']
[Tripwire] Lap 11: ['THROTTLE_BRAKE_OVERLAP']
[Tripwire] Lap 11: ['THROTTLE_BRAKE_OVERLAP']
[Tripwire] Lap 11: ['THROTTLE_BRAKE_OVERLAP']
[Tripwire] Lap 11: ['THROTTLE_BRAKE_OVERLAP']
[Tripwire] Lap 11: ['THROTTLE_BRAKE_OVERLAP']
[Tripwire] Lap 11: ['THROTTLE_BRAKE_OVERLAP']
[Tripwire] Lap 11: ['THROTTLE_BRAKE_OVERLAP']
[Tripwire] Lap 11: ['THROTTLE_BRAKE_OVERLAP']
[Tripwire] Lap 2: ['PACE_DROP']
[Tripwire] Lap 2: ['PACE_DROP']
[Tripwire] Lap 2: ['PACE_DROP']
[Tripwire] Lap 2: ['PACE_DROP']
[Tripwire] Lap 2: ['PACE_DROP']
[Tripwire] Lap 2: ['PACE_DROP']
[Tripwire] Lap 2: ['TYRE_CRITICAL']
[Tripwire] Lap 2: ['TYRE_CRITICAL']
[Tripwire] Lap 2: ['TYRE_CRITICAL']
[Tripwire] Lap 2: ['TYRE_CRITICAL']
[Tripwire] Lap 2: ['TYRE_CRITICAL']
[Tripwire] Lap 2: ['TYRE_CRITICAL']
[Tripwire] Lap 2: ['TYRE_CRITICAL']
[Tripwire] Lap 2: ['TYRE_CRITICAL']
[Tripwire] Lap 2: ['TYRE_CRITICAL']
[Tripwire] Lap 2: ['TYRE_CRITICAL']
[Tripwire] Lap 2: ['TYRE_CRITICAL']
[Tripwire] Lap 2: ['TYRE_CRITICAL']
[Tripwire] Lap 2: ['TYRE_CRITICAL']
INFO:     connection closed
INFO:     127.0.0.1:51378 - "WebSocket /ws/race_multi" [accepted]
INFO:     connection open
ERROR:    Exception in ASGI application
Traceback (most recent call last):
  File "/Users/midas/miniconda3/lib/python3.11/site-packages/uvicorn/protocols/websockets/websockets_impl.py", line 244, in run_asgi
    result = await self.app(self.scope, self.asgi_receive, self.asgi_send)  # type: ignore[func-returns-value]
             ^^^^^^^^^^^^^^^^^^^^^^^^^^^^^^^^^^^^^^^^^^^^^^^^^^^^^^^^^^^^^
  File "/Users/midas/miniconda3/lib/python3.11/site-packages/uvicorn/middleware/proxy_headers.py", line 60, in __call__
    return await self.app(scope, receive, send)
           ^^^^^^^^^^^^^^^^^^^^^^^^^^^^^^^^^^^^
  File "/Users/midas/miniconda3/lib/python3.11/site-packages/fastapi/applications.py", line 1162, in __call__
    await super().__call__(scope, receive, send)
  File "/Users/midas/miniconda3/lib/python3.11/site-packages/starlette/applications.py", line 90, in __call__
    await self.middleware_stack(scope, receive, send)
  File "/Users/midas/miniconda3/lib/python3.11/site-packages/starlette/middleware/errors.py", line 151, in __call__
    await self.app(scope, receive, send)
  File "/Users/midas/miniconda3/lib/python3.11/site-packages/starlette/middleware/cors.py", line 80, in __call__
    await self.app(scope, receive, send)
  File "/Users/midas/miniconda3/lib/python3.11/site-packages/starlette/middleware/exceptions.py", line 63, in __call__
    await wrap_app_handling_exceptions(self.app, conn)(scope, receive, send)
  File "/Users/midas/miniconda3/lib/python3.11/site-packages/starlette/_exception_handler.py", line 53, in wrapped_app
    raise exc
  File "/Users/midas/miniconda3/lib/python3.11/site-packages/starlette/_exception_handler.py", line 42, in wrapped_app
    await app(scope, receive, sender)
  File "/Users/midas/miniconda3/lib/python3.11/site-packages/fastapi/middleware/asyncexitstack.py", line 18, in __call__
    await self.app(scope, receive, send)
  File "/Users/midas/miniconda3/lib/python3.11/site-packages/starlette/routing.py", line 660, in __call__
    await self.middleware_stack(scope, receive, send)
  File "/Users/midas/miniconda3/lib/python3.11/site-packages/starlette/routing.py", line 680, in app
    await route.handle(scope, receive, send)
  File "/Users/midas/miniconda3/lib/python3.11/site-packages/starlette/routing.py", line 350, in handle
    await self.app(scope, receive, send)
  File "/Users/midas/miniconda3/lib/python3.11/site-packages/fastapi/routing.py", line 169, in app
    await wrap_app_handling_exceptions(app, session)(scope, receive, send)
  File "/Users/midas/miniconda3/lib/python3.11/site-packages/starlette/_exception_handler.py", line 53, in wrapped_app
    raise exc
  File "/Users/midas/miniconda3/lib/python3.11/site-packages/starlette/_exception_handler.py", line 42, in wrapped_app
    await app(scope, receive, sender)
  File "/Users/midas/miniconda3/lib/python3.11/site-packages/fastapi/routing.py", line 166, in app
    await func(session)
  File "/Users/midas/miniconda3/lib/python3.11/site-packages/fastapi/routing.py", line 773, in app
    await dependant.call(**solved_result.values)
  File "/Users/midas/Documents/F1_Project/backend/main.py", line 172, in websocket_simulate_multi
    await websocket.close()
  File "/Users/midas/miniconda3/lib/python3.11/site-packages/starlette/websockets.py", line 181, in close
    await self.send({"type": "websocket.close", "code": code, "reason": reason or ""})
  File "/Users/midas/miniconda3/lib/python3.11/site-packages/starlette/websockets.py", line 98, in send
    raise RuntimeError('Cannot call "send" once a close message has been sent.')
RuntimeError: Cannot call "send" once a close message has been sent.
INFO:     connection closed
INFO:     127.0.0.1:51395 - "WebSocket /ws/race_multi" [accepted]
INFO:     connection open
ERROR:    Exception in ASGI application
Traceback (most recent call last):
  File "/Users/midas/miniconda3/lib/python3.11/site-packages/uvicorn/protocols/websockets/websockets_impl.py", line 244, in run_asgi
    result = await self.app(self.scope, self.asgi_receive, self.asgi_send)  # type: ignore[func-returns-value]
             ^^^^^^^^^^^^^^^^^^^^^^^^^^^^^^^^^^^^^^^^^^^^^^^^^^^^^^^^^^^^^
  File "/Users/midas/miniconda3/lib/python3.11/site-packages/uvicorn/middleware/proxy_headers.py", line 60, in __call__
    return await self.app(scope, receive, send)
           ^^^^^^^^^^^^^^^^^^^^^^^^^^^^^^^^^^^^
  File "/Users/midas/miniconda3/lib/python3.11/site-packages/fastapi/applications.py", line 1162, in __call__
    await super().__call__(scope, receive, send)
  File "/Users/midas/miniconda3/lib/python3.11/site-packages/starlette/applications.py", line 90, in __call__
    await self.middleware_stack(scope, receive, send)
  File "/Users/midas/miniconda3/lib/python3.11/site-packages/starlette/middleware/errors.py", line 151, in __call__
    await self.app(scope, receive, send)
  File "/Users/midas/miniconda3/lib/python3.11/site-packages/starlette/middleware/cors.py", line 80, in __call__
    await self.app(scope, receive, send)
  File "/Users/midas/miniconda3/lib/python3.11/site-packages/starlette/middleware/exceptions.py", line 63, in __call__
    await wrap_app_handling_exceptions(self.app, conn)(scope, receive, send)
  File "/Users/midas/miniconda3/lib/python3.11/site-packages/starlette/_exception_handler.py", line 53, in wrapped_app
    raise exc
  File "/Users/midas/miniconda3/lib/python3.11/site-packages/starlette/_exception_handler.py", line 42, in wrapped_app
    await app(scope, receive, sender)
  File "/Users/midas/miniconda3/lib/python3.11/site-packages/fastapi/middleware/asyncexitstack.py", line 18, in __call__
    await self.app(scope, receive, send)
  File "/Users/midas/miniconda3/lib/python3.11/site-packages/starlette/routing.py", line 660, in __call__
    await self.middleware_stack(scope, receive, send)
  File "/Users/midas/miniconda3/lib/python3.11/site-packages/starlette/routing.py", line 680, in app
    await route.handle(scope, receive, send)
  File "/Users/midas/miniconda3/lib/python3.11/site-packages/starlette/routing.py", line 350, in handle
    await self.app(scope, receive, send)
  File "/Users/midas/miniconda3/lib/python3.11/site-packages/fastapi/routing.py", line 169, in app
    await wrap_app_handling_exceptions(app, session)(scope, receive, send)
  File "/Users/midas/miniconda3/lib/python3.11/site-packages/starlette/_exception_handler.py", line 53, in wrapped_app
    raise exc
  File "/Users/midas/miniconda3/lib/python3.11/site-packages/starlette/_exception_handler.py", line 42, in wrapped_app
    await app(scope, receive, sender)
  File "/Users/midas/miniconda3/lib/python3.11/site-packages/fastapi/routing.py", line 166, in app
    await func(session)
  File "/Users/midas/miniconda3/lib/python3.11/site-packages/fastapi/routing.py", line 773, in app
    await dependant.call(**solved_result.values)
  File "/Users/midas/Documents/F1_Project/backend/main.py", line 172, in websocket_simulate_multi
    await websocket.close()
  File "/Users/midas/miniconda3/lib/python3.11/site-packages/starlette/websockets.py", line 181, in close
    await self.send({"type": "websocket.close", "code": code, "reason": reason or ""})
  File "/Users/midas/miniconda3/lib/python3.11/site-packages/starlette/websockets.py", line 98, in send
    raise RuntimeError('Cannot call "send" once a close message has been sent.')
RuntimeError: Cannot call "send" once a close message has been sent.
[Tripwire] Lap 2: ['TYRE_CRITICAL']
[Tripwire] Lap 11: ['TYRE_CRITICAL']
[Tripwire] Lap 2: ['TYRE_CRITICAL']
[Tripwire] Lap 11: ['TYRE_CRITICAL']
[Tripwire] Lap 11: ['TYRE_CRITICAL']
[Tripwire] Lap 2: ['TYRE_CRITICAL']
[Tripwire] Lap 11: ['TYRE_CRITICAL']
[Tripwire] Lap 11: ['TYRE_CRITICAL']
[Tripwire] Lap 2: ['TYRE_CRITICAL']
[Tripwire] Lap 11: ['TYRE_CRITICAL']
[Tripwire] Lap 11: ['TYRE_CRITICAL']
[Tripwire] Lap 2: ['TYRE_CRITICAL']
[Tripwire] Lap 11: ['TYRE_CRITICAL']
[Tripwire] Lap 11: ['TYRE_CRITICAL']
[Tripwire] Lap 2: ['TYRE_CRITICAL']
[Tripwire] Lap 11: ['TYRE_CRITICAL']
[Tripwire] Lap 11: ['TYRE_CRITICAL']
[Tripwire] Lap 2: ['TYRE_CRITICAL']
[Tripwire] Lap 11: ['TYRE_CRITICAL']
[Tripwire] Lap 11: ['TYRE_CRITICAL']
[Tripwire] Lap 2: ['TYRE_CRITICAL']
[Tripwire] Lap 11: ['TYRE_CRITICAL']
[Tripwire] Lap 11: ['TYRE_CRITICAL']
[Tripwire] Lap 2: ['PACE_DROP', 'TYRE_CRITICAL']
[Tripwire] Lap 11: ['TYRE_CRITICAL']
[Tripwire] Lap 11: ['TYRE_CRITICAL']
[Tripwire] Lap 3: ['PACE_DROP', 'THROTTLE_BRAKE_OVERLAP']
[Tripwire] Lap 11: ['TYRE_CRITICAL']
[Tripwire] Lap 11: ['TYRE_CRITICAL']
[Tripwire] Lap 3: ['PACE_DROP', 'THROTTLE_BRAKE_OVERLAP']
[Tripwire] Lap 11: ['TYRE_CRITICAL']
[Tripwire] Lap 11: ['TYRE_CRITICAL']
[Tripwire] Lap 3: ['PACE_DROP']
[Tripwire] Lap 11: ['TYRE_CRITICAL']
[Tripwire] Lap 11: ['TYRE_CRITICAL']
[Tripwire] Lap 3: ['PACE_DROP']
[Tripwire] Lap 11: ['TYRE_CRITICAL']
[Tripwire] Lap 11: ['TYRE_CRITICAL']
[Tripwire] Lap 3: ['PACE_DROP']
[Tripwire] Lap 11: ['TYRE_CRITICAL']
[Tripwire] Lap 11: ['TYRE_CRITICAL']
[Tripwire] Lap 11: ['TYRE_CRITICAL']
[Tripwire] Lap 11: ['TYRE_CRITICAL']
[Tripwire] Lap 3: ['THROTTLE_BRAKE_OVERLAP']
[Tripwire] Lap 11: ['TYRE_CRITICAL']
[Tripwire] Lap 11: ['TYRE_CRITICAL']
[Tripwire] Lap 3: ['THROTTLE_BRAKE_OVERLAP']
[Tripwire] Lap 11: ['TYRE_CRITICAL']
[Tripwire] Lap 11: ['TYRE_CRITICAL']
[Tripwire] Lap 11: ['TYRE_CRITICAL']
[Tripwire] Lap 11: ['TYRE_CRITICAL']
[Tripwire] Lap 11: ['TYRE_CRITICAL']
[Tripwire] Lap 11: ['TYRE_CRITICAL']
[Tripwire] Lap 11: ['TYRE_CRITICAL']
[Tripwire] Lap 11: ['TYRE_CRITICAL']
[Tripwire] Lap 3: ['THROTTLE_BRAKE_OVERLAP']
[Tripwire] Lap 11: ['TYRE_CRITICAL']
[Tripwire] Lap 11: ['TYRE_CRITICAL']
[Tripwire] Lap 11: ['TYRE_CRITICAL']
[Tripwire] Lap 11: ['TYRE_CRITICAL']
[Tripwire] Lap 3: ['THROTTLE_BRAKE_OVERLAP']
Client disconnected: 
[Tripwire] Lap 12: ['THROTTLE_BRAKE_OVERLAP']
[Tripwire] Lap 1: ['THROTTLE_BRAKE_OVERLAP']
[Tripwire] Lap 3: ['THROTTLE_BRAKE_OVERLAP']
[Tripwire] Lap 1: ['THROTTLE_BRAKE_OVERLAP']
[Tripwire] Lap 12: ['THROTTLE_BRAKE_OVERLAP']
[Tripwire] Lap 3: ['THROTTLE_BRAKE_OVERLAP']
[Tripwire] Lap 1: ['THROTTLE_BRAKE_OVERLAP']
[Tripwire] Lap 1: ['THROTTLE_BRAKE_OVERLAP']
[Tripwire] Lap 1: ['THROTTLE_BRAKE_OVERLAP']
[Tripwire] Lap 12: ['THROTTLE_BRAKE_OVERLAP']
[Tripwire] Lap 3: ['THROTTLE_BRAKE_OVERLAP']
[Tripwire] Lap 12: ['THROTTLE_BRAKE_OVERLAP']
[Tripwire] Lap 1: ['THROTTLE_BRAKE_OVERLAP']
[Tripwire] Lap 12: ['THROTTLE_BRAKE_OVERLAP']
[Tripwire] Lap 12: ['THROTTLE_BRAKE_OVERLAP']
[Tripwire] Lap 1: ['THROTTLE_BRAKE_OVERLAP']
[Tripwire] Lap 1: ['THROTTLE_BRAKE_OVERLAP']
[Tripwire] Lap 12: ['THROTTLE_BRAKE_OVERLAP']
[Tripwire] Lap 12: ['THROTTLE_BRAKE_OVERLAP']
[Tripwire] Lap 1: ['THROTTLE_BRAKE_OVERLAP']
[Tripwire] Lap 1: ['THROTTLE_BRAKE_OVERLAP']
[Tripwire] Lap 1: ['THROTTLE_BRAKE_OVERLAP']
[Tripwire] Lap 12: ['THROTTLE_BRAKE_OVERLAP']
[Tripwire] Lap 1: ['THROTTLE_BRAKE_OVERLAP']
[Tripwire] Lap 1: ['THROTTLE_BRAKE_OVERLAP']
[Tripwire] Lap 3: ['PACE_DROP']
[Tripwire] Lap 3: ['PACE_DROP']
[Tripwire] Lap 3: ['PACE_DROP']
[Tripwire] Lap 3: ['PACE_DROP']
[Tripwire] Lap 3: ['PACE_DROP']
[Tripwire] Lap 3: ['PACE_DROP']
[Tripwire] Lap 3: ['TYRE_CRITICAL']
[Tripwire] Lap 3: ['TYRE_CRITICAL']
[Tripwire] Lap 3: ['TYRE_CRITICAL']
[Tripwire] Lap 3: ['TYRE_CRITICAL']
[Tripwire] Lap 3: ['TYRE_CRITICAL']
[Tripwire] Lap 3: ['TYRE_CRITICAL']
[Tripwire] Lap 3: ['TYRE_CRITICAL']
[Tripwire] Lap 3: ['TYRE_CRITICAL']
[Tripwire] Lap 3: ['TYRE_CRITICAL']
[Tripwire] Lap 3: ['TYRE_CRITICAL']
[Tripwire] Lap 3: ['TYRE_CRITICAL']
[Tripwire] Lap 3: ['TYRE_CRITICAL']
[Tripwire] Lap 3: ['TYRE_CRITICAL']
[Tripwire] Lap 12: ['TYRE_CRITICAL']
[Tripwire] Lap 3: ['TYRE_CRITICAL']
[Tripwire] Lap 12: ['TYRE_CRITICAL']
[Tripwire] Lap 1: ['TYRE_CRITICAL']
[Tripwire] Lap 3: ['TYRE_CRITICAL']
[Tripwire] Lap 12: ['TYRE_CRITICAL']
[Tripwire] Lap 1: ['TYRE_CRITICAL']
[Tripwire] Lap 3: ['TYRE_CRITICAL']
[Tripwire] Lap 12: ['TYRE_CRITICAL']
[Tripwire] Lap 1: ['TYRE_CRITICAL']
[Tripwire] Lap 3: ['TYRE_CRITICAL']
[Tripwire] Lap 12: ['TYRE_CRITICAL']
[Tripwire] Lap 1: ['TYRE_CRITICAL']
[Tripwire] Lap 3: ['TYRE_CRITICAL']
[Tripwire] Lap 12: ['TYRE_CRITICAL']
[Tripwire] Lap 1: ['TYRE_CRITICAL']
[Tripwire] Lap 3: ['TYRE_CRITICAL']
[Tripwire] Lap 12: ['TYRE_CRITICAL']
[Tripwire] Lap 1: ['TYRE_CRITICAL']
[Tripwire] Lap 3: ['TYRE_CRITICAL']
[Tripwire] Lap 12: ['TYRE_CRITICAL']
[Tripwire] Lap 1: ['TYRE_CRITICAL']
[Tripwire] Lap 3: ['PACE_DROP', 'TYRE_CRITICAL']
[Tripwire] Lap 12: ['TYRE_CRITICAL']
[Tripwire] Lap 1: ['TYRE_CRITICAL']
[Tripwire] Lap 4: ['PACE_DROP', 'THROTTLE_BRAKE_OVERLAP']
[Tripwire] Lap 12: ['TYRE_CRITICAL']
[Tripwire] Lap 1: ['TYRE_CRITICAL']
[Tripwire] Lap 4: ['PACE_DROP']
[Tripwire] Lap 12: ['TYRE_CRITICAL']
[Tripwire] Lap 1: ['TYRE_CRITICAL']
[Tripwire] Lap 4: ['PACE_DROP', 'THROTTLE_BRAKE_OVERLAP']
[Tripwire] Lap 12: ['TYRE_CRITICAL']
[Tripwire] Lap 1: ['TYRE_CRITICAL']
[Tripwire] Lap 4: ['PACE_DROP']
[Tripwire] Lap 12: ['TYRE_CRITICAL']
[Tripwire] Lap 1: ['TYRE_CRITICAL']
[Tripwire] Lap 4: ['PACE_DROP']
[Tripwire] Lap 12: ['TYRE_CRITICAL']
[Tripwire] Lap 1: ['TYRE_CRITICAL']
[Tripwire] Lap 4: ['THROTTLE_BRAKE_OVERLAP']
[Tripwire] Lap 12: ['TYRE_CRITICAL']
[Tripwire] Lap 1: ['TYRE_CRITICAL']
[Tripwire] Lap 12: ['TYRE_CRITICAL']
[Tripwire] Lap 1: ['TYRE_CRITICAL']
[Tripwire] Lap 12: ['TYRE_CRITICAL']
[Tripwire] Lap 1: ['TYRE_CRITICAL']
[Tripwire] Lap 12: ['TYRE_CRITICAL']
[Tripwire] Lap 1: ['TYRE_CRITICAL']
[Tripwire] Lap 12: ['TYRE_CRITICAL']
[Tripwire] Lap 1: ['TYRE_CRITICAL']
[Tripwire] Lap 12: ['TYRE_CRITICAL']
[Tripwire] Lap 1: ['TYRE_CRITICAL']
[Tripwire] Lap 12: ['TYRE_CRITICAL']
[Tripwire] Lap 1: ['TYRE_CRITICAL']
[Tripwire] Lap 12: ['TYRE_CRITICAL']
[Tripwire] Lap 1: ['TYRE_CRITICAL']
[Tripwire] Lap 13: ['THROTTLE_BRAKE_OVERLAP']
[Tripwire] Lap 13: ['THROTTLE_BRAKE_OVERLAP']
[Tripwire] Lap 2: ['THROTTLE_BRAKE_OVERLAP']
[Tripwire] Lap 4: ['THROTTLE_BRAKE_OVERLAP']
[Tripwire] Lap 2: ['THROTTLE_BRAKE_OVERLAP']
[Tripwire] Lap 13: ['THROTTLE_BRAKE_OVERLAP']
[Tripwire] Lap 4: ['THROTTLE_BRAKE_OVERLAP']
[Tripwire] Lap 13: ['THROTTLE_BRAKE_OVERLAP']
[Tripwire] Lap 4: ['THROTTLE_BRAKE_OVERLAP']
[Tripwire] Lap 13: ['THROTTLE_BRAKE_OVERLAP']
[Tripwire] Lap 13: ['THROTTLE_BRAKE_OVERLAP']
[Tripwire] Lap 2: ['THROTTLE_BRAKE_OVERLAP']
[Tripwire] Lap 4: ['THROTTLE_BRAKE_OVERLAP']
[Tripwire] Lap 4: ['THROTTLE_BRAKE_OVERLAP']
[Tripwire] Lap 13: ['THROTTLE_BRAKE_OVERLAP']
[Tripwire] Lap 2: ['THROTTLE_BRAKE_OVERLAP']
[Tripwire] Lap 4: ['THROTTLE_BRAKE_OVERLAP']
[Tripwire] Lap 13: ['THROTTLE_BRAKE_OVERLAP']
[Tripwire] Lap 2: ['THROTTLE_BRAKE_OVERLAP']
[Tripwire] Lap 4: ['THROTTLE_BRAKE_OVERLAP']
[Tripwire] Lap 13: ['THROTTLE_BRAKE_OVERLAP']
[Tripwire] Lap 2: ['THROTTLE_BRAKE_OVERLAP']
[Tripwire] Lap 13: ['THROTTLE_BRAKE_OVERLAP']
[Tripwire] Lap 13: ['THROTTLE_BRAKE_OVERLAP']
[Tripwire] Lap 2: ['THROTTLE_BRAKE_OVERLAP']
[Tripwire] Lap 13: ['THROTTLE_BRAKE_OVERLAP']
[Tripwire] Lap 13: ['THROTTLE_BRAKE_OVERLAP']
[Tripwire] Lap 4: ['PACE_DROP']
[Tripwire] Lap 4: ['PACE_DROP']
[Tripwire] Lap 4: ['PACE_DROP']
[Tripwire] Lap 4: ['PACE_DROP']
[Tripwire] Lap 4: ['TYRE_CRITICAL']
[Tripwire] Lap 4: ['TYRE_CRITICAL']
[Tripwire] Lap 4: ['TYRE_CRITICAL']
[Tripwire] Lap 4: ['TYRE_CRITICAL']
[Tripwire] Lap 4: ['TYRE_CRITICAL']
[Tripwire] Lap 4: ['TYRE_CRITICAL']
Client disconnected: 
[Tripwire] Lap 1: ['PACE_DROP']
[Tripwire] Lap 4: ['TYRE_CRITICAL']
[Tripwire] Lap 1: ['PACE_DROP']
[Tripwire] Lap 4: ['TYRE_CRITICAL']
[Tripwire] Lap 1: ['PACE_DROP']
[Tripwire] Lap 4: ['TYRE_CRITICAL']
[Tripwire] Lap 1: ['PACE_DROP']
[Tripwire] Lap 4: ['TYRE_CRITICAL']
[Tripwire] Lap 1: ['PACE_DROP']
[Tripwire] Lap 4: ['TYRE_CRITICAL']
[Tripwire] Lap 4: ['TYRE_CRITICAL']
[Tripwire] Lap 4: ['TYRE_CRITICAL']
[Tripwire] Lap 4: ['TYRE_CRITICAL']
[Tripwire] Lap 4: ['TYRE_CRITICAL']
[Tripwire] Lap 1: ['THROTTLE_BRAKE_OVERLAP']
[Tripwire] Lap 2: ['TYRE_CRITICAL']
[Tripwire] Lap 4: ['TYRE_CRITICAL']
[Tripwire] Lap 1: ['THROTTLE_BRAKE_OVERLAP']
[Tripwire] Lap 2: ['TYRE_CRITICAL']
[Tripwire] Lap 4: ['TYRE_CRITICAL']
[Tripwire] Lap 2: ['TYRE_CRITICAL']
[Tripwire] Lap 4: ['TYRE_CRITICAL']
[Tripwire] Lap 2: ['TYRE_CRITICAL']
[Tripwire] Lap 4: ['TYRE_CRITICAL']
[Tripwire] Lap 2: ['TYRE_CRITICAL']
[Tripwire] Lap 4: ['TYRE_CRITICAL']
[Tripwire] Lap 1: ['THROTTLE_BRAKE_OVERLAP']
[Tripwire] Lap 2: ['TYRE_CRITICAL']
[Tripwire] Lap 4: ['TYRE_CRITICAL']
[Tripwire] Lap 1: ['THROTTLE_BRAKE_OVERLAP']
[Tripwire] Lap 2: ['TYRE_CRITICAL']
[Tripwire] Lap 4: ['TYRE_CRITICAL']
[Tripwire] Lap 2: ['TYRE_CRITICAL']
[Tripwire] Lap 1: ['THROTTLE_BRAKE_OVERLAP']
[Tripwire] Lap 2: ['TYRE_CRITICAL']
[Tripwire] Lap 1: ['THROTTLE_BRAKE_OVERLAP']
[Tripwire] Lap 2: ['TYRE_CRITICAL']
[Tripwire] Lap 5: ['THROTTLE_BRAKE_OVERLAP']
[Tripwire] Lap 2: ['TYRE_CRITICAL']
[Tripwire] Lap 1: ['THROTTLE_BRAKE_OVERLAP']
[Tripwire] Lap 2: ['TYRE_CRITICAL']
[Tripwire] Lap 5: ['THROTTLE_BRAKE_OVERLAP']
[Tripwire] Lap 2: ['TYRE_CRITICAL']
[Tripwire] Lap 5: ['THROTTLE_BRAKE_OVERLAP']
[Tripwire] Lap 2: ['TYRE_CRITICAL']
[Tripwire] Lap 5: ['THROTTLE_BRAKE_OVERLAP']
[Tripwire] Lap 2: ['TYRE_CRITICAL']
[Tripwire] Lap 1: ['THROTTLE_BRAKE_OVERLAP']
[Tripwire] Lap 2: ['TYRE_CRITICAL']
[Tripwire] Lap 5: ['THROTTLE_BRAKE_OVERLAP']
[Tripwire] Lap 2: ['TYRE_CRITICAL']
[Tripwire] Lap 5: ['THROTTLE_BRAKE_OVERLAP']
[Tripwire] Lap 2: ['TYRE_CRITICAL']
[Tripwire] Lap 5: ['THROTTLE_BRAKE_OVERLAP']
[Tripwire] Lap 1: ['THROTTLE_BRAKE_OVERLAP']
[Tripwire] Lap 2: ['TYRE_CRITICAL']
[Tripwire] Lap 5: ['THROTTLE_BRAKE_OVERLAP']
[Tripwire] Lap 2: ['TYRE_CRITICAL']
[Tripwire] Lap 2: ['TYRE_CRITICAL']
[Tripwire] Lap 3: ['THROTTLE_BRAKE_OVERLAP']
[Tripwire] Lap 3: ['THROTTLE_BRAKE_OVERLAP']
[Tripwire] Lap 3: ['THROTTLE_BRAKE_OVERLAP']
[Tripwire] Lap 5: ['THROTTLE_BRAKE_OVERLAP']
[Tripwire] Lap 5: ['THROTTLE_BRAKE_OVERLAP']
[Tripwire] Lap 3: ['THROTTLE_BRAKE_OVERLAP']
[Tripwire] Lap 5: ['THROTTLE_BRAKE_OVERLAP']
[Tripwire] Lap 3: ['THROTTLE_BRAKE_OVERLAP']
[Tripwire] Lap 3: ['THROTTLE_BRAKE_OVERLAP']
[Tripwire] Lap 3: ['THROTTLE_BRAKE_OVERLAP']
[Tripwire] Lap 3: ['THROTTLE_BRAKE_OVERLAP']
[Tripwire] Lap 3: ['THROTTLE_BRAKE_OVERLAP']
[Tripwire] Lap 3: ['THROTTLE_BRAKE_OVERLAP']
[Tripwire] Lap 3: ['THROTTLE_BRAKE_OVERLAP']
[Tripwire] Lap 3: ['THROTTLE_BRAKE_OVERLAP']
[Tripwire] Lap 3: ['THROTTLE_BRAKE_OVERLAP']
[Tripwire] Lap 1: ['TYRE_CRITICAL']
[Tripwire] Lap 1: ['TYRE_CRITICAL']
[Tripwire] Lap 1: ['TYRE_CRITICAL']
[Tripwire] Lap 1: ['TYRE_CRITICAL']
[Tripwire] Lap 1: ['TYRE_CRITICAL']
[Tripwire] Lap 1: ['TYRE_CRITICAL']
[Tripwire] Lap 1: ['TYRE_CRITICAL']
[Tripwire] Lap 1: ['TYRE_CRITICAL']
[Tripwire] Lap 1: ['TYRE_CRITICAL']
[Tripwire] Lap 1: ['TYRE_CRITICAL']
[Tripwire] Lap 1: ['TYRE_CRITICAL']
[Tripwire] Lap 1: ['TYRE_CRITICAL']
[Tripwire] Lap 1: ['TYRE_CRITICAL']
[Tripwire] Lap 1: ['TYRE_CRITICAL']
[Tripwire] Lap 1: ['TYRE_CRITICAL']
[Tripwire] Lap 1: ['TYRE_CRITICAL']
[Tripwire] Lap 1: ['TYRE_CRITICAL']
[Tripwire] Lap 1: ['TYRE_CRITICAL']
[Tripwire] Lap 5: ['TYRE_CRITICAL']
[Tripwire] Lap 1: ['TYRE_CRITICAL']
[Tripwire] Lap 5: ['TYRE_CRITICAL']
[Tripwire] Lap 1: ['TYRE_CRITICAL']
[Tripwire] Lap 5: ['TYRE_CRITICAL']
[Tripwire] Lap 1: ['TYRE_CRITICAL']
[Tripwire] Lap 5: ['TYRE_CRITICAL']
[Tripwire] Lap 1: ['PACE_DROP', 'TYRE_CRITICAL']
[Tripwire] Lap 5: ['TYRE_CRITICAL']
[Tripwire] Lap 2: ['PACE_DROP', 'THROTTLE_BRAKE_OVERLAP']
[Tripwire] Lap 5: ['TYRE_CRITICAL']
[Tripwire] Lap 2: ['PACE_DROP']
[Tripwire] Lap 5: ['TYRE_CRITICAL']
[Tripwire] Lap 2: ['PACE_DROP', 'THROTTLE_BRAKE_OVERLAP']
[Tripwire] Lap 5: ['TYRE_CRITICAL']
[Tripwire] Lap 2: ['PACE_DROP']
[Tripwire] Lap 5: ['TYRE_CRITICAL']
[Tripwire] Lap 5: ['TYRE_CRITICAL']
[Tripwire] Lap 5: ['TYRE_CRITICAL']
[Tripwire] Lap 5: ['TYRE_CRITICAL']
[Tripwire] Lap 5: ['TYRE_CRITICAL']
[Tripwire] Lap 3: ['TYRE_CRITICAL']
[Tripwire] Lap 5: ['TYRE_CRITICAL']
[Tripwire] Lap 3: ['TYRE_CRITICAL']
[Tripwire] Lap 5: ['TYRE_CRITICAL']
[Tripwire] Lap 3: ['TYRE_CRITICAL']
[Tripwire] Lap 5: ['TYRE_CRITICAL']
[Tripwire] Lap 3: ['TYRE_CRITICAL']
[Tripwire] Lap 5: ['TYRE_CRITICAL']
[Tripwire] Lap 2: ['THROTTLE_BRAKE_OVERLAP']
[Tripwire] Lap 3: ['TYRE_CRITICAL']
[Tripwire] Lap 5: ['TYRE_CRITICAL']
[Tripwire] Lap 2: ['THROTTLE_BRAKE_OVERLAP']
[Tripwire] Lap 3: ['TYRE_CRITICAL']
[Tripwire] Lap 5: ['TYRE_CRITICAL']
[Tripwire] Lap 3: ['TYRE_CRITICAL']
[Tripwire] Lap 5: ['TYRE_CRITICAL']
[Tripwire] Lap 3: ['TYRE_CRITICAL']
[Tripwire] Lap 5: ['THROTTLE_BRAKE_OVERLAP', 'TYRE_CRITICAL']
[Tripwire] Lap 3: ['TYRE_CRITICAL']
[Tripwire] Lap 2: ['THROTTLE_BRAKE_OVERLAP']
[Tripwire] Lap 3: ['TYRE_CRITICAL']
[Tripwire] Lap 3: ['TYRE_CRITICAL']
[Tripwire] Lap 2: ['THROTTLE_BRAKE_OVERLAP']
[Tripwire] Lap 3: ['TYRE_CRITICAL']
[Tripwire] Lap 6: ['THROTTLE_BRAKE_OVERLAP']
[Tripwire] Lap 3: ['TYRE_CRITICAL']
[Tripwire] Lap 3: ['TYRE_CRITICAL']
[Tripwire] Lap 3: ['TYRE_CRITICAL']
[Tripwire] Lap 6: ['THROTTLE_BRAKE_OVERLAP']
[Tripwire] Lap 3: ['TYRE_CRITICAL']
[Tripwire] Lap 2: ['THROTTLE_BRAKE_OVERLAP']
[Tripwire] Lap 3: ['TYRE_CRITICAL']
[Tripwire] Lap 3: ['TYRE_CRITICAL']
[Tripwire] Lap 2: ['THROTTLE_BRAKE_OVERLAP']
[Tripwire] Lap 3: ['TYRE_CRITICAL']
[Tripwire] Lap 6: ['THROTTLE_BRAKE_OVERLAP']
[Tripwire] Lap 2: ['THROTTLE_BRAKE_OVERLAP']
[Tripwire] Lap 3: ['TYRE_CRITICAL']
[Tripwire] Lap 2: ['THROTTLE_BRAKE_OVERLAP']
[Tripwire] Lap 3: ['TYRE_CRITICAL']
[Tripwire] Lap 3: ['TYRE_CRITICAL']
[Tripwire] Lap 4: ['THROTTLE_BRAKE_OVERLAP']
[Tripwire] Lap 6: ['THROTTLE_BRAKE_OVERLAP']
[Tripwire] Lap 4: ['THROTTLE_BRAKE_OVERLAP']
[Tripwire] Lap 6: ['THROTTLE_BRAKE_OVERLAP']
[Tripwire] Lap 4: ['THROTTLE_BRAKE_OVERLAP']
[Tripwire] Lap 4: ['THROTTLE_BRAKE_OVERLAP']
[Tripwire] Lap 6: ['THROTTLE_BRAKE_OVERLAP']
[Tripwire] Lap 6: ['THROTTLE_BRAKE_OVERLAP']
[Tripwire] Lap 6: ['THROTTLE_BRAKE_OVERLAP']
[Tripwire] Lap 4: ['THROTTLE_BRAKE_OVERLAP']
[Tripwire] Lap 4: ['THROTTLE_BRAKE_OVERLAP']
[Tripwire] Lap 4: ['THROTTLE_BRAKE_OVERLAP']
[Tripwire] Lap 4: ['THROTTLE_BRAKE_OVERLAP']
[Tripwire] Lap 4: ['THROTTLE_BRAKE_OVERLAP']
[Tripwire] Lap 4: ['THROTTLE_BRAKE_OVERLAP']
[Tripwire] Lap 4: ['THROTTLE_BRAKE_OVERLAP']
[Tripwire] Lap 2: ['TYRE_CRITICAL']
[Tripwire] Lap 2: ['TYRE_CRITICAL']
[Tripwire] Lap 2: ['TYRE_CRITICAL']
[Tripwire] Lap 2: ['TYRE_CRITICAL']
[Tripwire] Lap 2: ['TYRE_CRITICAL']
[Tripwire] Lap 2: ['TYRE_CRITICAL']
[Tripwire] Lap 2: ['TYRE_CRITICAL']
[Tripwire] Lap 2: ['TYRE_CRITICAL']
[Tripwire] Lap 2: ['TYRE_CRITICAL']
[Tripwire] Lap 2: ['TYRE_CRITICAL']
[Tripwire] Lap 2: ['TYRE_CRITICAL']
[Tripwire] Lap 2: ['TYRE_CRITICAL']
[Tripwire] Lap 2: ['TYRE_CRITICAL']
[Tripwire] Lap 2: ['TYRE_CRITICAL']
[Tripwire] Lap 2: ['TYRE_CRITICAL']
[Tripwire] Lap 2: ['TYRE_CRITICAL']
[Tripwire] Lap 6: ['TYRE_CRITICAL']
[Tripwire] Lap 2: ['TYRE_CRITICAL']
[Tripwire] Lap 6: ['TYRE_CRITICAL']
[Tripwire] Lap 2: ['TYRE_CRITICAL']
[Tripwire] Lap 6: ['TYRE_CRITICAL']
[Tripwire] Lap 2: ['TYRE_CRITICAL']
[Tripwire] Lap 6: ['TYRE_CRITICAL']
[Tripwire] Lap 2: ['TYRE_CRITICAL']
[Tripwire] Lap 6: ['TYRE_CRITICAL']
[Tripwire] Lap 2: ['PACE_DROP', 'THROTTLE_BRAKE_OVERLAP', 'TYRE_CRITICAL']
[Tripwire] Lap 6: ['TYRE_CRITICAL']
[Tripwire] Lap 3: ['PACE_DROP', 'THROTTLE_BRAKE_OVERLAP']
[Tripwire] Lap 6: ['TYRE_CRITICAL']
[Tripwire] Lap 3: ['PACE_DROP']
[Tripwire] Lap 6: ['TYRE_CRITICAL']
[Tripwire] Lap 3: ['PACE_DROP']
[Tripwire] Lap 6: ['TYRE_CRITICAL']
[Tripwire] Lap 3: ['PACE_DROP']
[Tripwire] Lap 6: ['TYRE_CRITICAL']
[Tripwire] Lap 6: ['TYRE_CRITICAL']
[Tripwire] Lap 6: ['TYRE_CRITICAL']
[Tripwire] Lap 3: ['THROTTLE_BRAKE_OVERLAP']
[Tripwire] Lap 6: ['TYRE_CRITICAL']
[Tripwire] Lap 6: ['TYRE_CRITICAL']
[Tripwire] Lap 4: ['TYRE_CRITICAL']
[Tripwire] Lap 6: ['TYRE_CRITICAL']
[Tripwire] Lap 4: ['TYRE_CRITICAL']
[Tripwire] Lap 6: ['TYRE_CRITICAL']
[Tripwire] Lap 3: ['THROTTLE_BRAKE_OVERLAP']
[Tripwire] Lap 4: ['TYRE_CRITICAL']
INFO:     connection closed
INFO:     127.0.0.1:51413 - "WebSocket /ws/race_multi" [accepted]
INFO:     connection open
ERROR:    Exception in ASGI application
Traceback (most recent call last):
  File "/Users/midas/miniconda3/lib/python3.11/site-packages/uvicorn/protocols/websockets/websockets_impl.py", line 244, in run_asgi
    result = await self.app(self.scope, self.asgi_receive, self.asgi_send)  # type: ignore[func-returns-value]
             ^^^^^^^^^^^^^^^^^^^^^^^^^^^^^^^^^^^^^^^^^^^^^^^^^^^^^^^^^^^^^
  File "/Users/midas/miniconda3/lib/python3.11/site-packages/uvicorn/middleware/proxy_headers.py", line 60, in __call__
    return await self.app(scope, receive, send)
           ^^^^^^^^^^^^^^^^^^^^^^^^^^^^^^^^^^^^
  File "/Users/midas/miniconda3/lib/python3.11/site-packages/fastapi/applications.py", line 1162, in __call__
    await super().__call__(scope, receive, send)
  File "/Users/midas/miniconda3/lib/python3.11/site-packages/starlette/applications.py", line 90, in __call__
    await self.middleware_stack(scope, receive, send)
  File "/Users/midas/miniconda3/lib/python3.11/site-packages/starlette/middleware/errors.py", line 151, in __call__
    await self.app(scope, receive, send)
  File "/Users/midas/miniconda3/lib/python3.11/site-packages/starlette/middleware/cors.py", line 80, in __call__
    await self.app(scope, receive, send)
  File "/Users/midas/miniconda3/lib/python3.11/site-packages/starlette/middleware/exceptions.py", line 63, in __call__
    await wrap_app_handling_exceptions(self.app, conn)(scope, receive, send)
  File "/Users/midas/miniconda3/lib/python3.11/site-packages/starlette/_exception_handler.py", line 53, in wrapped_app
    raise exc
  File "/Users/midas/miniconda3/lib/python3.11/site-packages/starlette/_exception_handler.py", line 42, in wrapped_app
    await app(scope, receive, sender)
  File "/Users/midas/miniconda3/lib/python3.11/site-packages/fastapi/middleware/asyncexitstack.py", line 18, in __call__
    await self.app(scope, receive, send)
  File "/Users/midas/miniconda3/lib/python3.11/site-packages/starlette/routing.py", line 660, in __call__
    await self.middleware_stack(scope, receive, send)
  File "/Users/midas/miniconda3/lib/python3.11/site-packages/starlette/routing.py", line 680, in app
    await route.handle(scope, receive, send)
  File "/Users/midas/miniconda3/lib/python3.11/site-packages/starlette/routing.py", line 350, in handle
    await self.app(scope, receive, send)
  File "/Users/midas/miniconda3/lib/python3.11/site-packages/fastapi/routing.py", line 169, in app
    await wrap_app_handling_exceptions(app, session)(scope, receive, send)
  File "/Users/midas/miniconda3/lib/python3.11/site-packages/starlette/_exception_handler.py", line 53, in wrapped_app
    raise exc
  File "/Users/midas/miniconda3/lib/python3.11/site-packages/starlette/_exception_handler.py", line 42, in wrapped_app
    await app(scope, receive, sender)
  File "/Users/midas/miniconda3/lib/python3.11/site-packages/fastapi/routing.py", line 166, in app
    await func(session)
  File "/Users/midas/miniconda3/lib/python3.11/site-packages/fastapi/routing.py", line 773, in app
    await dependant.call(**solved_result.values)
  File "/Users/midas/Documents/F1_Project/backend/main.py", line 172, in websocket_simulate_multi
    await websocket.close()
  File "/Users/midas/miniconda3/lib/python3.11/site-packages/starlette/websockets.py", line 181, in close
    await self.send({"type": "websocket.close", "code": code, "reason": reason or ""})
  File "/Users/midas/miniconda3/lib/python3.11/site-packages/starlette/websockets.py", line 98, in send
    raise RuntimeError('Cannot call "send" once a close message has been sent.')
RuntimeError: Cannot call "send" once a close message has been sent.
INFO:     connection closed
INFO:     127.0.0.1:51419 - "WebSocket /ws/race_multi" [accepted]
INFO:     connection open
ERROR:    Exception in ASGI application
Traceback (most recent call last):
  File "/Users/midas/miniconda3/lib/python3.11/site-packages/uvicorn/protocols/websockets/websockets_impl.py", line 244, in run_asgi
    result = await self.app(self.scope, self.asgi_receive, self.asgi_send)  # type: ignore[func-returns-value]
             ^^^^^^^^^^^^^^^^^^^^^^^^^^^^^^^^^^^^^^^^^^^^^^^^^^^^^^^^^^^^^
  File "/Users/midas/miniconda3/lib/python3.11/site-packages/uvicorn/middleware/proxy_headers.py", line 60, in __call__
    return await self.app(scope, receive, send)
           ^^^^^^^^^^^^^^^^^^^^^^^^^^^^^^^^^^^^
  File "/Users/midas/miniconda3/lib/python3.11/site-packages/fastapi/applications.py", line 1162, in __call__
    await super().__call__(scope, receive, send)
  File "/Users/midas/miniconda3/lib/python3.11/site-packages/starlette/applications.py", line 90, in __call__
    await self.middleware_stack(scope, receive, send)
  File "/Users/midas/miniconda3/lib/python3.11/site-packages/starlette/middleware/errors.py", line 151, in __call__
    await self.app(scope, receive, send)
  File "/Users/midas/miniconda3/lib/python3.11/site-packages/starlette/middleware/cors.py", line 80, in __call__
    await self.app(scope, receive, send)
  File "/Users/midas/miniconda3/lib/python3.11/site-packages/starlette/middleware/exceptions.py", line 63, in __call__
    await wrap_app_handling_exceptions(self.app, conn)(scope, receive, send)
  File "/Users/midas/miniconda3/lib/python3.11/site-packages/starlette/_exception_handler.py", line 53, in wrapped_app
    raise exc
  File "/Users/midas/miniconda3/lib/python3.11/site-packages/starlette/_exception_handler.py", line 42, in wrapped_app
    await app(scope, receive, sender)
  File "/Users/midas/miniconda3/lib/python3.11/site-packages/fastapi/middleware/asyncexitstack.py", line 18, in __call__
    await self.app(scope, receive, send)
  File "/Users/midas/miniconda3/lib/python3.11/site-packages/starlette/routing.py", line 660, in __call__
    await self.middleware_stack(scope, receive, send)
  File "/Users/midas/miniconda3/lib/python3.11/site-packages/starlette/routing.py", line 680, in app
    await route.handle(scope, receive, send)
  File "/Users/midas/miniconda3/lib/python3.11/site-packages/starlette/routing.py", line 350, in handle
    await self.app(scope, receive, send)
  File "/Users/midas/miniconda3/lib/python3.11/site-packages/fastapi/routing.py", line 169, in app
    await wrap_app_handling_exceptions(app, session)(scope, receive, send)
  File "/Users/midas/miniconda3/lib/python3.11/site-packages/starlette/_exception_handler.py", line 53, in wrapped_app
    raise exc
  File "/Users/midas/miniconda3/lib/python3.11/site-packages/starlette/_exception_handler.py", line 42, in wrapped_app
    await app(scope, receive, sender)
  File "/Users/midas/miniconda3/lib/python3.11/site-packages/fastapi/routing.py", line 166, in app
    await func(session)
  File "/Users/midas/miniconda3/lib/python3.11/site-packages/fastapi/routing.py", line 773, in app
    await dependant.call(**solved_result.values)
  File "/Users/midas/Documents/F1_Project/backend/main.py", line 172, in websocket_simulate_multi
    await websocket.close()
  File "/Users/midas/miniconda3/lib/python3.11/site-packages/starlette/websockets.py", line 181, in close
    await self.send({"type": "websocket.close", "code": code, "reason": reason or ""})
  File "/Users/midas/miniconda3/lib/python3.11/site-packages/starlette/websockets.py", line 98, in send
    raise RuntimeError('Cannot call "send" once a close message has been sent.')
RuntimeError: Cannot call "send" once a close message has been sent.
[Tripwire] Lap 6: ['TYRE_CRITICAL']
[Tripwire] Lap 4: ['TYRE_CRITICAL']
[Tripwire] Lap 6: ['TYRE_CRITICAL']
[Tripwire] Lap 4: ['TYRE_CRITICAL']
[Tripwire] Lap 6: ['TYRE_CRITICAL']
[Tripwire] Lap 4: ['TYRE_CRITICAL']
[Tripwire] Lap 6: ['TYRE_CRITICAL']
[Tripwire] Lap 3: ['THROTTLE_BRAKE_OVERLAP']
[Tripwire] Lap 4: ['TYRE_CRITICAL']
[Tripwire] Lap 6: ['TYRE_CRITICAL']
[Tripwire] Lap 3: ['THROTTLE_BRAKE_OVERLAP']
[Tripwire] Lap 4: ['TYRE_CRITICAL']
[Tripwire] Lap 6: ['TYRE_CRITICAL']
[Tripwire] Lap 4: ['TYRE_CRITICAL']
[Tripwire] Lap 7: ['THROTTLE_BRAKE_OVERLAP']
[Tripwire] Lap 3: ['THROTTLE_BRAKE_OVERLAP']
[Tripwire] Lap 4: ['TYRE_CRITICAL']
[Tripwire] Lap 3: ['THROTTLE_BRAKE_OVERLAP']
[Tripwire] Lap 4: ['TYRE_CRITICAL']
[Tripwire] Lap 4: ['TYRE_CRITICAL']
[Tripwire] Lap 4: ['TYRE_CRITICAL']
[Tripwire] Lap 3: ['THROTTLE_BRAKE_OVERLAP']
[Tripwire] Lap 4: ['TYRE_CRITICAL']
[Tripwire] Lap 3: ['THROTTLE_BRAKE_OVERLAP']
[Tripwire] Lap 4: ['TYRE_CRITICAL']
[Tripwire] Lap 4: ['TYRE_CRITICAL']
[Tripwire] Lap 4: ['TYRE_CRITICAL']
[Tripwire] Lap 7: ['THROTTLE_BRAKE_OVERLAP']
[Tripwire] Lap 3: ['THROTTLE_BRAKE_OVERLAP']
[Tripwire] Lap 4: ['TYRE_CRITICAL']
[Tripwire] Lap 4: ['TYRE_CRITICAL']
[Tripwire] Lap 7: ['THROTTLE_BRAKE_OVERLAP']
[Tripwire] Lap 3: ['THROTTLE_BRAKE_OVERLAP']
[Tripwire] Lap 4: ['TYRE_CRITICAL']
[Tripwire] Lap 4: ['TYRE_CRITICAL']
[Tripwire] Lap 4: ['THROTTLE_BRAKE_OVERLAP', 'TYRE_CRITICAL']
[Tripwire] Lap 7: ['THROTTLE_BRAKE_OVERLAP']
[Tripwire] Lap 7: ['THROTTLE_BRAKE_OVERLAP']
[Tripwire] Lap 7: ['THROTTLE_BRAKE_OVERLAP']
[Tripwire] Lap 5: ['THROTTLE_BRAKE_OVERLAP']
[Tripwire] Lap 5: ['THROTTLE_BRAKE_OVERLAP']
[Tripwire] Lap 7: ['THROTTLE_BRAKE_OVERLAP']
[Tripwire] Lap 5: ['THROTTLE_BRAKE_OVERLAP']
[Tripwire] Lap 5: ['THROTTLE_BRAKE_OVERLAP']
[Tripwire] Lap 7: ['THROTTLE_BRAKE_OVERLAP']
[Tripwire] Lap 7: ['THROTTLE_BRAKE_OVERLAP']
[Tripwire] Lap 7: ['THROTTLE_BRAKE_OVERLAP']
[Tripwire] Lap 5: ['THROTTLE_BRAKE_OVERLAP']
[Tripwire] Lap 5: ['THROTTLE_BRAKE_OVERLAP']
[Tripwire] Lap 5: ['THROTTLE_BRAKE_OVERLAP']
[Tripwire] Lap 3: ['TYRE_CRITICAL']
[Tripwire] Lap 3: ['TYRE_CRITICAL']
[Tripwire] Lap 3: ['TYRE_CRITICAL']
[Tripwire] Lap 3: ['TYRE_CRITICAL']
[Tripwire] Lap 3: ['TYRE_CRITICAL']
[Tripwire] Lap 3: ['TYRE_CRITICAL']
[Tripwire] Lap 3: ['TYRE_CRITICAL']
Client disconnected: 
[Tripwire] Lap 3: ['TYRE_CRITICAL']
[Tripwire] Lap 1: ['PACE_DROP', 'THROTTLE_BRAKE_OVERLAP']
[Tripwire] Lap 3: ['TYRE_CRITICAL']
[Tripwire] Lap 1: ['PACE_DROP']
[Tripwire] Lap 3: ['TYRE_CRITICAL']
[Tripwire] Lap 1: ['PACE_DROP', 'THROTTLE_BRAKE_OVERLAP']
[Tripwire] Lap 3: ['TYRE_CRITICAL']
[Tripwire] Lap 1: ['PACE_DROP', 'THROTTLE_BRAKE_OVERLAP']
[Tripwire] Lap 3: ['TYRE_CRITICAL']
[Tripwire] Lap 3: ['TYRE_CRITICAL']
[Tripwire] Lap 1: ['THROTTLE_BRAKE_OVERLAP']
[Tripwire] Lap 3: ['TYRE_CRITICAL']
[Tripwire] Lap 1: ['THROTTLE_BRAKE_OVERLAP']
[Tripwire] Lap 3: ['TYRE_CRITICAL']
[Tripwire] Lap 3: ['TYRE_CRITICAL']
[Tripwire] Lap 3: ['TYRE_CRITICAL']
[Tripwire] Lap 3: ['TYRE_CRITICAL']
[Tripwire] Lap 3: ['TYRE_CRITICAL']
[Tripwire] Lap 3: ['TYRE_CRITICAL']
[Tripwire] Lap 3: ['TYRE_CRITICAL']
[Tripwire] Lap 3: ['TYRE_CRITICAL']
[Tripwire] Lap 4: ['THROTTLE_BRAKE_OVERLAP']
[Tripwire] Lap 1: ['THROTTLE_BRAKE_OVERLAP']
[Tripwire] Lap 4: ['THROTTLE_BRAKE_OVERLAP']
[Tripwire] Lap 4: ['THROTTLE_BRAKE_OVERLAP']
[Tripwire] Lap 4: ['THROTTLE_BRAKE_OVERLAP']
[Tripwire] Lap 5: ['TYRE_CRITICAL']
[Tripwire] Lap 5: ['TYRE_CRITICAL']
[Tripwire] Lap 1: ['THROTTLE_BRAKE_OVERLAP']
[Tripwire] Lap 5: ['TYRE_CRITICAL']
[Tripwire] Lap 5: ['TYRE_CRITICAL']
[Tripwire] Lap 5: ['TYRE_CRITICAL']
[Tripwire] Lap 5: ['TYRE_CRITICAL']
[Tripwire] Lap 4: ['THROTTLE_BRAKE_OVERLAP']
[Tripwire] Lap 5: ['TYRE_CRITICAL']
[Tripwire] Lap 4: ['THROTTLE_BRAKE_OVERLAP']
[Tripwire] Lap 5: ['TYRE_CRITICAL']
[Tripwire] Lap 4: ['THROTTLE_BRAKE_OVERLAP']
[Tripwire] Lap 5: ['TYRE_CRITICAL']
[Tripwire] Lap 4: ['THROTTLE_BRAKE_OVERLAP']
[Tripwire] Lap 5: ['TYRE_CRITICAL']
[Tripwire] Lap 5: ['TYRE_CRITICAL']
[Tripwire] Lap 5: ['TYRE_CRITICAL']
[Tripwire] Lap 5: ['TYRE_CRITICAL']
[Tripwire] Lap 4: ['THROTTLE_BRAKE_OVERLAP']
[Tripwire] Lap 5: ['TYRE_CRITICAL']
[Tripwire] Lap 5: ['TYRE_CRITICAL']
[Tripwire] Lap 5: ['TYRE_CRITICAL']
[Tripwire] Lap 5: ['TYRE_CRITICAL']
[Tripwire] Lap 4: ['THROTTLE_BRAKE_OVERLAP']
[Tripwire] Lap 5: ['TYRE_CRITICAL']
[Tripwire] Lap 5: ['TYRE_CRITICAL']
[Tripwire] Lap 5: ['TYRE_CRITICAL']
[Tripwire] Lap 5: ['TYRE_CRITICAL']
[Tripwire] Lap 5: ['THROTTLE_BRAKE_OVERLAP', 'TYRE_CRITICAL']
[Tripwire] Lap 6: ['THROTTLE_BRAKE_OVERLAP']
[Tripwire] Lap 6: ['THROTTLE_BRAKE_OVERLAP']
[Tripwire] Lap 6: ['THROTTLE_BRAKE_OVERLAP']
[Tripwire] Lap 6: ['THROTTLE_BRAKE_OVERLAP']
[Tripwire] Lap 6: ['THROTTLE_BRAKE_OVERLAP']
[Tripwire] Lap 6: ['THROTTLE_BRAKE_OVERLAP']
Client disconnected: 
[Tripwire] Lap 1: ['THROTTLE_BRAKE_OVERLAP']
[Tripwire] Lap 1: ['THROTTLE_BRAKE_OVERLAP']
[Tripwire] Lap 6: ['THROTTLE_BRAKE_OVERLAP']
[Tripwire] Lap 1: ['THROTTLE_BRAKE_OVERLAP']
[Tripwire] Lap 6: ['THROTTLE_BRAKE_OVERLAP']
[Tripwire] Lap 1: ['THROTTLE_BRAKE_OVERLAP']
[Tripwire] Lap 1: ['THROTTLE_BRAKE_OVERLAP']
[Tripwire] Lap 1: ['THROTTLE_BRAKE_OVERLAP']
[Tripwire] Lap 6: ['THROTTLE_BRAKE_OVERLAP']
[Tripwire] Lap 6: ['THROTTLE_BRAKE_OVERLAP']
[Tripwire] Lap 1: ['THROTTLE_BRAKE_OVERLAP']
[Tripwire] Lap 1: ['THROTTLE_BRAKE_OVERLAP']
[Tripwire] Lap 1: ['THROTTLE_BRAKE_OVERLAP']
[Tripwire] Lap 1: ['TYRE_CRITICAL']
[Tripwire] Lap 1: ['TYRE_CRITICAL']
[Tripwire] Lap 1: ['TYRE_CRITICAL']
[Tripwire] Lap 1: ['TYRE_CRITICAL']
[Tripwire] Lap 1: ['THROTTLE_BRAKE_OVERLAP']
[Tripwire] Lap 1: ['TYRE_CRITICAL']
[Tripwire] Lap 1: ['THROTTLE_BRAKE_OVERLAP']
[Tripwire] Lap 1: ['TYRE_CRITICAL']
[Tripwire] Lap 1: ['TYRE_CRITICAL']
[Tripwire] Lap 1: ['TYRE_CRITICAL']
[Tripwire] Lap 1: ['TYRE_CRITICAL']
[Tripwire] Lap 1: ['THROTTLE_BRAKE_OVERLAP']
[Tripwire] Lap 1: ['TYRE_CRITICAL']
[Tripwire] Lap 1: ['TYRE_CRITICAL']
[Tripwire] Lap 1: ['TYRE_CRITICAL']
[Tripwire] Lap 1: ['TYRE_CRITICAL']
[Tripwire] Lap 1: ['TYRE_CRITICAL']
[Tripwire] Lap 1: ['TYRE_CRITICAL']
[Tripwire] Lap 1: ['TYRE_CRITICAL']
[Tripwire] Lap 1: ['TYRE_CRITICAL']
[Tripwire] Lap 1: ['TYRE_CRITICAL']
[Tripwire] Lap 1: ['TYRE_CRITICAL']
[Tripwire] Lap 1: ['TYRE_CRITICAL']
[Tripwire] Lap 1: ['TYRE_CRITICAL']
[Tripwire] Lap 1: ['PACE_DROP', 'TYRE_CRITICAL']
[Tripwire] Lap 2: ['PACE_DROP', 'THROTTLE_BRAKE_OVERLAP']
[Tripwire] Lap 2: ['PACE_DROP']
[Tripwire] Lap 2: ['PACE_DROP', 'THROTTLE_BRAKE_OVERLAP']
[Tripwire] Lap 2: ['PACE_DROP']
[Tripwire] Lap 2: ['THROTTLE_BRAKE_OVERLAP']
[Tripwire] Lap 2: ['THROTTLE_BRAKE_OVERLAP']
[Tripwire] Lap 2: ['THROTTLE_BRAKE_OVERLAP']
[Tripwire] Lap 2: ['THROTTLE_BRAKE_OVERLAP']
[Tripwire] Lap 2: ['THROTTLE_BRAKE_OVERLAP']
[Tripwire] Lap 2: ['THROTTLE_BRAKE_OVERLAP']
[Tripwire] Lap 2: ['THROTTLE_BRAKE_OVERLAP']
[Tripwire] Lap 2: ['THROTTLE_BRAKE_OVERLAP']
[Tripwire] Lap 2: ['THROTTLE_BRAKE_OVERLAP']
[Tripwire] Lap 6: ['TYRE_CRITICAL']
[Tripwire] Lap 6: ['TYRE_CRITICAL']
[Tripwire] Lap 6: ['TYRE_CRITICAL']
[Tripwire] Lap 6: ['TYRE_CRITICAL']
[Tripwire] Lap 6: ['TYRE_CRITICAL']
[Tripwire] Lap 6: ['TYRE_CRITICAL']
[Tripwire] Lap 6: ['TYRE_CRITICAL']
[Tripwire] Lap 6: ['TYRE_CRITICAL']
[Tripwire] Lap 6: ['TYRE_CRITICAL']
[Tripwire] Lap 6: ['TYRE_CRITICAL']
[Tripwire] Lap 6: ['TYRE_CRITICAL']
[Tripwire] Lap 6: ['TYRE_CRITICAL']
[Tripwire] Lap 6: ['TYRE_CRITICAL']
[Tripwire] Lap 6: ['TYRE_CRITICAL']
[Tripwire] Lap 6: ['TYRE_CRITICAL']
[Tripwire] Lap 6: ['TYRE_CRITICAL']
[Tripwire] Lap 6: ['TYRE_CRITICAL']
[Tripwire] Lap 6: ['TYRE_CRITICAL']
[Tripwire] Lap 6: ['TYRE_CRITICAL']
[Tripwire] Lap 1: ['TYRE_CRITICAL']
[Tripwire] Lap 6: ['TYRE_CRITICAL']
[Tripwire] Lap 1: ['TYRE_CRITICAL']
[Tripwire] Lap 6: ['TYRE_CRITICAL']
[Tripwire] Lap 1: ['TYRE_CRITICAL']
[Tripwire] Lap 6: ['PACE_DROP', 'THROTTLE_BRAKE_OVERLAP', 'TYRE_CRITICAL']
[Tripwire] Lap 1: ['TYRE_CRITICAL']
[Tripwire] Lap 7: ['PACE_DROP']
[Tripwire] Lap 1: ['TYRE_CRITICAL']
[Tripwire] Lap 7: ['PACE_DROP', 'THROTTLE_BRAKE_OVERLAP']
[Tripwire] Lap 1: ['TYRE_CRITICAL']
[Tripwire] Lap 7: ['PACE_DROP', 'THROTTLE_BRAKE_OVERLAP']
[Tripwire] Lap 1: ['TYRE_CRITICAL']
[Tripwire] Lap 1: ['TYRE_CRITICAL']
[Tripwire] Lap 7: ['THROTTLE_BRAKE_OVERLAP']
[Tripwire] Lap 1: ['TYRE_CRITICAL']
[Tripwire] Lap 1: ['TYRE_CRITICAL']
[Tripwire] Lap 1: ['TYRE_CRITICAL']
[Tripwire] Lap 1: ['TYRE_CRITICAL']
[Tripwire] Lap 1: ['TYRE_CRITICAL']
[Tripwire] Lap 1: ['TYRE_CRITICAL']
[Tripwire] Lap 1: ['TYRE_CRITICAL']
[Tripwire] Lap 1: ['TYRE_CRITICAL']
[Tripwire] Lap 7: ['THROTTLE_BRAKE_OVERLAP']
[Tripwire] Lap 1: ['TYRE_CRITICAL']
[Tripwire] Lap 1: ['TYRE_CRITICAL']
[Tripwire] Lap 1: ['TYRE_CRITICAL']
[Tripwire] Lap 7: ['THROTTLE_BRAKE_OVERLAP']
[Tripwire] Lap 1: ['TYRE_CRITICAL']
[Tripwire] Lap 1: ['TYRE_CRITICAL']
[Tripwire] Lap 2: ['THROTTLE_BRAKE_OVERLAP']
[Tripwire] Lap 2: ['THROTTLE_BRAKE_OVERLAP']
[Tripwire] Lap 2: ['THROTTLE_BRAKE_OVERLAP']
[Tripwire] Lap 7: ['THROTTLE_BRAKE_OVERLAP']
[Tripwire] Lap 2: ['THROTTLE_BRAKE_OVERLAP']
[Tripwire] Lap 2: ['THROTTLE_BRAKE_OVERLAP']
[Tripwire] Lap 7: ['THROTTLE_BRAKE_OVERLAP']
[Tripwire] Lap 7: ['THROTTLE_BRAKE_OVERLAP']
[Tripwire] Lap 2: ['THROTTLE_BRAKE_OVERLAP']
[Tripwire] Lap 2: ['THROTTLE_BRAKE_OVERLAP']
[Tripwire] Lap 2: ['TYRE_CRITICAL']
[Tripwire] Lap 2: ['TYRE_CRITICAL']
[Tripwire] Lap 2: ['THROTTLE_BRAKE_OVERLAP']
[Tripwire] Lap 2: ['TYRE_CRITICAL']
[Tripwire] Lap 2: ['TYRE_CRITICAL']
[Tripwire] Lap 2: ['TYRE_CRITICAL']
[Tripwire] Lap 2: ['TYRE_CRITICAL']
[Tripwire] Lap 2: ['TYRE_CRITICAL']
[Tripwire] Lap 2: ['TYRE_CRITICAL']
[Tripwire] Lap 2: ['TYRE_CRITICAL']
[Tripwire] Lap 2: ['THROTTLE_BRAKE_OVERLAP']
[Tripwire] Lap 2: ['TYRE_CRITICAL']
[Tripwire] Lap 2: ['THROTTLE_BRAKE_OVERLAP']
[Tripwire] Lap 2: ['TYRE_CRITICAL']
[Tripwire] Lap 2: ['THROTTLE_BRAKE_OVERLAP']
[Tripwire] Lap 2: ['TYRE_CRITICAL']
[Tripwire] Lap 2: ['TYRE_CRITICAL']
[Tripwire] Lap 2: ['TYRE_CRITICAL']
[Tripwire] Lap 2: ['TYRE_CRITICAL']
[Tripwire] Lap 2: ['TYRE_CRITICAL']
[Tripwire] Lap 2: ['TYRE_CRITICAL']
[Tripwire] Lap 2: ['TYRE_CRITICAL']
[Tripwire] Lap 2: ['TYRE_CRITICAL']
[Tripwire] Lap 2: ['TYRE_CRITICAL']
[Tripwire] Lap 2: ['PACE_DROP', 'TYRE_CRITICAL']
[Tripwire] Lap 3: ['PACE_DROP', 'THROTTLE_BRAKE_OVERLAP']
[Tripwire] Lap 3: ['PACE_DROP']
[Tripwire] Lap 3: ['PACE_DROP']
[Tripwire] Lap 3: ['PACE_DROP', 'THROTTLE_BRAKE_OVERLAP']
[Tripwire] Lap 3: ['THROTTLE_BRAKE_OVERLAP']
[Tripwire] Lap 3: ['THROTTLE_BRAKE_OVERLAP']
[Tripwire] Lap 3: ['THROTTLE_BRAKE_OVERLAP']
[Tripwire] Lap 3: ['THROTTLE_BRAKE_OVERLAP']
[Tripwire] Lap 3: ['THROTTLE_BRAKE_OVERLAP']
[Tripwire] Lap 3: ['THROTTLE_BRAKE_OVERLAP']
[Tripwire] Lap 7: ['TYRE_CRITICAL']
[Tripwire] Lap 7: ['TYRE_CRITICAL']
[Tripwire] Lap 3: ['THROTTLE_BRAKE_OVERLAP']
[Tripwire] Lap 7: ['TYRE_CRITICAL']
[Tripwire] Lap 3: ['THROTTLE_BRAKE_OVERLAP']
[Tripwire] Lap 7: ['TYRE_CRITICAL']
[Tripwire] Lap 3: ['THROTTLE_BRAKE_OVERLAP']
[Tripwire] Lap 7: ['TYRE_CRITICAL']
[Tripwire] Lap 7: ['TYRE_CRITICAL']
[Tripwire] Lap 7: ['TYRE_CRITICAL']
[Tripwire] Lap 7: ['TYRE_CRITICAL']
[Tripwire] Lap 7: ['TYRE_CRITICAL']
[Tripwire] Lap 7: ['TYRE_CRITICAL']
[Tripwire] Lap 7: ['TYRE_CRITICAL']
[Tripwire] Lap 7: ['TYRE_CRITICAL']
[Tripwire] Lap 7: ['TYRE_CRITICAL']
[Tripwire] Lap 7: ['TYRE_CRITICAL']
[Tripwire] Lap 7: ['TYRE_CRITICAL']
[Tripwire] Lap 7: ['TYRE_CRITICAL']
[Tripwire] Lap 7: ['TYRE_CRITICAL']
[Tripwire] Lap 2: ['TYRE_CRITICAL']
[Tripwire] Lap 7: ['TYRE_CRITICAL']
[Tripwire] Lap 2: ['TYRE_CRITICAL']
[Tripwire] Lap 7: ['TYRE_CRITICAL']
[Tripwire] Lap 2: ['TYRE_CRITICAL']
[Tripwire] Lap 7: ['TYRE_CRITICAL']
[Tripwire] Lap 2: ['TYRE_CRITICAL']
[Tripwire] Lap 7: ['PACE_DROP', 'TYRE_CRITICAL']
[Tripwire] Lap 2: ['TYRE_CRITICAL']
[Tripwire] Lap 8: ['PACE_DROP', 'THROTTLE_BRAKE_OVERLAP']
[Tripwire] Lap 2: ['TYRE_CRITICAL']
[Tripwire] Lap 8: ['PACE_DROP']
[Tripwire] Lap 2: ['TYRE_CRITICAL']
[Tripwire] Lap 8: ['PACE_DROP']
[Tripwire] Lap 2: ['TYRE_CRITICAL']
[Tripwire] Lap 2: ['TYRE_CRITICAL']
[Tripwire] Lap 2: ['TYRE_CRITICAL']
[Tripwire] Lap 2: ['TYRE_CRITICAL']
[Tripwire] Lap 2: ['TYRE_CRITICAL']
[Tripwire] Lap 2: ['TYRE_CRITICAL']
[Tripwire] Lap 2: ['TYRE_CRITICAL']
[Tripwire] Lap 2: ['TYRE_CRITICAL']
[Tripwire] Lap 2: ['TYRE_CRITICAL']
[Tripwire] Lap 2: ['TYRE_CRITICAL']
[Tripwire] Lap 2: ['TYRE_CRITICAL']
[Tripwire] Lap 2: ['TYRE_CRITICAL']
[Tripwire] Lap 8: ['THROTTLE_BRAKE_OVERLAP']
[Tripwire] Lap 2: ['TYRE_CRITICAL']
[Tripwire] Lap 2: ['TYRE_CRITICAL']
[Tripwire] Lap 8: ['THROTTLE_BRAKE_OVERLAP']
[Tripwire] Lap 2: ['TYRE_CRITICAL']
[Tripwire] Lap 8: ['THROTTLE_BRAKE_OVERLAP']
[Tripwire] Lap 3: ['THROTTLE_BRAKE_OVERLAP']
[Tripwire] Lap 8: ['THROTTLE_BRAKE_OVERLAP']
[Tripwire] Lap 3: ['THROTTLE_BRAKE_OVERLAP']
[Tripwire] Lap 3: ['THROTTLE_BRAKE_OVERLAP']
[Tripwire] Lap 8: ['THROTTLE_BRAKE_OVERLAP']
[Tripwire] Lap 3: ['THROTTLE_BRAKE_OVERLAP']
[Tripwire] Lap 3: ['THROTTLE_BRAKE_OVERLAP']
[Tripwire] Lap 3: ['TYRE_CRITICAL']
[Tripwire] Lap 3: ['TYRE_CRITICAL']
[Tripwire] Lap 3: ['THROTTLE_BRAKE_OVERLAP']
[Tripwire] Lap 3: ['TYRE_CRITICAL']
[Tripwire] Lap 3: ['TYRE_CRITICAL']
[Tripwire] Lap 3: ['TYRE_CRITICAL']
[Tripwire] Lap 3: ['TYRE_CRITICAL']
[Tripwire] Lap 3: ['TYRE_CRITICAL']
[Tripwire] Lap 3: ['TYRE_CRITICAL']
[Tripwire] Lap 3: ['TYRE_CRITICAL']
[Tripwire] Lap 3: ['TYRE_CRITICAL']
[Tripwire] Lap 3: ['TYRE_CRITICAL']
[Tripwire] Lap 3: ['TYRE_CRITICAL']
[Tripwire] Lap 3: ['THROTTLE_BRAKE_OVERLAP']
[Tripwire] Lap 3: ['TYRE_CRITICAL']
[Tripwire] Lap 3: ['TYRE_CRITICAL']
[Tripwire] Lap 3: ['TYRE_CRITICAL']
[Tripwire] Lap 3: ['TYRE_CRITICAL']
[Tripwire] Lap 3: ['TYRE_CRITICAL']
[Tripwire] Lap 3: ['TYRE_CRITICAL']
[Tripwire] Lap 3: ['TYRE_CRITICAL']
[Tripwire] Lap 3: ['TYRE_CRITICAL']
[Tripwire] Lap 3: ['PACE_DROP', 'TYRE_CRITICAL']
[Tripwire] Lap 4: ['PACE_DROP']
[Tripwire] Lap 4: ['PACE_DROP']
[Tripwire] Lap 4: ['PACE_DROP', 'THROTTLE_BRAKE_OVERLAP']
[Tripwire] Lap 4: ['PACE_DROP']
[Tripwire] Lap 4: ['THROTTLE_BRAKE_OVERLAP']
[Tripwire] Lap 4: ['THROTTLE_BRAKE_OVERLAP']
[Tripwire] Lap 4: ['THROTTLE_BRAKE_OVERLAP']
[Tripwire] Lap 4: ['THROTTLE_BRAKE_OVERLAP']
[Tripwire] Lap 4: ['THROTTLE_BRAKE_OVERLAP']
[Tripwire] Lap 4: ['THROTTLE_BRAKE_OVERLAP']
[Tripwire] Lap 8: ['TYRE_CRITICAL']
[Tripwire] Lap 8: ['TYRE_CRITICAL']
[Tripwire] Lap 8: ['TYRE_CRITICAL']
[Tripwire] Lap 4: ['THROTTLE_BRAKE_OVERLAP']
[Tripwire] Lap 8: ['TYRE_CRITICAL']
[Tripwire] Lap 4: ['THROTTLE_BRAKE_OVERLAP']
[Tripwire] Lap 8: ['TYRE_CRITICAL']
[Tripwire] Lap 8: ['TYRE_CRITICAL']
[Tripwire] Lap 8: ['TYRE_CRITICAL']
[Tripwire] Lap 8: ['TYRE_CRITICAL']
[Tripwire] Lap 8: ['TYRE_CRITICAL']
[Tripwire] Lap 8: ['TYRE_CRITICAL']
[Tripwire] Lap 8: ['TYRE_CRITICAL']
[Tripwire] Lap 8: ['TYRE_CRITICAL']
[Tripwire] Lap 8: ['TYRE_CRITICAL']
[Tripwire] Lap 8: ['TYRE_CRITICAL']
[Tripwire] Lap 8: ['TYRE_CRITICAL']
[Tripwire] Lap 8: ['TYRE_CRITICAL']
[Tripwire] Lap 8: ['TYRE_CRITICAL']
[Tripwire] Lap 8: ['TYRE_CRITICAL']
[Tripwire] Lap 3: ['TYRE_CRITICAL']
[Tripwire] Lap 8: ['TYRE_CRITICAL']
[Tripwire] Lap 3: ['TYRE_CRITICAL']
[Tripwire] Lap 8: ['TYRE_CRITICAL']
[Tripwire] Lap 3: ['TYRE_CRITICAL']
[Tripwire] Lap 8: ['PACE_DROP', 'THROTTLE_BRAKE_OVERLAP', 'TYRE_CRITICAL']
[Tripwire] Lap 3: ['TYRE_CRITICAL']
[Tripwire] Lap 9: ['PACE_DROP']
[Tripwire] Lap 3: ['TYRE_CRITICAL']
[Tripwire] Lap 9: ['PACE_DROP']
[Tripwire] Lap 3: ['TYRE_CRITICAL']
[Tripwire] Lap 9: ['PACE_DROP']
[Tripwire] Lap 3: ['TYRE_CRITICAL']
[Tripwire] Lap 9: ['THROTTLE_BRAKE_OVERLAP']
[Tripwire] Lap 3: ['TYRE_CRITICAL']
[Tripwire] Lap 3: ['TYRE_CRITICAL']
[Tripwire] Lap 3: ['TYRE_CRITICAL']
[Tripwire] Lap 9: ['THROTTLE_BRAKE_OVERLAP']
[Tripwire] Lap 3: ['TYRE_CRITICAL']
[Tripwire] Lap 3: ['TYRE_CRITICAL']
[Tripwire] Lap 9: ['THROTTLE_BRAKE_OVERLAP']
[Tripwire] Lap 3: ['TYRE_CRITICAL']
[Tripwire] Lap 3: ['TYRE_CRITICAL']
[Tripwire] Lap 3: ['TYRE_CRITICAL']
[Tripwire] Lap 3: ['TYRE_CRITICAL']
[Tripwire] Lap 3: ['TYRE_CRITICAL']
[Tripwire] Lap 9: ['THROTTLE_BRAKE_OVERLAP']
[Tripwire] Lap 3: ['TYRE_CRITICAL']
[Tripwire] Lap 3: ['TYRE_CRITICAL']
[Tripwire] Lap 3: ['TYRE_CRITICAL']
[Tripwire] Lap 3: ['TYRE_CRITICAL']
[Tripwire] Lap 4: ['THROTTLE_BRAKE_OVERLAP']
[Tripwire] Lap 4: ['THROTTLE_BRAKE_OVERLAP']
[Tripwire] Lap 9: ['THROTTLE_BRAKE_OVERLAP']
[Tripwire] Lap 4: ['THROTTLE_BRAKE_OVERLAP']
[Tripwire] Lap 4: ['TYRE_CRITICAL']
[Tripwire] Lap 4: ['TYRE_CRITICAL']
[Tripwire] Lap 4: ['THROTTLE_BRAKE_OVERLAP']
[Tripwire] Lap 4: ['TYRE_CRITICAL']
[Tripwire] Lap 4: ['TYRE_CRITICAL']
[Tripwire] Lap 4: ['THROTTLE_BRAKE_OVERLAP']
[Tripwire] Lap 4: ['TYRE_CRITICAL']
[Tripwire] Lap 4: ['TYRE_CRITICAL']
[Tripwire] Lap 4: ['TYRE_CRITICAL']
[Tripwire] Lap 4: ['TYRE_CRITICAL']
[Tripwire] Lap 4: ['TYRE_CRITICAL']
[Tripwire] Lap 4: ['TYRE_CRITICAL']
[Tripwire] Lap 4: ['THROTTLE_BRAKE_OVERLAP']
[Tripwire] Lap 4: ['TYRE_CRITICAL']
[Tripwire] Lap 4: ['TYRE_CRITICAL']
[Tripwire] Lap 4: ['THROTTLE_BRAKE_OVERLAP']
[Tripwire] Lap 4: ['TYRE_CRITICAL']
[Tripwire] Lap 4: ['TYRE_CRITICAL']
[Tripwire] Lap 4: ['TYRE_CRITICAL']
[Tripwire] Lap 4: ['TYRE_CRITICAL']
[Tripwire] Lap 4: ['TYRE_CRITICAL']
[Tripwire] Lap 4: ['TYRE_CRITICAL']
[Tripwire] Lap 4: ['TYRE_CRITICAL']
[Tripwire] Lap 4: ['TYRE_CRITICAL']
[Tripwire] Lap 4: ['PACE_DROP', 'TYRE_CRITICAL']
[Tripwire] Lap 5: ['PACE_DROP', 'THROTTLE_BRAKE_OVERLAP']
[Tripwire] Lap 5: ['PACE_DROP', 'THROTTLE_BRAKE_OVERLAP']
[Tripwire] Lap 5: ['PACE_DROP']
[Tripwire] Lap 5: ['PACE_DROP', 'THROTTLE_BRAKE_OVERLAP']
[Tripwire] Lap 5: ['THROTTLE_BRAKE_OVERLAP']
[Tripwire] Lap 5: ['THROTTLE_BRAKE_OVERLAP']
[Tripwire] Lap 5: ['THROTTLE_BRAKE_OVERLAP']
[Tripwire] Lap 5: ['THROTTLE_BRAKE_OVERLAP']
[Tripwire] Lap 5: ['THROTTLE_BRAKE_OVERLAP']
[Tripwire] Lap 5: ['THROTTLE_BRAKE_OVERLAP']
[Tripwire] Lap 5: ['THROTTLE_BRAKE_OVERLAP']
[Tripwire] Lap 5: ['THROTTLE_BRAKE_OVERLAP']
[Tripwire] Lap 9: ['TYRE_CRITICAL']
[Tripwire] Lap 5: ['THROTTLE_BRAKE_OVERLAP']
[Tripwire] Lap 9: ['TYRE_CRITICAL']
[Tripwire] Lap 9: ['TYRE_CRITICAL']
[Tripwire] Lap 9: ['TYRE_CRITICAL']
[Tripwire] Lap 9: ['TYRE_CRITICAL']
[Tripwire] Lap 9: ['TYRE_CRITICAL']
[Tripwire] Lap 9: ['TYRE_CRITICAL']
[Tripwire] Lap 9: ['TYRE_CRITICAL']
[Tripwire] Lap 9: ['TYRE_CRITICAL']
[Tripwire] Lap 9: ['TYRE_CRITICAL']
[Tripwire] Lap 9: ['TYRE_CRITICAL']
[Tripwire] Lap 9: ['TYRE_CRITICAL']
[Tripwire] Lap 9: ['TYRE_CRITICAL']
[Tripwire] Lap 9: ['TYRE_CRITICAL']
[Tripwire] Lap 9: ['TYRE_CRITICAL']
[Tripwire] Lap 9: ['TYRE_CRITICAL']
[Tripwire] Lap 9: ['TYRE_CRITICAL']
[Tripwire] Lap 9: ['TYRE_CRITICAL']
[Tripwire] Lap 4: ['TYRE_CRITICAL']
[Tripwire] Lap 9: ['TYRE_CRITICAL']
[Tripwire] Lap 4: ['TYRE_CRITICAL']
[Tripwire] Lap 9: ['TYRE_CRITICAL']
[Tripwire] Lap 4: ['TYRE_CRITICAL']
[Tripwire] Lap 9: ['PACE_DROP', 'TYRE_CRITICAL']
[Tripwire] Lap 4: ['TYRE_CRITICAL']
[Tripwire] Lap 10: ['PACE_DROP']
[Tripwire] Lap 4: ['TYRE_CRITICAL']
[Tripwire] Lap 10: ['PACE_DROP']
[Tripwire] Lap 4: ['TYRE_CRITICAL']
[Tripwire] Lap 10: ['PACE_DROP', 'THROTTLE_BRAKE_OVERLAP']
[Tripwire] Lap 4: ['TYRE_CRITICAL']
[Tripwire] Lap 10: ['PACE_DROP']
[Tripwire] Lap 4: ['TYRE_CRITICAL']
[Tripwire] Lap 4: ['TYRE_CRITICAL']
[Tripwire] Lap 10: ['THROTTLE_BRAKE_OVERLAP']
[Tripwire] Lap 4: ['TYRE_CRITICAL']
[Tripwire] Lap 10: ['THROTTLE_BRAKE_OVERLAP']
[Tripwire] Lap 4: ['TYRE_CRITICAL']
[Tripwire] Lap 4: ['TYRE_CRITICAL']
[Tripwire] Lap 10: ['THROTTLE_BRAKE_OVERLAP']
[Tripwire] Lap 4: ['TYRE_CRITICAL']
[Tripwire] Lap 4: ['TYRE_CRITICAL']
[Tripwire] Lap 4: ['TYRE_CRITICAL']
[Tripwire] Lap 4: ['TYRE_CRITICAL']
[Tripwire] Lap 4: ['TYRE_CRITICAL']
[Tripwire] Lap 4: ['TYRE_CRITICAL']
[Tripwire] Lap 10: ['THROTTLE_BRAKE_OVERLAP']
[Tripwire] Lap 4: ['TYRE_CRITICAL']
[Tripwire] Lap 4: ['TYRE_CRITICAL']
[Tripwire] Lap 4: ['TYRE_CRITICAL']
[Tripwire] Lap 10: ['THROTTLE_BRAKE_OVERLAP']
[Tripwire] Lap 5: ['THROTTLE_BRAKE_OVERLAP']
[Tripwire] Lap 5: ['THROTTLE_BRAKE_OVERLAP']
[Tripwire] Lap 10: ['THROTTLE_BRAKE_OVERLAP']
[Tripwire] Lap 10: ['THROTTLE_BRAKE_OVERLAP']
[Tripwire] Lap 10: ['THROTTLE_BRAKE_OVERLAP']
[Tripwire] Lap 5: ['THROTTLE_BRAKE_OVERLAP']
[Tripwire] Lap 5: ['THROTTLE_BRAKE_OVERLAP']
[Tripwire] Lap 5: ['TYRE_CRITICAL']
[Tripwire] Lap 5: ['TYRE_CRITICAL']
[Tripwire] Lap 5: ['TYRE_CRITICAL']
[Tripwire] Lap 5: ['THROTTLE_BRAKE_OVERLAP']
[Tripwire] Lap 5: ['TYRE_CRITICAL']
[Tripwire] Lap 5: ['TYRE_CRITICAL']
[Tripwire] Lap 5: ['TYRE_CRITICAL']
[Tripwire] Lap 5: ['TYRE_CRITICAL']
[Tripwire] Lap 5: ['THROTTLE_BRAKE_OVERLAP']
[Tripwire] Lap 5: ['TYRE_CRITICAL']
[Tripwire] Lap 5: ['THROTTLE_BRAKE_OVERLAP']
[Tripwire] Lap 5: ['TYRE_CRITICAL']
[Tripwire] Lap 5: ['TYRE_CRITICAL']
[Tripwire] Lap 5: ['TYRE_CRITICAL']
[Tripwire] Lap 5: ['THROTTLE_BRAKE_OVERLAP']
[Tripwire] Lap 5: ['TYRE_CRITICAL']
[Tripwire] Lap 5: ['THROTTLE_BRAKE_OVERLAP']
[Tripwire] Lap 5: ['TYRE_CRITICAL']
[Tripwire] Lap 5: ['TYRE_CRITICAL']
[Tripwire] Lap 5: ['TYRE_CRITICAL']
[Tripwire] Lap 5: ['TYRE_CRITICAL']
[Tripwire] Lap 5: ['TYRE_CRITICAL']
[Tripwire] Lap 5: ['TYRE_CRITICAL']
[Tripwire] Lap 5: ['TYRE_CRITICAL']
[Tripwire] Lap 5: ['TYRE_CRITICAL']
[Tripwire] Lap 5: ['PACE_DROP', 'THROTTLE_BRAKE_OVERLAP', 'TYRE_CRITICAL']
[Tripwire] Lap 6: ['PACE_DROP']
[Tripwire] Lap 6: ['PACE_DROP', 'THROTTLE_BRAKE_OVERLAP']
[Tripwire] Lap 6: ['PACE_DROP', 'THROTTLE_BRAKE_OVERLAP']
[Tripwire] Lap 6: ['THROTTLE_BRAKE_OVERLAP']
[Tripwire] Lap 6: ['THROTTLE_BRAKE_OVERLAP']
[Tripwire] Lap 6: ['THROTTLE_BRAKE_OVERLAP']
[Tripwire] Lap 6: ['THROTTLE_BRAKE_OVERLAP']
[Tripwire] Lap 6: ['THROTTLE_BRAKE_OVERLAP']
[Tripwire] Lap 6: ['THROTTLE_BRAKE_OVERLAP']
[Tripwire] Lap 6: ['THROTTLE_BRAKE_OVERLAP']
[Tripwire] Lap 6: ['THROTTLE_BRAKE_OVERLAP']
[Tripwire] Lap 10: ['TYRE_CRITICAL']
[Tripwire] Lap 6: ['THROTTLE_BRAKE_OVERLAP']
[Tripwire] Lap 10: ['TYRE_CRITICAL']
[Tripwire] Lap 6: ['THROTTLE_BRAKE_OVERLAP']
[Tripwire] Lap 10: ['TYRE_CRITICAL']
[Tripwire] Lap 10: ['TYRE_CRITICAL']
[Tripwire] Lap 10: ['TYRE_CRITICAL']
[Tripwire] Lap 10: ['TYRE_CRITICAL']
[Tripwire] Lap 10: ['TYRE_CRITICAL']
[Tripwire] Lap 10: ['TYRE_CRITICAL']
[Tripwire] Lap 10: ['TYRE_CRITICAL']
[Tripwire] Lap 10: ['TYRE_CRITICAL']
[Tripwire] Lap 10: ['TYRE_CRITICAL']
[Tripwire] Lap 10: ['TYRE_CRITICAL']
[Tripwire] Lap 10: ['TYRE_CRITICAL']
[Tripwire] Lap 10: ['TYRE_CRITICAL']
[Tripwire] Lap 10: ['TYRE_CRITICAL']
[Tripwire] Lap 10: ['TYRE_CRITICAL']
[Tripwire] Lap 10: ['TYRE_CRITICAL']
[Tripwire] Lap 5: ['TYRE_CRITICAL']
[Tripwire] Lap 10: ['TYRE_CRITICAL']
[Tripwire] Lap 5: ['TYRE_CRITICAL']
[Tripwire] Lap 10: ['TYRE_CRITICAL']
[Tripwire] Lap 5: ['TYRE_CRITICAL']
[Tripwire] Lap 10: ['TYRE_CRITICAL']
[Tripwire] Lap 5: ['TYRE_CRITICAL']
[Tripwire] Lap 10: ['PACE_DROP', 'TYRE_CRITICAL']
[Tripwire] Lap 5: ['TYRE_CRITICAL']
[Tripwire] Lap 11: ['PACE_DROP']
[Tripwire] Lap 5: ['TYRE_CRITICAL']
[Tripwire] Lap 11: ['PACE_DROP']
[Tripwire] Lap 5: ['TYRE_CRITICAL']
[Tripwire] Lap 11: ['PACE_DROP', 'THROTTLE_BRAKE_OVERLAP']
[Tripwire] Lap 5: ['TYRE_CRITICAL']
[Tripwire] Lap 11: ['THROTTLE_BRAKE_OVERLAP']
[Tripwire] Lap 5: ['TYRE_CRITICAL']
[Tripwire] Lap 5: ['TYRE_CRITICAL']
[Tripwire] Lap 5: ['TYRE_CRITICAL']
[Tripwire] Lap 11: ['THROTTLE_BRAKE_OVERLAP']
[Tripwire] Lap 5: ['TYRE_CRITICAL']
[Tripwire] Lap 11: ['THROTTLE_BRAKE_OVERLAP']
[Tripwire] Lap 5: ['TYRE_CRITICAL']
[Tripwire] Lap 5: ['TYRE_CRITICAL']
[Tripwire] Lap 5: ['TYRE_CRITICAL']
[Tripwire] Lap 5: ['TYRE_CRITICAL']
[Tripwire] Lap 11: ['THROTTLE_BRAKE_OVERLAP']
[Tripwire] Lap 5: ['TYRE_CRITICAL']
[Tripwire] Lap 11: ['THROTTLE_BRAKE_OVERLAP']
[Tripwire] Lap 5: ['TYRE_CRITICAL']
[Tripwire] Lap 5: ['TYRE_CRITICAL']
[Tripwire] Lap 5: ['TYRE_CRITICAL']
[Tripwire] Lap 5: ['TYRE_CRITICAL']
[Tripwire] Lap 5: ['TYRE_CRITICAL']
[Tripwire] Lap 6: ['THROTTLE_BRAKE_OVERLAP']
[Tripwire] Lap 11: ['THROTTLE_BRAKE_OVERLAP']
[Tripwire] Lap 11: ['THROTTLE_BRAKE_OVERLAP']
[Tripwire] Lap 11: ['THROTTLE_BRAKE_OVERLAP']
[Tripwire] Lap 6: ['THROTTLE_BRAKE_OVERLAP']
[Tripwire] Lap 11: ['THROTTLE_BRAKE_OVERLAP']
[Tripwire] Lap 11: ['THROTTLE_BRAKE_OVERLAP']
[Tripwire] Lap 11: ['THROTTLE_BRAKE_OVERLAP']
[Tripwire] Lap 6: ['THROTTLE_BRAKE_OVERLAP']
[Tripwire] Lap 6: ['TYRE_CRITICAL']
[Tripwire] Lap 6: ['TYRE_CRITICAL']
[Tripwire] Lap 6: ['TYRE_CRITICAL']
[Tripwire] Lap 6: ['THROTTLE_BRAKE_OVERLAP']
[Tripwire] Lap 6: ['TYRE_CRITICAL']
[Tripwire] Lap 6: ['THROTTLE_BRAKE_OVERLAP']
[Tripwire] Lap 6: ['TYRE_CRITICAL']
[Tripwire] Lap 6: ['TYRE_CRITICAL']
[Tripwire] Lap 6: ['TYRE_CRITICAL']
[Tripwire] Lap 6: ['THROTTLE_BRAKE_OVERLAP']
[Tripwire] Lap 6: ['TYRE_CRITICAL']
[Tripwire] Lap 6: ['THROTTLE_BRAKE_OVERLAP']
[Tripwire] Lap 6: ['TYRE_CRITICAL']
[Tripwire] Lap 6: ['TYRE_CRITICAL']
[Tripwire] Lap 6: ['TYRE_CRITICAL']
[Tripwire] Lap 6: ['TYRE_CRITICAL']
[Tripwire] Lap 6: ['TYRE_CRITICAL']
[Tripwire] Lap 6: ['TYRE_CRITICAL']
[Tripwire] Lap 6: ['TYRE_CRITICAL']
[Tripwire] Lap 6: ['TYRE_CRITICAL']
[Tripwire] Lap 6: ['TYRE_CRITICAL']
[Tripwire] Lap 6: ['TYRE_CRITICAL']
[Tripwire] Lap 6: ['TYRE_CRITICAL']
[Tripwire] Lap 6: ['TYRE_CRITICAL']
[Tripwire] Lap 6: ['PACE_DROP', 'TYRE_CRITICAL']
[Tripwire] Lap 7: ['PACE_DROP', 'THROTTLE_BRAKE_OVERLAP']
[Tripwire] Lap 7: ['PACE_DROP']
[Tripwire] Lap 7: ['PACE_DROP']
[Tripwire] Lap 7: ['THROTTLE_BRAKE_OVERLAP']
[Tripwire] Lap 7: ['THROTTLE_BRAKE_OVERLAP']
[Tripwire] Lap 7: ['THROTTLE_BRAKE_OVERLAP']
[Tripwire] Lap 7: ['THROTTLE_BRAKE_OVERLAP']
[Tripwire] Lap 7: ['THROTTLE_BRAKE_OVERLAP']
[Tripwire] Lap 7: ['THROTTLE_BRAKE_OVERLAP']
[Tripwire] Lap 7: ['THROTTLE_BRAKE_OVERLAP']
[Tripwire] Lap 7: ['THROTTLE_BRAKE_OVERLAP']
[Tripwire] Lap 11: ['TYRE_CRITICAL']
[Tripwire] Lap 11: ['TYRE_CRITICAL']
[Tripwire] Lap 11: ['TYRE_CRITICAL']
[Tripwire] Lap 11: ['TYRE_CRITICAL']
[Tripwire] Lap 7: ['THROTTLE_BRAKE_OVERLAP']
[Tripwire] Lap 11: ['TYRE_CRITICAL']
[Tripwire] Lap 11: ['TYRE_CRITICAL']
[Tripwire] Lap 11: ['TYRE_CRITICAL']
[Tripwire] Lap 11: ['TYRE_CRITICAL']
[Tripwire] Lap 11: ['TYRE_CRITICAL']
[Tripwire] Lap 11: ['TYRE_CRITICAL']
[Tripwire] Lap 11: ['TYRE_CRITICAL']
[Tripwire] Lap 11: ['TYRE_CRITICAL']
[Tripwire] Lap 11: ['TYRE_CRITICAL']
[Tripwire] Lap 11: ['TYRE_CRITICAL']
[Tripwire] Lap 11: ['TYRE_CRITICAL']
[Tripwire] Lap 11: ['TYRE_CRITICAL']
[Tripwire] Lap 11: ['TYRE_CRITICAL']
[Tripwire] Lap 6: ['TYRE_CRITICAL']
[Tripwire] Lap 11: ['TYRE_CRITICAL']
[Tripwire] Lap 6: ['TYRE_CRITICAL']
[Tripwire] Lap 11: ['TYRE_CRITICAL']
[Tripwire] Lap 6: ['TYRE_CRITICAL']
[Tripwire] Lap 11: ['TYRE_CRITICAL']
[Tripwire] Lap 6: ['TYRE_CRITICAL']
[Tripwire] Lap 11: ['PACE_DROP', 'TYRE_CRITICAL']
[Tripwire] Lap 6: ['TYRE_CRITICAL']
[Tripwire] Lap 12: ['PACE_DROP']
[Tripwire] Lap 6: ['TYRE_CRITICAL']
[Tripwire] Lap 12: ['PACE_DROP']
[Tripwire] Lap 6: ['TYRE_CRITICAL']
[Tripwire] Lap 12: ['PACE_DROP', 'THROTTLE_BRAKE_OVERLAP']
[Tripwire] Lap 6: ['TYRE_CRITICAL']
[Tripwire] Lap 6: ['TYRE_CRITICAL']
[Tripwire] Lap 6: ['TYRE_CRITICAL']
[Tripwire] Lap 6: ['TYRE_CRITICAL']
[Tripwire] Lap 12: ['THROTTLE_BRAKE_OVERLAP']
[Tripwire] Lap 6: ['TYRE_CRITICAL']
[Tripwire] Lap 6: ['TYRE_CRITICAL']
[Tripwire] Lap 6: ['TYRE_CRITICAL']
[Tripwire] Lap 6: ['TYRE_CRITICAL']
[Tripwire] Lap 6: ['TYRE_CRITICAL']
[Tripwire] Lap 6: ['TYRE_CRITICAL']
[Tripwire] Lap 6: ['TYRE_CRITICAL']
[Tripwire] Lap 6: ['TYRE_CRITICAL']
[Tripwire] Lap 6: ['TYRE_CRITICAL']
[Tripwire] Lap 6: ['TYRE_CRITICAL']
[Tripwire] Lap 6: ['TYRE_CRITICAL']
[Tripwire] Lap 7: ['THROTTLE_BRAKE_OVERLAP']
[Tripwire] Lap 7: ['THROTTLE_BRAKE_OVERLAP']
[Tripwire] Lap 12: ['THROTTLE_BRAKE_OVERLAP']
[Tripwire] Lap 12: ['THROTTLE_BRAKE_OVERLAP']
[Tripwire] Lap 7: ['THROTTLE_BRAKE_OVERLAP']
[Tripwire] Lap 12: ['THROTTLE_BRAKE_OVERLAP']
[Tripwire] Lap 7: ['THROTTLE_BRAKE_OVERLAP']
[Tripwire] Lap 7: ['THROTTLE_BRAKE_OVERLAP']
[Tripwire] Lap 7: ['THROTTLE_BRAKE_OVERLAP']
[Tripwire] Lap 7: ['TYRE_CRITICAL']
[Tripwire] Lap 7: ['THROTTLE_BRAKE_OVERLAP']
[Tripwire] Lap 7: ['TYRE_CRITICAL']
[Tripwire] Lap 7: ['TYRE_CRITICAL']
[Tripwire] Lap 7: ['TYRE_CRITICAL']
[Tripwire] Lap 7: ['TYRE_CRITICAL']
[Tripwire] Lap 7: ['THROTTLE_BRAKE_OVERLAP']
[Tripwire] Lap 7: ['TYRE_CRITICAL']
[Tripwire] Lap 7: ['TYRE_CRITICAL']
[Tripwire] Lap 7: ['THROTTLE_BRAKE_OVERLAP']
[Tripwire] Lap 7: ['TYRE_CRITICAL']
[Tripwire] Lap 7: ['TYRE_CRITICAL']
[Tripwire] Lap 7: ['TYRE_CRITICAL']
[Tripwire] Lap 7: ['THROTTLE_BRAKE_OVERLAP']
[Tripwire] Lap 7: ['TYRE_CRITICAL']
[Tripwire] Lap 7: ['TYRE_CRITICAL']
[Tripwire] Lap 7: ['TYRE_CRITICAL']
[Tripwire] Lap 7: ['TYRE_CRITICAL']
[Tripwire] Lap 7: ['TYRE_CRITICAL']
[Tripwire] Lap 7: ['TYRE_CRITICAL']
[Tripwire] Lap 7: ['TYRE_CRITICAL']
[Tripwire] Lap 7: ['TYRE_CRITICAL']
[Tripwire] Lap 7: ['TYRE_CRITICAL']
[Tripwire] Lap 7: ['TYRE_CRITICAL']
[Tripwire] Lap 7: ['PACE_DROP', 'TYRE_CRITICAL']
[Tripwire] Lap 8: ['PACE_DROP']
[Tripwire] Lap 8: ['PACE_DROP', 'THROTTLE_BRAKE_OVERLAP']
[Tripwire] Lap 8: ['PACE_DROP']
[Tripwire] Lap 8: ['PACE_DROP']
[Tripwire] Lap 8: ['THROTTLE_BRAKE_OVERLAP']
[Tripwire] Lap 8: ['THROTTLE_BRAKE_OVERLAP']
[Tripwire] Lap 8: ['THROTTLE_BRAKE_OVERLAP']
[Tripwire] Lap 8: ['THROTTLE_BRAKE_OVERLAP']
[Tripwire] Lap 12: ['TYRE_CRITICAL']
[Tripwire] Lap 8: ['THROTTLE_BRAKE_OVERLAP']
[Tripwire] Lap 12: ['TYRE_CRITICAL']
[Tripwire] Lap 8: ['THROTTLE_BRAKE_OVERLAP']
[Tripwire] Lap 12: ['TYRE_CRITICAL']
[Tripwire] Lap 8: ['THROTTLE_BRAKE_OVERLAP']
[Tripwire] Lap 12: ['TYRE_CRITICAL']
[Tripwire] Lap 12: ['TYRE_CRITICAL']
[Tripwire] Lap 12: ['TYRE_CRITICAL']
[Tripwire] Lap 12: ['TYRE_CRITICAL']
[Tripwire] Lap 12: ['TYRE_CRITICAL']
[Tripwire] Lap 12: ['TYRE_CRITICAL']
[Tripwire] Lap 12: ['TYRE_CRITICAL']
[Tripwire] Lap 12: ['TYRE_CRITICAL']
[Tripwire] Lap 12: ['TYRE_CRITICAL']
[Tripwire] Lap 12: ['TYRE_CRITICAL']
[Tripwire] Lap 12: ['TYRE_CRITICAL']
[Tripwire] Lap 12: ['TYRE_CRITICAL']
[Tripwire] Lap 12: ['TYRE_CRITICAL']
[Tripwire] Lap 12: ['TYRE_CRITICAL']
[Tripwire] Lap 7: ['TYRE_CRITICAL']
[Tripwire] Lap 12: ['TYRE_CRITICAL']
[Tripwire] Lap 7: ['TYRE_CRITICAL']
[Tripwire] Lap 12: ['TYRE_CRITICAL']
[Tripwire] Lap 7: ['TYRE_CRITICAL']
[Tripwire] Lap 12: ['TYRE_CRITICAL']
[Tripwire] Lap 7: ['TYRE_CRITICAL']
[Tripwire] Lap 12: ['PACE_DROP', 'TYRE_CRITICAL']
[Tripwire] Lap 7: ['TYRE_CRITICAL']
[Tripwire] Lap 13: ['PACE_DROP']
[Tripwire] Lap 7: ['TYRE_CRITICAL']
[Tripwire] Lap 13: ['PACE_DROP', 'THROTTLE_BRAKE_OVERLAP']
[Tripwire] Lap 7: ['TYRE_CRITICAL']
[Tripwire] Lap 13: ['PACE_DROP', 'THROTTLE_BRAKE_OVERLAP']
[Tripwire] Lap 7: ['TYRE_CRITICAL']
[Tripwire] Lap 7: ['TYRE_CRITICAL']
[Tripwire] Lap 13: ['THROTTLE_BRAKE_OVERLAP']
[Tripwire] Lap 7: ['TYRE_CRITICAL']
[Tripwire] Lap 7: ['TYRE_CRITICAL']
[Tripwire] Lap 13: ['THROTTLE_BRAKE_OVERLAP']
[Tripwire] Lap 7: ['TYRE_CRITICAL']
[Tripwire] Lap 13: ['THROTTLE_BRAKE_OVERLAP']
[Tripwire] Lap 7: ['TYRE_CRITICAL']
[Tripwire] Lap 13: ['THROTTLE_BRAKE_OVERLAP']
[Tripwire] Lap 7: ['TYRE_CRITICAL']
[Tripwire] Lap 7: ['TYRE_CRITICAL']
[Tripwire] Lap 13: ['THROTTLE_BRAKE_OVERLAP']
[Tripwire] Lap 7: ['TYRE_CRITICAL']
[Tripwire] Lap 13: ['THROTTLE_BRAKE_OVERLAP']
[Tripwire] Lap 7: ['TYRE_CRITICAL']
[Tripwire] Lap 7: ['TYRE_CRITICAL']
[Tripwire] Lap 7: ['TYRE_CRITICAL']
[Tripwire] Lap 7: ['TYRE_CRITICAL']
[Tripwire] Lap 7: ['TYRE_CRITICAL']
[Tripwire] Lap 13: ['THROTTLE_BRAKE_OVERLAP']
[Tripwire] Lap 7: ['TYRE_CRITICAL']
[Tripwire] Lap 13: ['THROTTLE_BRAKE_OVERLAP']
[Tripwire] Lap 8: ['THROTTLE_BRAKE_OVERLAP']
[Tripwire] Lap 13: ['THROTTLE_BRAKE_OVERLAP']
[Tripwire] Lap 8: ['THROTTLE_BRAKE_OVERLAP']
[Tripwire] Lap 13: ['THROTTLE_BRAKE_OVERLAP']
[Tripwire] Lap 13: ['THROTTLE_BRAKE_OVERLAP']
[Tripwire] Lap 13: ['THROTTLE_BRAKE_OVERLAP']
[Tripwire] Lap 8: ['THROTTLE_BRAKE_OVERLAP']
[Tripwire] Lap 8: ['THROTTLE_BRAKE_OVERLAP']
[Tripwire] Lap 8: ['TYRE_CRITICAL']
[Tripwire] Lap 8: ['TYRE_CRITICAL']
[Tripwire] Lap 8: ['TYRE_CRITICAL']
[Tripwire] Lap 8: ['TYRE_CRITICAL']
[Tripwire] Lap 8: ['TYRE_CRITICAL']
[Tripwire] Lap 8: ['TYRE_CRITICAL']
[Tripwire] Lap 8: ['THROTTLE_BRAKE_OVERLAP']
[Tripwire] Lap 8: ['TYRE_CRITICAL']
[Tripwire] Lap 8: ['THROTTLE_BRAKE_OVERLAP']
[Tripwire] Lap 8: ['TYRE_CRITICAL']
[Tripwire] Lap 8: ['THROTTLE_BRAKE_OVERLAP']
[Tripwire] Lap 8: ['TYRE_CRITICAL']
[Tripwire] Lap 8: ['TYRE_CRITICAL']
[Tripwire] Lap 8: ['TYRE_CRITICAL']
[Tripwire] Lap 8: ['THROTTLE_BRAKE_OVERLAP']
[Tripwire] Lap 8: ['TYRE_CRITICAL']
[Tripwire] Lap 8: ['TYRE_CRITICAL']
[Tripwire] Lap 8: ['TYRE_CRITICAL']
[Tripwire] Lap 8: ['TYRE_CRITICAL']
[Tripwire] Lap 8: ['TYRE_CRITICAL']
[Tripwire] Lap 8: ['TYRE_CRITICAL']
[Tripwire] Lap 8: ['TYRE_CRITICAL']
[Tripwire] Lap 8: ['TYRE_CRITICAL']
[Tripwire] Lap 8: ['TYRE_CRITICAL']
[Tripwire] Lap 8: ['PACE_DROP', 'THROTTLE_BRAKE_OVERLAP', 'TYRE_CRITICAL']
[Tripwire] Lap 9: ['PACE_DROP', 'THROTTLE_BRAKE_OVERLAP']
[Tripwire] Lap 9: ['PACE_DROP']
[Tripwire] Lap 9: ['PACE_DROP', 'THROTTLE_BRAKE_OVERLAP']
[Tripwire] Lap 9: ['PACE_DROP']
[Tripwire] Lap 9: ['THROTTLE_BRAKE_OVERLAP']
[Tripwire] Lap 9: ['THROTTLE_BRAKE_OVERLAP']
[Tripwire] Lap 9: ['THROTTLE_BRAKE_OVERLAP']
[Tripwire] Lap 9: ['THROTTLE_BRAKE_OVERLAP']
[Tripwire] Lap 13: ['TYRE_CRITICAL']
[Tripwire] Lap 9: ['THROTTLE_BRAKE_OVERLAP']
[Tripwire] Lap 13: ['TYRE_CRITICAL']
[Tripwire] Lap 9: ['THROTTLE_BRAKE_OVERLAP']
[Tripwire] Lap 13: ['TYRE_CRITICAL']
[Tripwire] Lap 13: ['TYRE_CRITICAL']
[Tripwire] Lap 13: ['TYRE_CRITICAL']
[Tripwire] Lap 13: ['TYRE_CRITICAL']
[Tripwire] Lap 13: ['TYRE_CRITICAL']
[Tripwire] Lap 13: ['TYRE_CRITICAL']
[Tripwire] Lap 13: ['TYRE_CRITICAL']
[Tripwire] Lap 13: ['TYRE_CRITICAL']
[Tripwire] Lap 13: ['TYRE_CRITICAL']
[Tripwire] Lap 13: ['TYRE_CRITICAL']
[Tripwire] Lap 13: ['TYRE_CRITICAL']
[Tripwire] Lap 13: ['TYRE_CRITICAL']
[Tripwire] Lap 13: ['TYRE_CRITICAL']
[Tripwire] Lap 13: ['TYRE_CRITICAL']
[Tripwire] Lap 13: ['TYRE_CRITICAL']
[Tripwire] Lap 13: ['TYRE_CRITICAL']
[Tripwire] Lap 8: ['TYRE_CRITICAL']
[Tripwire] Lap 13: ['TYRE_CRITICAL']
[Tripwire] Lap 8: ['TYRE_CRITICAL']
[Tripwire] Lap 13: ['TYRE_CRITICAL']
[Tripwire] Lap 8: ['TYRE_CRITICAL']
[Tripwire] Lap 13: ['TYRE_CRITICAL']
[Tripwire] Lap 8: ['TYRE_CRITICAL']
[Tripwire] Lap 13: ['PACE_DROP', 'TYRE_CRITICAL']
[Tripwire] Lap 8: ['TYRE_CRITICAL']
[Tripwire] Lap 14: ['PACE_DROP']
[Tripwire] Lap 8: ['TYRE_CRITICAL']
[Tripwire] Lap 14: ['PACE_DROP', 'THROTTLE_BRAKE_OVERLAP']
[Tripwire] Lap 8: ['TYRE_CRITICAL']
[Tripwire] Lap 14: ['PACE_DROP']
[Tripwire] Lap 8: ['TYRE_CRITICAL']
[Tripwire] Lap 8: ['TYRE_CRITICAL']
[Tripwire] Lap 8: ['TYRE_CRITICAL']
[Tripwire] Lap 8: ['TYRE_CRITICAL']
[Tripwire] Lap 8: ['TYRE_CRITICAL']
[Tripwire] Lap 8: ['TYRE_CRITICAL']
[Tripwire] Lap 8: ['TYRE_CRITICAL']
[Tripwire] Lap 8: ['TYRE_CRITICAL']
[Tripwire] Lap 8: ['TYRE_CRITICAL']
[Tripwire] Lap 14: ['THROTTLE_BRAKE_OVERLAP']
[Tripwire] Lap 8: ['TYRE_CRITICAL']
[Tripwire] Lap 8: ['TYRE_CRITICAL']
[Tripwire] Lap 14: ['THROTTLE_BRAKE_OVERLAP']
[Tripwire] Lap 8: ['TYRE_CRITICAL']
[Tripwire] Lap 8: ['TYRE_CRITICAL']
[Tripwire] Lap 8: ['TYRE_CRITICAL']
[Tripwire] Lap 8: ['TYRE_CRITICAL']
[Tripwire] Lap 9: ['THROTTLE_BRAKE_OVERLAP']
[Tripwire] Lap 9: ['THROTTLE_BRAKE_OVERLAP']
[Tripwire] Lap 14: ['THROTTLE_BRAKE_OVERLAP']
[Tripwire] Lap 14: ['THROTTLE_BRAKE_OVERLAP']
[Tripwire] Lap 14: ['THROTTLE_BRAKE_OVERLAP']
[Tripwire] Lap 14: ['THROTTLE_BRAKE_OVERLAP']
[Tripwire] Lap 14: ['THROTTLE_BRAKE_OVERLAP']
[Tripwire] Lap 14: ['THROTTLE_BRAKE_OVERLAP']
[Tripwire] Lap 9: ['THROTTLE_BRAKE_OVERLAP']
[Tripwire] Lap 9: ['THROTTLE_BRAKE_OVERLAP']
[Tripwire] Lap 9: ['THROTTLE_BRAKE_OVERLAP']
[Tripwire] Lap 9: ['TYRE_CRITICAL']
[Tripwire] Lap 9: ['TYRE_CRITICAL']
[Tripwire] Lap 9: ['TYRE_CRITICAL']
[Tripwire] Lap 9: ['TYRE_CRITICAL']
[Tripwire] Lap 9: ['TYRE_CRITICAL']
[Tripwire] Lap 9: ['TYRE_CRITICAL']
[Tripwire] Lap 9: ['TYRE_CRITICAL']
[Tripwire] Lap 9: ['THROTTLE_BRAKE_OVERLAP']
[Tripwire] Lap 9: ['TYRE_CRITICAL']
[Tripwire] Lap 9: ['TYRE_CRITICAL']
[Tripwire] Lap 9: ['TYRE_CRITICAL']
[Tripwire] Lap 9: ['TYRE_CRITICAL']
[Tripwire] Lap 9: ['THROTTLE_BRAKE_OVERLAP']
[Tripwire] Lap 9: ['TYRE_CRITICAL']
[Tripwire] Lap 9: ['TYRE_CRITICAL']
[Tripwire] Lap 9: ['TYRE_CRITICAL']
[Tripwire] Lap 9: ['TYRE_CRITICAL']
[Tripwire] Lap 9: ['TYRE_CRITICAL']
[Tripwire] Lap 9: ['TYRE_CRITICAL']
[Tripwire] Lap 9: ['TYRE_CRITICAL']
[Tripwire] Lap 9: ['TYRE_CRITICAL']
[Tripwire] Lap 9: ['TYRE_CRITICAL']
[Tripwire] Lap 9: ['PACE_DROP', 'TYRE_CRITICAL']
[Tripwire] Lap 10: ['PACE_DROP']
[Tripwire] Lap 10: ['PACE_DROP']
[Tripwire] Lap 10: ['PACE_DROP', 'THROTTLE_BRAKE_OVERLAP']
[Tripwire] Lap 10: ['PACE_DROP']
[Tripwire] Lap 10: ['THROTTLE_BRAKE_OVERLAP']
[Tripwire] Lap 10: ['THROTTLE_BRAKE_OVERLAP']
[Tripwire] Lap 10: ['THROTTLE_BRAKE_OVERLAP']
[Tripwire] Lap 14: ['TYRE_CRITICAL']
[Tripwire] Lap 14: ['TYRE_CRITICAL']
[Tripwire] Lap 14: ['TYRE_CRITICAL']
[Tripwire] Lap 14: ['TYRE_CRITICAL']
[Tripwire] Lap 14: ['TYRE_CRITICAL']
[Tripwire] Lap 14: ['TYRE_CRITICAL']
[Tripwire] Lap 14: ['TYRE_CRITICAL']
[Tripwire] Lap 14: ['TYRE_CRITICAL']
[Tripwire] Lap 14: ['TYRE_CRITICAL']
[Tripwire] Lap 14: ['TYRE_CRITICAL']
[Tripwire] Lap 14: ['TYRE_CRITICAL']
[Tripwire] Lap 14: ['TYRE_CRITICAL']
[Tripwire] Lap 14: ['TYRE_CRITICAL']
[Tripwire] Lap 14: ['TYRE_CRITICAL']
[Tripwire] Lap 14: ['TYRE_CRITICAL']
[Tripwire] Lap 14: ['TYRE_CRITICAL']
[Tripwire] Lap 14: ['TYRE_CRITICAL']
[Tripwire] Lap 14: ['TYRE_CRITICAL']
[Tripwire] Lap 14: ['TYRE_CRITICAL']
[Tripwire] Lap 9: ['TYRE_CRITICAL']
[Tripwire] Lap 14: ['TYRE_CRITICAL']
[Tripwire] Lap 9: ['TYRE_CRITICAL']
[Tripwire] Lap 14: ['TYRE_CRITICAL']
[Tripwire] Lap 9: ['TYRE_CRITICAL']
[Tripwire] Lap 14: ['PACE_DROP', 'THROTTLE_BRAKE_OVERLAP', 'TYRE_CRITICAL']
[Tripwire] Lap 9: ['TYRE_CRITICAL']
[Tripwire] Lap 15: ['PACE_DROP']
[Tripwire] Lap 9: ['TYRE_CRITICAL']
[Tripwire] Lap 15: ['PACE_DROP', 'THROTTLE_BRAKE_OVERLAP']
[Tripwire] Lap 9: ['TYRE_CRITICAL']
[Tripwire] Lap 15: ['PACE_DROP']
[Tripwire] Lap 9: ['TYRE_CRITICAL']
[Tripwire] Lap 9: ['TYRE_CRITICAL']
[Tripwire] Lap 9: ['TYRE_CRITICAL']
[Tripwire] Lap 9: ['TYRE_CRITICAL']
[Tripwire] Lap 9: ['TYRE_CRITICAL']
[Tripwire] Lap 9: ['TYRE_CRITICAL']
[Tripwire] Lap 9: ['TYRE_CRITICAL']
[Tripwire] Lap 9: ['TYRE_CRITICAL']
[Tripwire] Lap 15: ['THROTTLE_BRAKE_OVERLAP']
[Tripwire] Lap 9: ['TYRE_CRITICAL']
[Tripwire] Lap 9: ['TYRE_CRITICAL']
[Tripwire] Lap 9: ['TYRE_CRITICAL']
[Tripwire] Lap 15: ['THROTTLE_BRAKE_OVERLAP']
[Tripwire] Lap 9: ['TYRE_CRITICAL']
[Tripwire] Lap 9: ['TYRE_CRITICAL']
[Tripwire] Lap 9: ['TYRE_CRITICAL']
[Tripwire] Lap 15: ['THROTTLE_BRAKE_OVERLAP']
[Tripwire] Lap 9: ['THROTTLE_BRAKE_OVERLAP', 'TYRE_CRITICAL']
[Tripwire] Lap 10: ['THROTTLE_BRAKE_OVERLAP']
[Tripwire] Lap 15: ['THROTTLE_BRAKE_OVERLAP']
[Tripwire] Lap 10: ['THROTTLE_BRAKE_OVERLAP']
[Tripwire] Lap 15: ['THROTTLE_BRAKE_OVERLAP']
[Tripwire] Lap 10: ['THROTTLE_BRAKE_OVERLAP']
[Tripwire] Lap 10: ['THROTTLE_BRAKE_OVERLAP']
[Tripwire] Lap 10: ['THROTTLE_BRAKE_OVERLAP']
[Tripwire] Lap 10: ['TYRE_CRITICAL']
[Tripwire] Lap 10: ['TYRE_CRITICAL']
[Tripwire] Lap 10: ['TYRE_CRITICAL']
[Tripwire] Lap 10: ['TYRE_CRITICAL']
[Tripwire] Lap 10: ['THROTTLE_BRAKE_OVERLAP']
[Tripwire] Lap 10: ['TYRE_CRITICAL']
[Tripwire] Lap 10: ['THROTTLE_BRAKE_OVERLAP']
[Tripwire] Lap 10: ['TYRE_CRITICAL']
[Tripwire] Lap 10: ['TYRE_CRITICAL']
[Tripwire] Lap 10: ['TYRE_CRITICAL']
[Tripwire] Lap 10: ['THROTTLE_BRAKE_OVERLAP']
[Tripwire] Lap 10: ['TYRE_CRITICAL']
[Tripwire] Lap 10: ['THROTTLE_BRAKE_OVERLAP']
[Tripwire] Lap 10: ['TYRE_CRITICAL']
[Tripwire] Lap 10: ['TYRE_CRITICAL']
[Tripwire] Lap 10: ['TYRE_CRITICAL']
[Tripwire] Lap 10: ['THROTTLE_BRAKE_OVERLAP']
[Tripwire] Lap 10: ['TYRE_CRITICAL']
[Tripwire] Lap 10: ['TYRE_CRITICAL']
[Tripwire] Lap 10: ['TYRE_CRITICAL']
[Tripwire] Lap 10: ['TYRE_CRITICAL']
[Tripwire] Lap 10: ['TYRE_CRITICAL']
[Tripwire] Lap 10: ['TYRE_CRITICAL']
[Tripwire] Lap 10: ['TYRE_CRITICAL']
[Tripwire] Lap 10: ['TYRE_CRITICAL']
[Tripwire] Lap 10: ['PACE_DROP', 'TYRE_CRITICAL']
[Tripwire] Lap 11: ['PACE_DROP']
[Tripwire] Lap 11: ['PACE_DROP']
[Tripwire] Lap 11: ['PACE_DROP']
[Tripwire] Lap 11: ['THROTTLE_BRAKE_OVERLAP']
[Tripwire] Lap 11: ['THROTTLE_BRAKE_OVERLAP']
[Tripwire] Lap 11: ['THROTTLE_BRAKE_OVERLAP']
[Tripwire] Lap 11: ['THROTTLE_BRAKE_OVERLAP']
[Tripwire] Lap 11: ['THROTTLE_BRAKE_OVERLAP']
[Tripwire] Lap 11: ['THROTTLE_BRAKE_OVERLAP']
[Tripwire] Lap 11: ['THROTTLE_BRAKE_OVERLAP']
[Tripwire] Lap 11: ['THROTTLE_BRAKE_OVERLAP']
[Tripwire] Lap 11: ['THROTTLE_BRAKE_OVERLAP']
[Tripwire] Lap 11: ['THROTTLE_BRAKE_OVERLAP']
[Tripwire] Lap 15: ['TYRE_CRITICAL']
[Tripwire] Lap 15: ['TYRE_CRITICAL']
[Tripwire] Lap 15: ['TYRE_CRITICAL']
[Tripwire] Lap 15: ['TYRE_CRITICAL']
[Tripwire] Lap 11: ['THROTTLE_BRAKE_OVERLAP']
[Tripwire] Lap 15: ['TYRE_CRITICAL']
[Tripwire] Lap 15: ['TYRE_CRITICAL']
[Tripwire] Lap 15: ['TYRE_CRITICAL']
[Tripwire] Lap 15: ['TYRE_CRITICAL']
[Tripwire] Lap 15: ['TYRE_CRITICAL']
[Tripwire] Lap 15: ['TYRE_CRITICAL']
[Tripwire] Lap 15: ['TYRE_CRITICAL']
[Tripwire] Lap 15: ['TYRE_CRITICAL']
[Tripwire] Lap 15: ['TYRE_CRITICAL']
[Tripwire] Lap 15: ['TYRE_CRITICAL']
[Tripwire] Lap 15: ['TYRE_CRITICAL']
[Tripwire] Lap 15: ['TYRE_CRITICAL']
[Tripwire] Lap 15: ['TYRE_CRITICAL']
[Tripwire] Lap 15: ['TYRE_CRITICAL']
[Tripwire] Lap 10: ['TYRE_CRITICAL']
[Tripwire] Lap 15: ['TYRE_CRITICAL']
[Tripwire] Lap 10: ['TYRE_CRITICAL']
[Tripwire] Lap 15: ['TYRE_CRITICAL']
[Tripwire] Lap 10: ['TYRE_CRITICAL']
[Tripwire] Lap 15: ['PACE_DROP', 'TYRE_CRITICAL']
[Tripwire] Lap 10: ['TYRE_CRITICAL']
[Tripwire] Lap 16: ['PACE_DROP']
[Tripwire] Lap 10: ['TYRE_CRITICAL']
[Tripwire] Lap 16: ['PACE_DROP', 'THROTTLE_BRAKE_OVERLAP']
[Tripwire] Lap 10: ['TYRE_CRITICAL']
[Tripwire] Lap 10: ['TYRE_CRITICAL']
[Tripwire] Lap 10: ['TYRE_CRITICAL']
[Tripwire] Lap 10: ['TYRE_CRITICAL']
[Tripwire] Lap 10: ['TYRE_CRITICAL']
[Tripwire] Lap 10: ['TYRE_CRITICAL']
[Tripwire] Lap 10: ['TYRE_CRITICAL']
[Tripwire] Lap 16: ['THROTTLE_BRAKE_OVERLAP']
[Tripwire] Lap 10: ['TYRE_CRITICAL']
[Tripwire] Lap 16: ['THROTTLE_BRAKE_OVERLAP']
[Tripwire] Lap 10: ['TYRE_CRITICAL']
[Tripwire] Lap 16: ['THROTTLE_BRAKE_OVERLAP']
[Tripwire] Lap 10: ['TYRE_CRITICAL']
[Tripwire] Lap 16: ['THROTTLE_BRAKE_OVERLAP']
[Tripwire] Lap 10: ['TYRE_CRITICAL']
[Tripwire] Lap 16: ['THROTTLE_BRAKE_OVERLAP']
[Tripwire] Lap 10: ['TYRE_CRITICAL']
[Tripwire] Lap 16: ['THROTTLE_BRAKE_OVERLAP']
[Tripwire] Lap 10: ['TYRE_CRITICAL']
[Tripwire] Lap 10: ['TYRE_CRITICAL']
[Tripwire] Lap 16: ['THROTTLE_BRAKE_OVERLAP']
[Tripwire] Lap 10: ['TYRE_CRITICAL']
[Tripwire] Lap 10: ['TYRE_CRITICAL']
[Tripwire] Lap 11: ['THROTTLE_BRAKE_OVERLAP']
[Tripwire] Lap 11: ['THROTTLE_BRAKE_OVERLAP']
[Tripwire] Lap 16: ['THROTTLE_BRAKE_OVERLAP']
[Tripwire] Lap 16: ['THROTTLE_BRAKE_OVERLAP']
[Tripwire] Lap 11: ['THROTTLE_BRAKE_OVERLAP']
[Tripwire] Lap 16: ['THROTTLE_BRAKE_OVERLAP']
[Tripwire] Lap 11: ['THROTTLE_BRAKE_OVERLAP']
[Tripwire] Lap 11: ['THROTTLE_BRAKE_OVERLAP']
[Tripwire] Lap 11: ['THROTTLE_BRAKE_OVERLAP']
[Tripwire] Lap 11: ['TYRE_CRITICAL']
[Tripwire] Lap 11: ['THROTTLE_BRAKE_OVERLAP']
[Tripwire] Lap 11: ['TYRE_CRITICAL']
[Tripwire] Lap 11: ['THROTTLE_BRAKE_OVERLAP']
[Tripwire] Lap 11: ['TYRE_CRITICAL']
[Tripwire] Lap 11: ['TYRE_CRITICAL']
[Tripwire] Lap 11: ['TYRE_CRITICAL']
[Tripwire] Lap 11: ['TYRE_CRITICAL']
[Tripwire] Lap 11: ['TYRE_CRITICAL']
[Tripwire] Lap 11: ['TYRE_CRITICAL']
[Tripwire] Lap 11: ['THROTTLE_BRAKE_OVERLAP']
[Tripwire] Lap 11: ['TYRE_CRITICAL']
[Tripwire] Lap 11: ['TYRE_CRITICAL']
[Tripwire] Lap 11: ['TYRE_CRITICAL']
[Tripwire] Lap 11: ['TYRE_CRITICAL']
[Tripwire] Lap 11: ['TYRE_CRITICAL']
[Tripwire] Lap 11: ['TYRE_CRITICAL']
[Tripwire] Lap 11: ['TYRE_CRITICAL']
[Tripwire] Lap 11: ['TYRE_CRITICAL']
[Tripwire] Lap 11: ['TYRE_CRITICAL']
[Tripwire] Lap 11: ['TYRE_CRITICAL']
[Tripwire] Lap 11: ['TYRE_CRITICAL']
[Tripwire] Lap 11: ['TYRE_CRITICAL']
[Tripwire] Lap 11: ['TYRE_CRITICAL']
[Tripwire] Lap 11: ['PACE_DROP', 'THROTTLE_BRAKE_OVERLAP', 'TYRE_CRITICAL']
[Tripwire] Lap 12: ['PACE_DROP']
[Tripwire] Lap 12: ['PACE_DROP']
[Tripwire] Lap 12: ['PACE_DROP', 'THROTTLE_BRAKE_OVERLAP']
[Tripwire] Lap 12: ['PACE_DROP']
[Tripwire] Lap 12: ['THROTTLE_BRAKE_OVERLAP']
[Tripwire] Lap 12: ['THROTTLE_BRAKE_OVERLAP']
[Tripwire] Lap 12: ['THROTTLE_BRAKE_OVERLAP']
[Tripwire] Lap 12: ['THROTTLE_BRAKE_OVERLAP']
[Tripwire] Lap 12: ['THROTTLE_BRAKE_OVERLAP']
[Tripwire] Lap 12: ['THROTTLE_BRAKE_OVERLAP']
[Tripwire] Lap 12: ['THROTTLE_BRAKE_OVERLAP']
[Tripwire] Lap 12: ['THROTTLE_BRAKE_OVERLAP']
[Tripwire] Lap 12: ['THROTTLE_BRAKE_OVERLAP']
[Tripwire] Lap 12: ['THROTTLE_BRAKE_OVERLAP']
[Tripwire] Lap 12: ['THROTTLE_BRAKE_OVERLAP']
[Tripwire] Lap 16: ['TYRE_CRITICAL']
[Tripwire] Lap 16: ['TYRE_CRITICAL']
[Tripwire] Lap 16: ['TYRE_CRITICAL']
[Tripwire] Lap 16: ['TYRE_CRITICAL']
[Tripwire] Lap 12: ['THROTTLE_BRAKE_OVERLAP']
[Tripwire] Lap 16: ['TYRE_CRITICAL']
[Tripwire] Lap 12: ['THROTTLE_BRAKE_OVERLAP']
[Tripwire] Lap 16: ['TYRE_CRITICAL']
[Tripwire] Lap 16: ['TYRE_CRITICAL']
[Tripwire] Lap 16: ['TYRE_CRITICAL']
[Tripwire] Lap 16: ['TYRE_CRITICAL']
[Tripwire] Lap 16: ['TYRE_CRITICAL']
[Tripwire] Lap 16: ['TYRE_CRITICAL']
[Tripwire] Lap 16: ['TYRE_CRITICAL']
[Tripwire] Lap 16: ['TYRE_CRITICAL']
[Tripwire] Lap 16: ['TYRE_CRITICAL']
[Tripwire] Lap 16: ['TYRE_CRITICAL']
[Tripwire] Lap 16: ['TYRE_CRITICAL']
[Tripwire] Lap 16: ['TYRE_CRITICAL']
[Tripwire] Lap 16: ['TYRE_CRITICAL']
[Tripwire] Lap 11: ['TYRE_CRITICAL']
[Tripwire] Lap 16: ['TYRE_CRITICAL']
[Tripwire] Lap 16: ['TYRE_CRITICAL']
[Tripwire] Lap 11: ['TYRE_CRITICAL']
[Tripwire] Lap 16: ['TYRE_CRITICAL']
[Tripwire] Lap 11: ['TYRE_CRITICAL']
[Tripwire] Lap 16: ['PACE_DROP', 'TYRE_CRITICAL']
[Tripwire] Lap 11: ['TYRE_CRITICAL']
[Tripwire] Lap 17: ['PACE_DROP']
[Tripwire] Lap 11: ['TYRE_CRITICAL']
[Tripwire] Lap 17: ['PACE_DROP']
[Tripwire] Lap 11: ['TYRE_CRITICAL']
[Tripwire] Lap 17: ['PACE_DROP']
[Tripwire] Lap 11: ['TYRE_CRITICAL']
[Tripwire] Lap 11: ['TYRE_CRITICAL']
[Tripwire] Lap 11: ['TYRE_CRITICAL']
[Tripwire] Lap 17: ['THROTTLE_BRAKE_OVERLAP']
[Tripwire] Lap 11: ['TYRE_CRITICAL']
[Tripwire] Lap 17: ['THROTTLE_BRAKE_OVERLAP']
[Tripwire] Lap 11: ['TYRE_CRITICAL']
[Tripwire] Lap 11: ['TYRE_CRITICAL']
[Tripwire] Lap 11: ['TYRE_CRITICAL']
[Tripwire] Lap 11: ['TYRE_CRITICAL']
[Tripwire] Lap 11: ['TYRE_CRITICAL']
[Tripwire] Lap 11: ['TYRE_CRITICAL']
[Tripwire] Lap 11: ['TYRE_CRITICAL']
[Tripwire] Lap 17: ['THROTTLE_BRAKE_OVERLAP']
[Tripwire] Lap 11: ['TYRE_CRITICAL']
[Tripwire] Lap 11: ['TYRE_CRITICAL']
[Tripwire] Lap 11: ['TYRE_CRITICAL']
[Tripwire] Lap 11: ['TYRE_CRITICAL']
[Tripwire] Lap 17: ['THROTTLE_BRAKE_OVERLAP']
[Tripwire] Lap 17: ['THROTTLE_BRAKE_OVERLAP']
[Tripwire] Lap 12: ['THROTTLE_BRAKE_OVERLAP']
[Tripwire] Lap 12: ['THROTTLE_BRAKE_OVERLAP']
[Tripwire] Lap 12: ['THROTTLE_BRAKE_OVERLAP']
[Tripwire] Lap 12: ['THROTTLE_BRAKE_OVERLAP']
[Tripwire] Lap 12: ['THROTTLE_BRAKE_OVERLAP']
[Tripwire] Lap 12: ['TYRE_CRITICAL']
[Tripwire] Lap 12: ['TYRE_CRITICAL']
[Tripwire] Lap 12: ['THROTTLE_BRAKE_OVERLAP']
[Tripwire] Lap 12: ['TYRE_CRITICAL']
[Tripwire] Lap 12: ['THROTTLE_BRAKE_OVERLAP']
[Tripwire] Lap 12: ['TYRE_CRITICAL']
[Tripwire] Lap 12: ['THROTTLE_BRAKE_OVERLAP']
[Tripwire] Lap 12: ['TYRE_CRITICAL']
[Tripwire] Lap 12: ['TYRE_CRITICAL']
[Tripwire] Lap 12: ['THROTTLE_BRAKE_OVERLAP']
[Tripwire] Lap 12: ['TYRE_CRITICAL']
[Tripwire] Lap 12: ['TYRE_CRITICAL']
[Tripwire] Lap 12: ['TYRE_CRITICAL']
[Tripwire] Lap 12: ['THROTTLE_BRAKE_OVERLAP']
[Tripwire] Lap 12: ['TYRE_CRITICAL']
[Tripwire] Lap 12: ['THROTTLE_BRAKE_OVERLAP']
[Tripwire] Lap 12: ['TYRE_CRITICAL']
[Tripwire] Lap 12: ['THROTTLE_BRAKE_OVERLAP']
[Tripwire] Lap 12: ['TYRE_CRITICAL']
[Tripwire] Lap 12: ['TYRE_CRITICAL']
[Tripwire] Lap 12: ['TYRE_CRITICAL']
[Tripwire] Lap 12: ['TYRE_CRITICAL']
[Tripwire] Lap 12: ['TYRE_CRITICAL']
[Tripwire] Lap 12: ['TYRE_CRITICAL']
[Tripwire] Lap 12: ['TYRE_CRITICAL']
[Tripwire] Lap 12: ['TYRE_CRITICAL']
[Tripwire] Lap 12: ['TYRE_CRITICAL']
[Tripwire] Lap 12: ['PACE_DROP', 'TYRE_CRITICAL']
[Tripwire] Lap 13: ['PACE_DROP', 'THROTTLE_BRAKE_OVERLAP']
[Tripwire] Lap 13: ['PACE_DROP', 'THROTTLE_BRAKE_OVERLAP']
[Tripwire] Lap 13: ['PACE_DROP', 'THROTTLE_BRAKE_OVERLAP']
[Tripwire] Lap 13: ['PACE_DROP']
[Tripwire] Lap 13: ['THROTTLE_BRAKE_OVERLAP']
[Tripwire] Lap 13: ['THROTTLE_BRAKE_OVERLAP']
[Tripwire] Lap 13: ['THROTTLE_BRAKE_OVERLAP']
[Tripwire] Lap 13: ['THROTTLE_BRAKE_OVERLAP']
[Tripwire] Lap 17: ['TYRE_CRITICAL']
[Tripwire] Lap 17: ['TYRE_CRITICAL']
[Tripwire] Lap 17: ['TYRE_CRITICAL']
[Tripwire] Lap 17: ['TYRE_CRITICAL']
[Tripwire] Lap 17: ['TYRE_CRITICAL']
[Tripwire] Lap 17: ['TYRE_CRITICAL']
[Tripwire] Lap 17: ['TYRE_CRITICAL']
[Tripwire] Lap 17: ['TYRE_CRITICAL']
[Tripwire] Lap 17: ['TYRE_CRITICAL']
[Tripwire] Lap 17: ['TYRE_CRITICAL']
[Tripwire] Lap 17: ['TYRE_CRITICAL']
[Tripwire] Lap 17: ['TYRE_CRITICAL']
[Tripwire] Lap 17: ['TYRE_CRITICAL']
[Tripwire] Lap 17: ['TYRE_CRITICAL']
[Tripwire] Lap 17: ['TYRE_CRITICAL']
[Tripwire] Lap 17: ['TYRE_CRITICAL']
[Tripwire] Lap 17: ['TYRE_CRITICAL']
[Tripwire] Lap 17: ['TYRE_CRITICAL']
[Tripwire] Lap 12: ['TYRE_CRITICAL']
[Tripwire] Lap 17: ['TYRE_CRITICAL']
[Tripwire] Lap 12: ['TYRE_CRITICAL']
[Tripwire] Lap 17: ['TYRE_CRITICAL']
[Tripwire] Lap 12: ['TYRE_CRITICAL']
[Tripwire] Lap 17: ['PACE_DROP', 'THROTTLE_BRAKE_OVERLAP', 'TYRE_CRITICAL']
[Tripwire] Lap 12: ['TYRE_CRITICAL']
[Tripwire] Lap 18: ['PACE_DROP']
[Tripwire] Lap 12: ['TYRE_CRITICAL']
[Tripwire] Lap 18: ['PACE_DROP', 'THROTTLE_BRAKE_OVERLAP']
[Tripwire] Lap 12: ['TYRE_CRITICAL']
[Tripwire] Lap 18: ['PACE_DROP']
[Tripwire] Lap 12: ['TYRE_CRITICAL']
[Tripwire] Lap 12: ['TYRE_CRITICAL']
[Tripwire] Lap 18: ['THROTTLE_BRAKE_OVERLAP']
[Tripwire] Lap 12: ['TYRE_CRITICAL']
[Tripwire] Lap 12: ['TYRE_CRITICAL']
[Tripwire] Lap 18: ['THROTTLE_BRAKE_OVERLAP']
[Tripwire] Lap 12: ['TYRE_CRITICAL']
[Tripwire] Lap 12: ['TYRE_CRITICAL']
[Tripwire] Lap 12: ['TYRE_CRITICAL']
[Tripwire] Lap 12: ['TYRE_CRITICAL']
[Tripwire] Lap 12: ['TYRE_CRITICAL']
[Tripwire] Lap 12: ['TYRE_CRITICAL']
[Tripwire] Lap 12: ['TYRE_CRITICAL']
[Tripwire] Lap 12: ['TYRE_CRITICAL']
[Tripwire] Lap 18: ['THROTTLE_BRAKE_OVERLAP']
[Tripwire] Lap 12: ['TYRE_CRITICAL']
[Tripwire] Lap 18: ['THROTTLE_BRAKE_OVERLAP']
[Tripwire] Lap 12: ['TYRE_CRITICAL']
[Tripwire] Lap 18: ['THROTTLE_BRAKE_OVERLAP']
[Tripwire] Lap 12: ['TYRE_CRITICAL']
[Tripwire] Lap 18: ['THROTTLE_BRAKE_OVERLAP']
[Tripwire] Lap 13: ['THROTTLE_BRAKE_OVERLAP']
[Tripwire] Lap 13: ['THROTTLE_BRAKE_OVERLAP']
[Tripwire] Lap 13: ['THROTTLE_BRAKE_OVERLAP']
[Tripwire] Lap 13: ['THROTTLE_BRAKE_OVERLAP']
[Tripwire] Lap 13: ['THROTTLE_BRAKE_OVERLAP']
[Tripwire] Lap 13: ['TYRE_CRITICAL']
[Tripwire] Lap 13: ['TYRE_CRITICAL']
[Tripwire] Lap 13: ['TYRE_CRITICAL']
[Tripwire] Lap 13: ['TYRE_CRITICAL']
[Tripwire] Lap 13: ['TYRE_CRITICAL']
[Tripwire] Lap 13: ['TYRE_CRITICAL']
[Tripwire] Lap 13: ['THROTTLE_BRAKE_OVERLAP']
[Tripwire] Lap 13: ['TYRE_CRITICAL']
[Tripwire] Lap 13: ['TYRE_CRITICAL']
[Tripwire] Lap 13: ['TYRE_CRITICAL']
[Tripwire] Lap 13: ['TYRE_CRITICAL']
[Tripwire] Lap 13: ['TYRE_CRITICAL']
[Tripwire] Lap 13: ['TYRE_CRITICAL']
[Tripwire] Lap 13: ['TYRE_CRITICAL']
[Tripwire] Lap 13: ['TYRE_CRITICAL']
[Tripwire] Lap 13: ['TYRE_CRITICAL']
[Tripwire] Lap 13: ['TYRE_CRITICAL']
[Tripwire] Lap 13: ['TYRE_CRITICAL']
[Tripwire] Lap 13: ['TYRE_CRITICAL']
[Tripwire] Lap 13: ['TYRE_CRITICAL']
[Tripwire] Lap 13: ['TYRE_CRITICAL']
[Tripwire] Lap 13: ['PACE_DROP', 'TYRE_CRITICAL']
[Tripwire] Lap 14: ['PACE_DROP']
[Tripwire] Lap 14: ['PACE_DROP', 'THROTTLE_BRAKE_OVERLAP']
[Tripwire] Lap 14: ['PACE_DROP']
[Tripwire] Lap 14: ['PACE_DROP', 'THROTTLE_BRAKE_OVERLAP']
[Tripwire] Lap 14: ['THROTTLE_BRAKE_OVERLAP']
[Tripwire] Lap 14: ['THROTTLE_BRAKE_OVERLAP']
[Tripwire] Lap 14: ['THROTTLE_BRAKE_OVERLAP']
[Tripwire] Lap 14: ['THROTTLE_BRAKE_OVERLAP']
[Tripwire] Lap 14: ['THROTTLE_BRAKE_OVERLAP']
[Tripwire] Lap 14: ['THROTTLE_BRAKE_OVERLAP']
[Tripwire] Lap 14: ['THROTTLE_BRAKE_OVERLAP']
[Tripwire] Lap 18: ['TYRE_CRITICAL']
[Tripwire] Lap 18: ['TYRE_CRITICAL']
[Tripwire] Lap 18: ['TYRE_CRITICAL']
[Tripwire] Lap 14: ['THROTTLE_BRAKE_OVERLAP']
[Tripwire] Lap 18: ['TYRE_CRITICAL']
[Tripwire] Lap 18: ['TYRE_CRITICAL']
[Tripwire] Lap 18: ['TYRE_CRITICAL']
[Tripwire] Lap 18: ['TYRE_CRITICAL']
[Tripwire] Lap 18: ['TYRE_CRITICAL']
[Tripwire] Lap 18: ['TYRE_CRITICAL']
[Tripwire] Lap 18: ['TYRE_CRITICAL']
[Tripwire] Lap 18: ['TYRE_CRITICAL']
[Tripwire] Lap 18: ['TYRE_CRITICAL']
[Tripwire] Lap 18: ['TYRE_CRITICAL']
[Tripwire] Lap 18: ['TYRE_CRITICAL']
[Tripwire] Lap 18: ['TYRE_CRITICAL']
[Tripwire] Lap 18: ['TYRE_CRITICAL']
[Tripwire] Lap 18: ['TYRE_CRITICAL']
[Tripwire] Lap 18: ['TYRE_CRITICAL']
[Tripwire] Lap 18: ['TYRE_CRITICAL']
[Tripwire] Lap 13: ['TYRE_CRITICAL']
[Tripwire] Lap 18: ['TYRE_CRITICAL']
[Tripwire] Lap 13: ['TYRE_CRITICAL']
[Tripwire] Lap 18: ['TYRE_CRITICAL']
[Tripwire] Lap 13: ['TYRE_CRITICAL']
[Tripwire] Lap 18: ['PACE_DROP', 'TYRE_CRITICAL']
[Tripwire] Lap 13: ['TYRE_CRITICAL']
[Tripwire] Lap 19: ['PACE_DROP']
[Tripwire] Lap 13: ['TYRE_CRITICAL']
[Tripwire] Lap 19: ['PACE_DROP']
[Tripwire] Lap 13: ['TYRE_CRITICAL']
[Tripwire] Lap 19: ['PACE_DROP']
[Tripwire] Lap 13: ['TYRE_CRITICAL']
[Tripwire] Lap 13: ['TYRE_CRITICAL']
[Tripwire] Lap 13: ['TYRE_CRITICAL']
[Tripwire] Lap 13: ['TYRE_CRITICAL']
[Tripwire] Lap 13: ['TYRE_CRITICAL']
[Tripwire] Lap 13: ['TYRE_CRITICAL']
[Tripwire] Lap 13: ['TYRE_CRITICAL']
[Tripwire] Lap 13: ['TYRE_CRITICAL']
[Tripwire] Lap 13: ['TYRE_CRITICAL']
[Tripwire] Lap 19: ['THROTTLE_BRAKE_OVERLAP']
[Tripwire] Lap 13: ['TYRE_CRITICAL']
[Tripwire] Lap 13: ['TYRE_CRITICAL']
[Tripwire] Lap 13: ['TYRE_CRITICAL']
[Tripwire] Lap 13: ['TYRE_CRITICAL']
[Tripwire] Lap 13: ['TYRE_CRITICAL']
[Tripwire] Lap 19: ['THROTTLE_BRAKE_OVERLAP']
[Tripwire] Lap 13: ['THROTTLE_BRAKE_OVERLAP', 'TYRE_CRITICAL']
[Tripwire] Lap 19: ['THROTTLE_BRAKE_OVERLAP']
[Tripwire] Lap 14: ['THROTTLE_BRAKE_OVERLAP']
[Tripwire] Lap 14: ['THROTTLE_BRAKE_OVERLAP']
[Tripwire] Lap 14: ['THROTTLE_BRAKE_OVERLAP']
[Tripwire] Lap 14: ['THROTTLE_BRAKE_OVERLAP']
[Tripwire] Lap 19: ['THROTTLE_BRAKE_OVERLAP']
[Tripwire] Lap 19: ['THROTTLE_BRAKE_OVERLAP']
[Tripwire] Lap 14: ['THROTTLE_BRAKE_OVERLAP']
[Tripwire] Lap 19: ['THROTTLE_BRAKE_OVERLAP']
[Tripwire] Lap 14: ['THROTTLE_BRAKE_OVERLAP']
[Tripwire] Lap 14: ['THROTTLE_BRAKE_OVERLAP']
[Tripwire] Lap 14: ['THROTTLE_BRAKE_OVERLAP']
[Tripwire] Lap 14: ['TYRE_CRITICAL']
[Tripwire] Lap 14: ['THROTTLE_BRAKE_OVERLAP']
[Tripwire] Lap 14: ['TYRE_CRITICAL']
[Tripwire] Lap 14: ['THROTTLE_BRAKE_OVERLAP']
[Tripwire] Lap 14: ['TYRE_CRITICAL']
[Tripwire] Lap 14: ['TYRE_CRITICAL']
[Tripwire] Lap 14: ['TYRE_CRITICAL']
[Tripwire] Lap 14: ['TYRE_CRITICAL']
[Tripwire] Lap 14: ['TYRE_CRITICAL']
[Tripwire] Lap 14: ['TYRE_CRITICAL']
[Tripwire] Lap 14: ['TYRE_CRITICAL']
[Tripwire] Lap 14: ['THROTTLE_BRAKE_OVERLAP']
[Tripwire] Lap 14: ['TYRE_CRITICAL']
[Tripwire] Lap 14: ['TYRE_CRITICAL']
[Tripwire] Lap 14: ['TYRE_CRITICAL']
[Tripwire] Lap 14: ['THROTTLE_BRAKE_OVERLAP']
[Tripwire] Lap 14: ['TYRE_CRITICAL']
[Tripwire] Lap 14: ['THROTTLE_BRAKE_OVERLAP']
[Tripwire] Lap 14: ['TYRE_CRITICAL']
[Tripwire] Lap 14: ['TYRE_CRITICAL']
[Tripwire] Lap 14: ['TYRE_CRITICAL']
[Tripwire] Lap 14: ['TYRE_CRITICAL']
[Tripwire] Lap 14: ['TYRE_CRITICAL']
[Tripwire] Lap 14: ['TYRE_CRITICAL']
[Tripwire] Lap 14: ['TYRE_CRITICAL']
[Tripwire] Lap 14: ['TYRE_CRITICAL']
[Tripwire] Lap 14: ['PACE_DROP', 'THROTTLE_BRAKE_OVERLAP', 'TYRE_CRITICAL']
[Tripwire] Lap 15: ['PACE_DROP', 'THROTTLE_BRAKE_OVERLAP']
[Tripwire] Lap 15: ['PACE_DROP']
[Tripwire] Lap 15: ['PACE_DROP']
[Tripwire] Lap 15: ['PACE_DROP', 'THROTTLE_BRAKE_OVERLAP']
[Tripwire] Lap 15: ['THROTTLE_BRAKE_OVERLAP']
[Tripwire] Lap 15: ['THROTTLE_BRAKE_OVERLAP']
[Tripwire] Lap 15: ['THROTTLE_BRAKE_OVERLAP']
[Tripwire] Lap 15: ['THROTTLE_BRAKE_OVERLAP']
[Tripwire] Lap 15: ['THROTTLE_BRAKE_OVERLAP']
[Tripwire] Lap 15: ['THROTTLE_BRAKE_OVERLAP']
[Tripwire] Lap 15: ['THROTTLE_BRAKE_OVERLAP']
[Tripwire] Lap 15: ['THROTTLE_BRAKE_OVERLAP']
[Tripwire] Lap 19: ['TYRE_CRITICAL']
[Tripwire] Lap 15: ['THROTTLE_BRAKE_OVERLAP']
[Tripwire] Lap 19: ['TYRE_CRITICAL']
[Tripwire] Lap 19: ['TYRE_CRITICAL']
[Tripwire] Lap 19: ['TYRE_CRITICAL']
[Tripwire] Lap 15: ['THROTTLE_BRAKE_OVERLAP']
[Tripwire] Lap 19: ['TYRE_CRITICAL']
[Tripwire] Lap 19: ['TYRE_CRITICAL']
[Tripwire] Lap 19: ['TYRE_CRITICAL']
[Tripwire] Lap 19: ['TYRE_CRITICAL']
[Tripwire] Lap 19: ['TYRE_CRITICAL']
[Tripwire] Lap 19: ['TYRE_CRITICAL']
[Tripwire] Lap 19: ['TYRE_CRITICAL']
[Tripwire] Lap 19: ['TYRE_CRITICAL']
[Tripwire] Lap 19: ['TYRE_CRITICAL']
[Tripwire] Lap 19: ['TYRE_CRITICAL']
[Tripwire] Lap 19: ['TYRE_CRITICAL']
[Tripwire] Lap 19: ['TYRE_CRITICAL']
[Tripwire] Lap 19: ['TYRE_CRITICAL']
[Tripwire] Lap 14: ['TYRE_CRITICAL']
[Tripwire] Lap 19: ['TYRE_CRITICAL']
[Tripwire] Lap 14: ['TYRE_CRITICAL']
[Tripwire] Lap 19: ['TYRE_CRITICAL']
[Tripwire] Lap 14: ['TYRE_CRITICAL']
[Tripwire] Lap 19: ['TYRE_CRITICAL']
[Tripwire] Lap 14: ['TYRE_CRITICAL']
[Tripwire] Lap 19: ['PACE_DROP', 'THROTTLE_BRAKE_OVERLAP', 'TYRE_CRITICAL']
[Tripwire] Lap 14: ['TYRE_CRITICAL']
[Tripwire] Lap 20: ['PACE_DROP']
[Tripwire] Lap 14: ['TYRE_CRITICAL']
[Tripwire] Lap 20: ['PACE_DROP', 'THROTTLE_BRAKE_OVERLAP']
[Tripwire] Lap 14: ['TYRE_CRITICAL']
[Tripwire] Lap 20: ['PACE_DROP', 'THROTTLE_BRAKE_OVERLAP']
[Tripwire] Lap 14: ['TYRE_CRITICAL']
[Tripwire] Lap 14: ['TYRE_CRITICAL']
[Tripwire] Lap 14: ['TYRE_CRITICAL']
[Tripwire] Lap 14: ['TYRE_CRITICAL']
INFO:     connection closed
INFO:     127.0.0.1:51508 - "WebSocket /ws/race_multi" [accepted]
INFO:     connection open
ERROR:    Exception in ASGI application
Traceback (most recent call last):
  File "/Users/midas/miniconda3/lib/python3.11/site-packages/uvicorn/protocols/websockets/websockets_impl.py", line 244, in run_asgi
    result = await self.app(self.scope, self.asgi_receive, self.asgi_send)  # type: ignore[func-returns-value]
             ^^^^^^^^^^^^^^^^^^^^^^^^^^^^^^^^^^^^^^^^^^^^^^^^^^^^^^^^^^^^^
  File "/Users/midas/miniconda3/lib/python3.11/site-packages/uvicorn/middleware/proxy_headers.py", line 60, in __call__
    return await self.app(scope, receive, send)
           ^^^^^^^^^^^^^^^^^^^^^^^^^^^^^^^^^^^^
  File "/Users/midas/miniconda3/lib/python3.11/site-packages/fastapi/applications.py", line 1162, in __call__
    await super().__call__(scope, receive, send)
  File "/Users/midas/miniconda3/lib/python3.11/site-packages/starlette/applications.py", line 90, in __call__
    await self.middleware_stack(scope, receive, send)
  File "/Users/midas/miniconda3/lib/python3.11/site-packages/starlette/middleware/errors.py", line 151, in __call__
    await self.app(scope, receive, send)
  File "/Users/midas/miniconda3/lib/python3.11/site-packages/starlette/middleware/cors.py", line 80, in __call__
    await self.app(scope, receive, send)
  File "/Users/midas/miniconda3/lib/python3.11/site-packages/starlette/middleware/exceptions.py", line 63, in __call__
    await wrap_app_handling_exceptions(self.app, conn)(scope, receive, send)
  File "/Users/midas/miniconda3/lib/python3.11/site-packages/starlette/_exception_handler.py", line 53, in wrapped_app
    raise exc
  File "/Users/midas/miniconda3/lib/python3.11/site-packages/starlette/_exception_handler.py", line 42, in wrapped_app
    await app(scope, receive, sender)
  File "/Users/midas/miniconda3/lib/python3.11/site-packages/fastapi/middleware/asyncexitstack.py", line 18, in __call__
    await self.app(scope, receive, send)
  File "/Users/midas/miniconda3/lib/python3.11/site-packages/starlette/routing.py", line 660, in __call__
    await self.middleware_stack(scope, receive, send)
  File "/Users/midas/miniconda3/lib/python3.11/site-packages/starlette/routing.py", line 680, in app
    await route.handle(scope, receive, send)
  File "/Users/midas/miniconda3/lib/python3.11/site-packages/starlette/routing.py", line 350, in handle
    await self.app(scope, receive, send)
  File "/Users/midas/miniconda3/lib/python3.11/site-packages/fastapi/routing.py", line 169, in app
    await wrap_app_handling_exceptions(app, session)(scope, receive, send)
  File "/Users/midas/miniconda3/lib/python3.11/site-packages/starlette/_exception_handler.py", line 53, in wrapped_app
    raise exc
  File "/Users/midas/miniconda3/lib/python3.11/site-packages/starlette/_exception_handler.py", line 42, in wrapped_app
    await app(scope, receive, sender)
  File "/Users/midas/miniconda3/lib/python3.11/site-packages/fastapi/routing.py", line 166, in app
    await func(session)
  File "/Users/midas/miniconda3/lib/python3.11/site-packages/fastapi/routing.py", line 773, in app
    await dependant.call(**solved_result.values)
  File "/Users/midas/Documents/F1_Project/backend/main.py", line 172, in websocket_simulate_multi
    await websocket.close()
  File "/Users/midas/miniconda3/lib/python3.11/site-packages/starlette/websockets.py", line 181, in close
    await self.send({"type": "websocket.close", "code": code, "reason": reason or ""})
  File "/Users/midas/miniconda3/lib/python3.11/site-packages/starlette/websockets.py", line 98, in send
    raise RuntimeError('Cannot call "send" once a close message has been sent.')
RuntimeError: Cannot call "send" once a close message has been sent.
[Tripwire] Lap 20: ['THROTTLE_BRAKE_OVERLAP']
[Tripwire] Lap 14: ['TYRE_CRITICAL']
[Tripwire] Lap 14: ['TYRE_CRITICAL']
[Tripwire] Lap 14: ['TYRE_CRITICAL']
[Tripwire] Lap 14: ['TYRE_CRITICAL']
[Tripwire] Lap 20: ['THROTTLE_BRAKE_OVERLAP']
[Tripwire] Lap 14: ['TYRE_CRITICAL']
[Tripwire] Lap 14: ['TYRE_CRITICAL']
[Tripwire] Lap 20: ['THROTTLE_BRAKE_OVERLAP']
[Tripwire] Lap 14: ['TYRE_CRITICAL']
[Tripwire] Lap 14: ['TYRE_CRITICAL']
[Tripwire] Lap 14: ['TYRE_CRITICAL']
[Tripwire] Lap 20: ['THROTTLE_BRAKE_OVERLAP']
[Tripwire] Lap 14: ['TYRE_CRITICAL']
[Tripwire] Lap 14: ['THROTTLE_BRAKE_OVERLAP', 'TYRE_CRITICAL']
[Tripwire] Lap 20: ['THROTTLE_BRAKE_OVERLAP']
[Tripwire] Lap 20: ['THROTTLE_BRAKE_OVERLAP']
[Tripwire] Lap 15: ['THROTTLE_BRAKE_OVERLAP']
[Tripwire] Lap 20: ['THROTTLE_BRAKE_OVERLAP']
[Tripwire] Lap 20: ['THROTTLE_BRAKE_OVERLAP']
[Tripwire] Lap 15: ['THROTTLE_BRAKE_OVERLAP']
[Tripwire] Lap 20: ['THROTTLE_BRAKE_OVERLAP']
[Tripwire] Lap 15: ['THROTTLE_BRAKE_OVERLAP']
[Tripwire] Lap 15: ['THROTTLE_BRAKE_OVERLAP']
[Tripwire] Lap 20: ['THROTTLE_BRAKE_OVERLAP']
[Tripwire] Lap 15: ['THROTTLE_BRAKE_OVERLAP']
[Tripwire] Lap 15: ['THROTTLE_BRAKE_OVERLAP']
[Tripwire] Lap 15: ['TYRE_CRITICAL']
[Tripwire] Lap 15: ['TYRE_CRITICAL']
[Tripwire] Lap 15: ['TYRE_CRITICAL']
[Tripwire] Lap 15: ['TYRE_CRITICAL']
[Tripwire] Lap 15: ['TYRE_CRITICAL']
[Tripwire] Lap 15: ['TYRE_CRITICAL']
[Tripwire] Lap 15: ['TYRE_CRITICAL']
[Tripwire] Lap 15: ['TYRE_CRITICAL']
[Tripwire] Lap 15: ['TYRE_CRITICAL']
[Tripwire] Lap 15: ['TYRE_CRITICAL']
[Tripwire] Lap 15: ['TYRE_CRITICAL']
[Tripwire] Lap 15: ['TYRE_CRITICAL']
[Tripwire] Lap 15: ['THROTTLE_BRAKE_OVERLAP']
[Tripwire] Lap 15: ['TYRE_CRITICAL']
[Tripwire] Lap 15: ['TYRE_CRITICAL']
[Tripwire] Lap 15: ['TYRE_CRITICAL']
[Tripwire] Lap 15: ['TYRE_CRITICAL']
[Tripwire] Lap 15: ['TYRE_CRITICAL']
[Tripwire] Lap 15: ['TYRE_CRITICAL']
[Tripwire] Lap 15: ['TYRE_CRITICAL']
[Tripwire] Lap 15: ['TYRE_CRITICAL']
[Tripwire] Lap 15: ['TYRE_CRITICAL']
[Tripwire] Lap 15: ['PACE_DROP', 'THROTTLE_BRAKE_OVERLAP', 'TYRE_CRITICAL']
[Tripwire] Lap 16: ['PACE_DROP']
[Tripwire] Lap 16: ['PACE_DROP']
[Tripwire] Lap 16: ['PACE_DROP']
[Tripwire] Lap 16: ['PACE_DROP']
[Tripwire] Lap 16: ['THROTTLE_BRAKE_OVERLAP']
[Tripwire] Lap 16: ['THROTTLE_BRAKE_OVERLAP']
[Tripwire] Lap 16: ['THROTTLE_BRAKE_OVERLAP']
[Tripwire] Lap 16: ['THROTTLE_BRAKE_OVERLAP']
[Tripwire] Lap 16: ['THROTTLE_BRAKE_OVERLAP']
[Tripwire] Lap 20: ['TYRE_CRITICAL']
[Tripwire] Lap 20: ['TYRE_CRITICAL']
[Tripwire] Lap 16: ['THROTTLE_BRAKE_OVERLAP']
[Tripwire] Lap 20: ['TYRE_CRITICAL']
[Tripwire] Lap 20: ['TYRE_CRITICAL']
[Tripwire] Lap 20: ['TYRE_CRITICAL']
[Tripwire] Lap 20: ['TYRE_CRITICAL']
[Tripwire] Lap 20: ['TYRE_CRITICAL']
[Tripwire] Lap 20: ['TYRE_CRITICAL']
[Tripwire] Lap 20: ['TYRE_CRITICAL']
[Tripwire] Lap 20: ['TYRE_CRITICAL']
[Tripwire] Lap 20: ['TYRE_CRITICAL']
[Tripwire] Lap 20: ['TYRE_CRITICAL']
[Tripwire] Lap 20: ['TYRE_CRITICAL']
[Tripwire] Lap 20: ['TYRE_CRITICAL']
[Tripwire] Lap 20: ['TYRE_CRITICAL']
[Tripwire] Lap 20: ['TYRE_CRITICAL']
[Tripwire] Lap 20: ['TYRE_CRITICAL']
[Tripwire] Lap 15: ['TYRE_CRITICAL']
[Tripwire] Lap 20: ['TYRE_CRITICAL']
[Tripwire] Lap 15: ['TYRE_CRITICAL']
[Tripwire] Lap 20: ['TYRE_CRITICAL']
[Tripwire] Lap 15: ['TYRE_CRITICAL']
[Tripwire] Lap 20: ['TYRE_CRITICAL']
[Tripwire] Lap 15: ['TYRE_CRITICAL']
[Tripwire] Lap 20: ['PACE_DROP', 'TYRE_CRITICAL']
[Tripwire] Lap 15: ['TYRE_CRITICAL']
[Tripwire] Lap 21: ['PACE_DROP']
[Tripwire] Lap 15: ['TYRE_CRITICAL']
[Tripwire] Lap 21: ['PACE_DROP']
[Tripwire] Lap 15: ['TYRE_CRITICAL']
[Tripwire] Lap 21: ['PACE_DROP']
[Tripwire] Lap 15: ['TYRE_CRITICAL']
[Tripwire] Lap 15: ['TYRE_CRITICAL']
[Tripwire] Lap 21: ['THROTTLE_BRAKE_OVERLAP']
[Tripwire] Lap 15: ['TYRE_CRITICAL']
[Tripwire] Lap 21: ['THROTTLE_BRAKE_OVERLAP']
[Tripwire] Lap 15: ['TYRE_CRITICAL']
[Tripwire] Lap 15: ['TYRE_CRITICAL']
[Tripwire] Lap 21: ['THROTTLE_BRAKE_OVERLAP']
[Tripwire] Lap 15: ['TYRE_CRITICAL']
[Tripwire] Lap 15: ['TYRE_CRITICAL']
[Tripwire] Lap 21: ['THROTTLE_BRAKE_OVERLAP']
[Tripwire] Lap 15: ['TYRE_CRITICAL']
[Tripwire] Lap 15: ['TYRE_CRITICAL']
[Tripwire] Lap 15: ['TYRE_CRITICAL']
[Tripwire] Lap 15: ['TYRE_CRITICAL']
[Tripwire] Lap 21: ['THROTTLE_BRAKE_OVERLAP']
[Tripwire] Lap 15: ['TYRE_CRITICAL']
[Tripwire] Lap 15: ['TYRE_CRITICAL']
[Tripwire] Lap 15: ['TYRE_CRITICAL']
[Tripwire] Lap 15: ['TYRE_CRITICAL']
[Tripwire] Lap 16: ['THROTTLE_BRAKE_OVERLAP']
[Tripwire] Lap 21: ['THROTTLE_BRAKE_OVERLAP']
[Tripwire] Lap 16: ['THROTTLE_BRAKE_OVERLAP']
[Tripwire] Lap 16: ['THROTTLE_BRAKE_OVERLAP']
[Tripwire] Lap 21: ['THROTTLE_BRAKE_OVERLAP']
[Tripwire] Lap 21: ['THROTTLE_BRAKE_OVERLAP']
[Tripwire] Lap 21: ['THROTTLE_BRAKE_OVERLAP']
[Tripwire] Lap 16: ['THROTTLE_BRAKE_OVERLAP']
[Tripwire] Lap 21: ['THROTTLE_BRAKE_OVERLAP']
[Tripwire] Lap 16: ['THROTTLE_BRAKE_OVERLAP']
[Tripwire] Lap 16: ['THROTTLE_BRAKE_OVERLAP']
[Tripwire] Lap 16: ['THROTTLE_BRAKE_OVERLAP']
[Tripwire] Lap 16: ['TYRE_CRITICAL']
[Tripwire] Lap 16: ['TYRE_CRITICAL']
[Tripwire] Lap 16: ['TYRE_CRITICAL']
[Tripwire] Lap 16: ['TYRE_CRITICAL']
[Tripwire] Lap 16: ['TYRE_CRITICAL']
[Tripwire] Lap 16: ['THROTTLE_BRAKE_OVERLAP']
[Tripwire] Lap 16: ['TYRE_CRITICAL']
[Tripwire] Lap 16: ['TYRE_CRITICAL']
[Tripwire] Lap 16: ['TYRE_CRITICAL']
[Tripwire] Lap 16: ['TYRE_CRITICAL']
[Tripwire] Lap 16: ['TYRE_CRITICAL']
[Tripwire] Lap 16: ['THROTTLE_BRAKE_OVERLAP']
Client disconnected: 
[Tripwire] Lap 16: ['THROTTLE_BRAKE_OVERLAP']
[Tripwire] Lap 16: ['THROTTLE_BRAKE_OVERLAP']
[Tripwire] Lap 1: ['THROTTLE_BRAKE_OVERLAP']
[Tripwire] Lap 1: ['THROTTLE_BRAKE_OVERLAP']
[Tripwire] Lap 1: ['THROTTLE_BRAKE_OVERLAP']
[Tripwire] Lap 1: ['THROTTLE_BRAKE_OVERLAP']
[Tripwire] Lap 1: ['THROTTLE_BRAKE_OVERLAP']
[Tripwire] Lap 1: ['THROTTLE_BRAKE_OVERLAP']
[Tripwire] Lap 1: ['THROTTLE_BRAKE_OVERLAP']
[Tripwire] Lap 1: ['THROTTLE_BRAKE_OVERLAP']
[Tripwire] Lap 1: ['THROTTLE_BRAKE_OVERLAP']
[Tripwire] Lap 21: ['TYRE_CRITICAL']
[Tripwire] Lap 21: ['TYRE_CRITICAL']
[Tripwire] Lap 21: ['TYRE_CRITICAL']
[Tripwire] Lap 21: ['TYRE_CRITICAL']
[Tripwire] Lap 21: ['TYRE_CRITICAL']
[Tripwire] Lap 21: ['TYRE_CRITICAL']
[Tripwire] Lap 21: ['TYRE_CRITICAL']
[Tripwire] Lap 21: ['TYRE_CRITICAL']
[Tripwire] Lap 21: ['TYRE_CRITICAL']
[Tripwire] Lap 21: ['TYRE_CRITICAL']
[Tripwire] Lap 21: ['TYRE_CRITICAL']
[Tripwire] Lap 21: ['TYRE_CRITICAL']
[Tripwire] Lap 21: ['TYRE_CRITICAL']
[Tripwire] Lap 21: ['TYRE_CRITICAL']
[Tripwire] Lap 21: ['TYRE_CRITICAL']
[Tripwire] Lap 21: ['TYRE_CRITICAL']
[Tripwire] Lap 21: ['TYRE_CRITICAL']
[Tripwire] Lap 16: ['TYRE_CRITICAL']
[Tripwire] Lap 21: ['TYRE_CRITICAL']
[Tripwire] Lap 16: ['TYRE_CRITICAL']
[Tripwire] Lap 21: ['TYRE_CRITICAL']
[Tripwire] Lap 16: ['TYRE_CRITICAL']
[Tripwire] Lap 21: ['TYRE_CRITICAL']
[Tripwire] Lap 16: ['TYRE_CRITICAL']
[Tripwire] Lap 21: ['PACE_DROP', 'TYRE_CRITICAL']
[Tripwire] Lap 16: ['TYRE_CRITICAL']
[Tripwire] Lap 22: ['PACE_DROP', 'THROTTLE_BRAKE_OVERLAP']
[Tripwire] Lap 16: ['TYRE_CRITICAL']
[Tripwire] Lap 22: ['PACE_DROP', 'THROTTLE_BRAKE_OVERLAP']
[Tripwire] Lap 16: ['TYRE_CRITICAL']
[Tripwire] Lap 22: ['PACE_DROP']
[Tripwire] Lap 16: ['TYRE_CRITICAL']
[Tripwire] Lap 22: ['THROTTLE_BRAKE_OVERLAP']
[Tripwire] Lap 16: ['TYRE_CRITICAL']
[Tripwire] Lap 22: ['THROTTLE_BRAKE_OVERLAP']
[Tripwire] Lap 16: ['TYRE_CRITICAL']
[Tripwire] Lap 16: ['TYRE_CRITICAL']
[Tripwire] Lap 22: ['THROTTLE_BRAKE_OVERLAP']
[Tripwire] Lap 16: ['TYRE_CRITICAL']
[Tripwire] Lap 22: ['THROTTLE_BRAKE_OVERLAP']
[Tripwire] Lap 16: ['TYRE_CRITICAL']
[Tripwire] Lap 16: ['TYRE_CRITICAL']
[Tripwire] Lap 16: ['TYRE_CRITICAL']
[Tripwire] Lap 16: ['TYRE_CRITICAL']
[Tripwire] Lap 22: ['THROTTLE_BRAKE_OVERLAP']
[Tripwire] Lap 16: ['TYRE_CRITICAL']
[Tripwire] Lap 16: ['TYRE_CRITICAL']
[Tripwire] Lap 22: ['THROTTLE_BRAKE_OVERLAP']
[Tripwire] Lap 16: ['TYRE_CRITICAL']
[Tripwire] Lap 22: ['THROTTLE_BRAKE_OVERLAP']
[Tripwire] Lap 16: ['TYRE_CRITICAL']
[Tripwire] Lap 22: ['THROTTLE_BRAKE_OVERLAP']
[Tripwire] Lap 16: ['TYRE_CRITICAL']
[Tripwire] Lap 16: ['TYRE_CRITICAL']
[Tripwire] Lap 17: ['THROTTLE_BRAKE_OVERLAP']
[Tripwire] Lap 22: ['THROTTLE_BRAKE_OVERLAP']
INFO:     connection closed
INFO:     127.0.0.1:51522 - "WebSocket /ws/race_multi" [accepted]
INFO:     connection open
ERROR:    Exception in ASGI application
Traceback (most recent call last):
  File "/Users/midas/miniconda3/lib/python3.11/site-packages/uvicorn/protocols/websockets/websockets_impl.py", line 244, in run_asgi
    result = await self.app(self.scope, self.asgi_receive, self.asgi_send)  # type: ignore[func-returns-value]
             ^^^^^^^^^^^^^^^^^^^^^^^^^^^^^^^^^^^^^^^^^^^^^^^^^^^^^^^^^^^^^
  File "/Users/midas/miniconda3/lib/python3.11/site-packages/uvicorn/middleware/proxy_headers.py", line 60, in __call__
    return await self.app(scope, receive, send)
           ^^^^^^^^^^^^^^^^^^^^^^^^^^^^^^^^^^^^
  File "/Users/midas/miniconda3/lib/python3.11/site-packages/fastapi/applications.py", line 1162, in __call__
    await super().__call__(scope, receive, send)
  File "/Users/midas/miniconda3/lib/python3.11/site-packages/starlette/applications.py", line 90, in __call__
    await self.middleware_stack(scope, receive, send)
  File "/Users/midas/miniconda3/lib/python3.11/site-packages/starlette/middleware/errors.py", line 151, in __call__
    await self.app(scope, receive, send)
  File "/Users/midas/miniconda3/lib/python3.11/site-packages/starlette/middleware/cors.py", line 80, in __call__
    await self.app(scope, receive, send)
  File "/Users/midas/miniconda3/lib/python3.11/site-packages/starlette/middleware/exceptions.py", line 63, in __call__
    await wrap_app_handling_exceptions(self.app, conn)(scope, receive, send)
  File "/Users/midas/miniconda3/lib/python3.11/site-packages/starlette/_exception_handler.py", line 53, in wrapped_app
    raise exc
  File "/Users/midas/miniconda3/lib/python3.11/site-packages/starlette/_exception_handler.py", line 42, in wrapped_app
    await app(scope, receive, sender)
  File "/Users/midas/miniconda3/lib/python3.11/site-packages/fastapi/middleware/asyncexitstack.py", line 18, in __call__
    await self.app(scope, receive, send)
  File "/Users/midas/miniconda3/lib/python3.11/site-packages/starlette/routing.py", line 660, in __call__
    await self.middleware_stack(scope, receive, send)
  File "/Users/midas/miniconda3/lib/python3.11/site-packages/starlette/routing.py", line 680, in app
    await route.handle(scope, receive, send)
  File "/Users/midas/miniconda3/lib/python3.11/site-packages/starlette/routing.py", line 350, in handle
    await self.app(scope, receive, send)
  File "/Users/midas/miniconda3/lib/python3.11/site-packages/fastapi/routing.py", line 169, in app
    await wrap_app_handling_exceptions(app, session)(scope, receive, send)
  File "/Users/midas/miniconda3/lib/python3.11/site-packages/starlette/_exception_handler.py", line 53, in wrapped_app
    raise exc
  File "/Users/midas/miniconda3/lib/python3.11/site-packages/starlette/_exception_handler.py", line 42, in wrapped_app
    await app(scope, receive, sender)
  File "/Users/midas/miniconda3/lib/python3.11/site-packages/fastapi/routing.py", line 166, in app
    await func(session)
  File "/Users/midas/miniconda3/lib/python3.11/site-packages/fastapi/routing.py", line 773, in app
    await dependant.call(**solved_result.values)
  File "/Users/midas/Documents/F1_Project/backend/main.py", line 172, in websocket_simulate_multi
    await websocket.close()
  File "/Users/midas/miniconda3/lib/python3.11/site-packages/starlette/websockets.py", line 181, in close
    await self.send({"type": "websocket.close", "code": code, "reason": reason or ""})
  File "/Users/midas/miniconda3/lib/python3.11/site-packages/starlette/websockets.py", line 98, in send
    raise RuntimeError('Cannot call "send" once a close message has been sent.')
RuntimeError: Cannot call "send" once a close message has been sent.
[Tripwire] Lap 17: ['THROTTLE_BRAKE_OVERLAP']
[Tripwire] Lap 1: ['TYRE_CRITICAL']
[Tripwire] Lap 17: ['THROTTLE_BRAKE_OVERLAP']
[Tripwire] Lap 1: ['TYRE_CRITICAL']
[Tripwire] Lap 17: ['THROTTLE_BRAKE_OVERLAP']
[Tripwire] Lap 1: ['TYRE_CRITICAL']
[Tripwire] Lap 22: ['THROTTLE_BRAKE_OVERLAP']
[Tripwire] Lap 1: ['TYRE_CRITICAL']
[Tripwire] Lap 1: ['TYRE_CRITICAL']
[Tripwire] Lap 17: ['THROTTLE_BRAKE_OVERLAP']
[Tripwire] Lap 1: ['TYRE_CRITICAL']
[Tripwire] Lap 17: ['THROTTLE_BRAKE_OVERLAP']
[Tripwire] Lap 1: ['TYRE_CRITICAL']
[Tripwire] Lap 17: ['THROTTLE_BRAKE_OVERLAP']
[Tripwire] Lap 1: ['TYRE_CRITICAL']
[Tripwire] Lap 1: ['TYRE_CRITICAL']
[Tripwire] Lap 17: ['THROTTLE_BRAKE_OVERLAP']
[Tripwire] Lap 1: ['TYRE_CRITICAL']
[Tripwire] Lap 1: ['TYRE_CRITICAL']
[Tripwire] Lap 1: ['TYRE_CRITICAL']
[Tripwire] Lap 1: ['TYRE_CRITICAL']
[Tripwire] Lap 17: ['THROTTLE_BRAKE_OVERLAP']
[Tripwire] Lap 1: ['TYRE_CRITICAL']
[Tripwire] Lap 1: ['TYRE_CRITICAL']
[Tripwire] Lap 1: ['TYRE_CRITICAL']
[Tripwire] Lap 1: ['TYRE_CRITICAL']
[Tripwire] Lap 17: ['THROTTLE_BRAKE_OVERLAP']
[Tripwire] Lap 1: ['TYRE_CRITICAL']
[Tripwire] Lap 1: ['TYRE_CRITICAL']
[Tripwire] Lap 1: ['TYRE_CRITICAL']
[Tripwire] Lap 1: ['TYRE_CRITICAL']
[Tripwire] Lap 1: ['TYRE_CRITICAL']
[Tripwire] Lap 17: ['THROTTLE_BRAKE_OVERLAP']
[Tripwire] Lap 2: ['THROTTLE_BRAKE_OVERLAP']
[Tripwire] Lap 17: ['THROTTLE_BRAKE_OVERLAP']
[Tripwire] Lap 2: ['THROTTLE_BRAKE_OVERLAP']
[Tripwire] Lap 2: ['THROTTLE_BRAKE_OVERLAP']
[Tripwire] Lap 2: ['THROTTLE_BRAKE_OVERLAP']
[Tripwire] Lap 2: ['THROTTLE_BRAKE_OVERLAP']
[Tripwire] Lap 2: ['THROTTLE_BRAKE_OVERLAP']
[Tripwire] Lap 2: ['THROTTLE_BRAKE_OVERLAP']
[Tripwire] Lap 2: ['THROTTLE_BRAKE_OVERLAP']
[Tripwire] Lap 22: ['TYRE_CRITICAL']
[Tripwire] Lap 22: ['TYRE_CRITICAL']
[Tripwire] Lap 22: ['TYRE_CRITICAL']
[Tripwire] Lap 22: ['TYRE_CRITICAL']
[Tripwire] Lap 22: ['TYRE_CRITICAL']
[Tripwire] Lap 22: ['TYRE_CRITICAL']
[Tripwire] Lap 22: ['TYRE_CRITICAL']
[Tripwire] Lap 22: ['TYRE_CRITICAL']
[Tripwire] Lap 22: ['TYRE_CRITICAL']
[Tripwire] Lap 22: ['TYRE_CRITICAL']
[Tripwire] Lap 22: ['TYRE_CRITICAL']
[Tripwire] Lap 22: ['TYRE_CRITICAL']
[Tripwire] Lap 22: ['TYRE_CRITICAL']
[Tripwire] Lap 22: ['TYRE_CRITICAL']
[Tripwire] Lap 22: ['TYRE_CRITICAL']
[Tripwire] Lap 22: ['TYRE_CRITICAL']
[Tripwire] Lap 22: ['TYRE_CRITICAL']
[Tripwire] Lap 17: ['TYRE_CRITICAL']
[Tripwire] Lap 22: ['TYRE_CRITICAL']
[Tripwire] Lap 17: ['TYRE_CRITICAL']
[Tripwire] Lap 22: ['TYRE_CRITICAL']
[Tripwire] Lap 17: ['TYRE_CRITICAL']
[Tripwire] Lap 22: ['TYRE_CRITICAL']
[Tripwire] Lap 17: ['TYRE_CRITICAL']
[Tripwire] Lap 22: ['PACE_DROP', 'THROTTLE_BRAKE_OVERLAP', 'TYRE_CRITICAL']
[Tripwire] Lap 17: ['TYRE_CRITICAL']
[Tripwire] Lap 23: ['PACE_DROP']
[Tripwire] Lap 17: ['TYRE_CRITICAL']
[Tripwire] Lap 23: ['PACE_DROP']
[Tripwire] Lap 17: ['TYRE_CRITICAL']
[Tripwire] Lap 23: ['PACE_DROP', 'THROTTLE_BRAKE_OVERLAP']
[Tripwire] Lap 17: ['TYRE_CRITICAL']
[Tripwire] Lap 23: ['THROTTLE_BRAKE_OVERLAP']
[Tripwire] Lap 17: ['TYRE_CRITICAL']
[Tripwire] Lap 17: ['TYRE_CRITICAL']
[Tripwire] Lap 23: ['THROTTLE_BRAKE_OVERLAP']
[Tripwire] Lap 17: ['TYRE_CRITICAL']
[Tripwire] Lap 23: ['THROTTLE_BRAKE_OVERLAP']
[Tripwire] Lap 17: ['TYRE_CRITICAL']
[Tripwire] Lap 23: ['THROTTLE_BRAKE_OVERLAP']
[Tripwire] Lap 17: ['TYRE_CRITICAL']
[Tripwire] Lap 17: ['TYRE_CRITICAL']
[Tripwire] Lap 17: ['TYRE_CRITICAL']
[Tripwire] Lap 17: ['TYRE_CRITICAL']
[Tripwire] Lap 23: ['THROTTLE_BRAKE_OVERLAP']
[Tripwire] Lap 17: ['TYRE_CRITICAL']
[Tripwire] Lap 17: ['TYRE_CRITICAL']
[Tripwire] Lap 23: ['THROTTLE_BRAKE_OVERLAP']
[Tripwire] Lap 17: ['TYRE_CRITICAL']
[Tripwire] Lap 23: ['THROTTLE_BRAKE_OVERLAP']
[Tripwire] Lap 17: ['TYRE_CRITICAL']
[Tripwire] Lap 17: ['TYRE_CRITICAL']
[Tripwire] Lap 17: ['THROTTLE_BRAKE_OVERLAP', 'TYRE_CRITICAL']
[Tripwire] Lap 23: ['THROTTLE_BRAKE_OVERLAP']
[Tripwire] Lap 18: ['THROTTLE_BRAKE_OVERLAP']
[Tripwire] Lap 18: ['THROTTLE_BRAKE_OVERLAP']
[Tripwire] Lap 23: ['THROTTLE_BRAKE_OVERLAP']
[Tripwire] Lap 18: ['THROTTLE_BRAKE_OVERLAP']
[Tripwire] Lap 2: ['TYRE_CRITICAL']
[Tripwire] Lap 2: ['TYRE_CRITICAL']
[Tripwire] Lap 2: ['TYRE_CRITICAL']
[Tripwire] Lap 2: ['TYRE_CRITICAL']
[Tripwire] Lap 18: ['THROTTLE_BRAKE_OVERLAP']
[Tripwire] Lap 2: ['TYRE_CRITICAL']
[Tripwire] Lap 2: ['TYRE_CRITICAL']
[Tripwire] Lap 2: ['TYRE_CRITICAL']
[Tripwire] Lap 18: ['THROTTLE_BRAKE_OVERLAP']
[Tripwire] Lap 2: ['TYRE_CRITICAL']
[Tripwire] Lap 2: ['TYRE_CRITICAL']
[Tripwire] Lap 18: ['THROTTLE_BRAKE_OVERLAP']
[Tripwire] Lap 2: ['TYRE_CRITICAL']
[Tripwire] Lap 2: ['TYRE_CRITICAL']
[Tripwire] Lap 2: ['TYRE_CRITICAL']
[Tripwire] Lap 18: ['THROTTLE_BRAKE_OVERLAP']
[Tripwire] Lap 2: ['TYRE_CRITICAL']
[Tripwire] Lap 18: ['THROTTLE_BRAKE_OVERLAP']
[Tripwire] Lap 2: ['TYRE_CRITICAL']
[Tripwire] Lap 18: ['THROTTLE_BRAKE_OVERLAP']
[Tripwire] Lap 2: ['TYRE_CRITICAL']
[Tripwire] Lap 2: ['TYRE_CRITICAL']
[Tripwire] Lap 2: ['TYRE_CRITICAL']
[Tripwire] Lap 18: ['THROTTLE_BRAKE_OVERLAP']
[Tripwire] Lap 2: ['TYRE_CRITICAL']
[Tripwire] Lap 2: ['TYRE_CRITICAL']
[Tripwire] Lap 2: ['TYRE_CRITICAL']
[Tripwire] Lap 2: ['TYRE_CRITICAL']
[Tripwire] Lap 2: ['THROTTLE_BRAKE_OVERLAP', 'TYRE_CRITICAL']
[Tripwire] Lap 18: ['THROTTLE_BRAKE_OVERLAP']
[Tripwire] Lap 18: ['THROTTLE_BRAKE_OVERLAP']
[Tripwire] Lap 3: ['THROTTLE_BRAKE_OVERLAP']
[Tripwire] Lap 3: ['THROTTLE_BRAKE_OVERLAP']
[Tripwire] Lap 3: ['THROTTLE_BRAKE_OVERLAP']
[Tripwire] Lap 3: ['THROTTLE_BRAKE_OVERLAP']
[Tripwire] Lap 3: ['THROTTLE_BRAKE_OVERLAP']
[Tripwire] Lap 3: ['THROTTLE_BRAKE_OVERLAP']
[Tripwire] Lap 3: ['THROTTLE_BRAKE_OVERLAP']
[Tripwire] Lap 3: ['THROTTLE_BRAKE_OVERLAP']
[Tripwire] Lap 3: ['THROTTLE_BRAKE_OVERLAP']
Client disconnected: 
[Tripwire] Lap 1: ['THROTTLE_BRAKE_OVERLAP']
[Tripwire] Lap 1: ['THROTTLE_BRAKE_OVERLAP']
[Tripwire] Lap 23: ['TYRE_CRITICAL']
[Tripwire] Lap 1: ['THROTTLE_BRAKE_OVERLAP']
[Tripwire] Lap 23: ['TYRE_CRITICAL']
[Tripwire] Lap 23: ['TYRE_CRITICAL']
[Tripwire] Lap 23: ['TYRE_CRITICAL']
[Tripwire] Lap 23: ['TYRE_CRITICAL']
[Tripwire] Lap 23: ['TYRE_CRITICAL']
[Tripwire] Lap 23: ['TYRE_CRITICAL']
[Tripwire] Lap 1: ['THROTTLE_BRAKE_OVERLAP']
[Tripwire] Lap 23: ['TYRE_CRITICAL']
[Tripwire] Lap 23: ['TYRE_CRITICAL']
[Tripwire] Lap 23: ['TYRE_CRITICAL']
[Tripwire] Lap 23: ['TYRE_CRITICAL']
[Tripwire] Lap 23: ['TYRE_CRITICAL']
[Tripwire] Lap 1: ['THROTTLE_BRAKE_OVERLAP']
[Tripwire] Lap 23: ['TYRE_CRITICAL']
[Tripwire] Lap 23: ['TYRE_CRITICAL']
[Tripwire] Lap 1: ['THROTTLE_BRAKE_OVERLAP']
[Tripwire] Lap 23: ['TYRE_CRITICAL']
[Tripwire] Lap 23: ['TYRE_CRITICAL']
[Tripwire] Lap 23: ['TYRE_CRITICAL']
[Tripwire] Lap 23: ['TYRE_CRITICAL']
[Tripwire] Lap 18: ['TYRE_CRITICAL']
[Tripwire] Lap 1: ['THROTTLE_BRAKE_OVERLAP']
[Tripwire] Lap 23: ['TYRE_CRITICAL']
[Tripwire] Lap 18: ['TYRE_CRITICAL']
[Tripwire] Lap 23: ['TYRE_CRITICAL']
[Tripwire] Lap 18: ['TYRE_CRITICAL']
[Tripwire] Lap 23: ['TYRE_CRITICAL']
[Tripwire] Lap 18: ['TYRE_CRITICAL']
[Tripwire] Lap 23: ['TYRE_CRITICAL']
[Tripwire] Lap 18: ['TYRE_CRITICAL']
[Tripwire] Lap 1: ['THROTTLE_BRAKE_OVERLAP']
[Tripwire] Lap 18: ['TYRE_CRITICAL']
[Tripwire] Lap 1: ['THROTTLE_BRAKE_OVERLAP']
[Tripwire] Lap 24: ['THROTTLE_BRAKE_OVERLAP']
[Tripwire] Lap 18: ['TYRE_CRITICAL']
[Tripwire] Lap 18: ['TYRE_CRITICAL']
[Tripwire] Lap 24: ['THROTTLE_BRAKE_OVERLAP']
[Tripwire] Lap 18: ['TYRE_CRITICAL']
[Tripwire] Lap 18: ['TYRE_CRITICAL']
[Tripwire] Lap 1: ['THROTTLE_BRAKE_OVERLAP']
[Tripwire] Lap 18: ['TYRE_CRITICAL']
[Tripwire] Lap 18: ['TYRE_CRITICAL']
[Tripwire] Lap 18: ['TYRE_CRITICAL']
[Tripwire] Lap 18: ['TYRE_CRITICAL']
[Tripwire] Lap 18: ['TYRE_CRITICAL']
[Tripwire] Lap 18: ['TYRE_CRITICAL']
[Tripwire] Lap 18: ['TYRE_CRITICAL']
[Tripwire] Lap 18: ['TYRE_CRITICAL']
[Tripwire] Lap 18: ['TYRE_CRITICAL']
[Tripwire] Lap 24: ['THROTTLE_BRAKE_OVERLAP']
[Tripwire] Lap 18: ['TYRE_CRITICAL']
[Tripwire] Lap 18: ['TYRE_CRITICAL']
[Tripwire] Lap 18: ['THROTTLE_BRAKE_OVERLAP', 'TYRE_CRITICAL']
[Tripwire] Lap 24: ['THROTTLE_BRAKE_OVERLAP']
[Tripwire] Lap 19: ['THROTTLE_BRAKE_OVERLAP']
[Tripwire] Lap 24: ['THROTTLE_BRAKE_OVERLAP']
[Tripwire] Lap 19: ['THROTTLE_BRAKE_OVERLAP']
[Tripwire] Lap 24: ['THROTTLE_BRAKE_OVERLAP']
[Tripwire] Lap 24: ['THROTTLE_BRAKE_OVERLAP']
[Tripwire] Lap 24: ['THROTTLE_BRAKE_OVERLAP']
[Tripwire] Lap 24: ['THROTTLE_BRAKE_OVERLAP']
[Tripwire] Lap 19: ['THROTTLE_BRAKE_OVERLAP']
[Tripwire] Lap 19: ['THROTTLE_BRAKE_OVERLAP']
[Tripwire] Lap 19: ['THROTTLE_BRAKE_OVERLAP']
[Tripwire] Lap 19: ['THROTTLE_BRAKE_OVERLAP']
[Tripwire] Lap 19: ['THROTTLE_BRAKE_OVERLAP']
[Tripwire] Lap 19: ['THROTTLE_BRAKE_OVERLAP']
[Tripwire] Lap 19: ['THROTTLE_BRAKE_OVERLAP']
[Tripwire] Lap 19: ['THROTTLE_BRAKE_OVERLAP']
[Tripwire] Lap 19: ['THROTTLE_BRAKE_OVERLAP']
[Tripwire] Lap 1: ['TYRE_CRITICAL']
[Tripwire] Lap 1: ['TYRE_CRITICAL']
[Tripwire] Lap 1: ['TYRE_CRITICAL']
[Tripwire] Lap 1: ['TYRE_CRITICAL']
[Tripwire] Lap 1: ['TYRE_CRITICAL']
[Tripwire] Lap 1: ['TYRE_CRITICAL']
[Tripwire] Lap 1: ['TYRE_CRITICAL']
[Tripwire] Lap 1: ['TYRE_CRITICAL']
[Tripwire] Lap 1: ['TYRE_CRITICAL']
[Tripwire] Lap 1: ['TYRE_CRITICAL']
[Tripwire] Lap 1: ['TYRE_CRITICAL']
[Tripwire] Lap 1: ['TYRE_CRITICAL']
[Tripwire] Lap 1: ['TYRE_CRITICAL']
[Tripwire] Lap 1: ['TYRE_CRITICAL']
[Tripwire] Lap 1: ['TYRE_CRITICAL']
[Tripwire] Lap 1: ['TYRE_CRITICAL']
[Tripwire] Lap 1: ['TYRE_CRITICAL']
[Tripwire] Lap 1: ['TYRE_CRITICAL']
[Tripwire] Lap 1: ['TYRE_CRITICAL']
[Tripwire] Lap 1: ['TYRE_CRITICAL']
[Tripwire] Lap 1: ['TYRE_CRITICAL']
[Tripwire] Lap 1: ['PACE_DROP', 'THROTTLE_BRAKE_OVERLAP', 'TYRE_CRITICAL']
[Tripwire] Lap 2: ['PACE_DROP', 'THROTTLE_BRAKE_OVERLAP']
[Tripwire] Lap 2: ['PACE_DROP']
[Tripwire] Lap 2: ['PACE_DROP']
[Tripwire] Lap 24: ['TYRE_CRITICAL']
[Tripwire] Lap 2: ['THROTTLE_BRAKE_OVERLAP']
[Tripwire] Lap 24: ['TYRE_CRITICAL']
[Tripwire] Lap 2: ['THROTTLE_BRAKE_OVERLAP']
[Tripwire] Lap 24: ['TYRE_CRITICAL']
[Tripwire] Lap 24: ['TYRE_CRITICAL']
[Tripwire] Lap 24: ['TYRE_CRITICAL']
[Tripwire] Lap 2: ['THROTTLE_BRAKE_OVERLAP']
[Tripwire] Lap 24: ['TYRE_CRITICAL']
[Tripwire] Lap 24: ['TYRE_CRITICAL']
[Tripwire] Lap 2: ['THROTTLE_BRAKE_OVERLAP']
[Tripwire] Lap 24: ['TYRE_CRITICAL']
[Tripwire] Lap 24: ['TYRE_CRITICAL']
[Tripwire] Lap 24: ['TYRE_CRITICAL']
[Tripwire] Lap 24: ['TYRE_CRITICAL']
[Tripwire] Lap 24: ['TYRE_CRITICAL']
[Tripwire] Lap 2: ['THROTTLE_BRAKE_OVERLAP']
[Tripwire] Lap 24: ['TYRE_CRITICAL']
[Tripwire] Lap 24: ['TYRE_CRITICAL']
[Tripwire] Lap 24: ['TYRE_CRITICAL']
[Tripwire] Lap 24: ['TYRE_CRITICAL']
[Tripwire] Lap 24: ['TYRE_CRITICAL']
[Tripwire] Lap 2: ['THROTTLE_BRAKE_OVERLAP']
[Tripwire] Lap 24: ['TYRE_CRITICAL']
[Tripwire] Lap 19: ['TYRE_CRITICAL']
[Tripwire] Lap 24: ['TYRE_CRITICAL']
[Tripwire] Lap 19: ['TYRE_CRITICAL']
[Tripwire] Lap 24: ['TYRE_CRITICAL']
[Tripwire] Lap 19: ['TYRE_CRITICAL']
[Tripwire] Lap 24: ['THROTTLE_BRAKE_OVERLAP', 'TYRE_CRITICAL']
[Tripwire] Lap 19: ['TYRE_CRITICAL']
[Tripwire] Lap 25: ['THROTTLE_BRAKE_OVERLAP']
[Tripwire] Lap 19: ['TYRE_CRITICAL']
[Tripwire] Lap 25: ['THROTTLE_BRAKE_OVERLAP']
[Tripwire] Lap 19: ['TYRE_CRITICAL']
[Tripwire] Lap 25: ['THROTTLE_BRAKE_OVERLAP']
[Tripwire] Lap 19: ['TYRE_CRITICAL']
[Tripwire] Lap 19: ['TYRE_CRITICAL']
[Tripwire] Lap 19: ['TYRE_CRITICAL']
[Tripwire] Lap 25: ['THROTTLE_BRAKE_OVERLAP']
[Tripwire] Lap 19: ['TYRE_CRITICAL']
[Tripwire] Lap 19: ['TYRE_CRITICAL']
[Tripwire] Lap 19: ['TYRE_CRITICAL']
[Tripwire] Lap 19: ['TYRE_CRITICAL']
[Tripwire] Lap 19: ['TYRE_CRITICAL']
[Tripwire] Lap 19: ['TYRE_CRITICAL']
[Tripwire] Lap 19: ['TYRE_CRITICAL']
[Tripwire] Lap 25: ['THROTTLE_BRAKE_OVERLAP']
[Tripwire] Lap 19: ['TYRE_CRITICAL']
[Tripwire] Lap 25: ['THROTTLE_BRAKE_OVERLAP']
[Tripwire] Lap 19: ['TYRE_CRITICAL']
[Tripwire] Lap 25: ['THROTTLE_BRAKE_OVERLAP']
[Tripwire] Lap 19: ['TYRE_CRITICAL']
[Tripwire] Lap 25: ['THROTTLE_BRAKE_OVERLAP']
[Tripwire] Lap 19: ['TYRE_CRITICAL']
[Tripwire] Lap 19: ['TYRE_CRITICAL']
[Tripwire] Lap 25: ['THROTTLE_BRAKE_OVERLAP']
[Tripwire] Lap 20: ['THROTTLE_BRAKE_OVERLAP']
[Tripwire] Lap 25: ['THROTTLE_BRAKE_OVERLAP']
[Tripwire] Lap 20: ['THROTTLE_BRAKE_OVERLAP']
[Tripwire] Lap 20: ['THROTTLE_BRAKE_OVERLAP']
[Tripwire] Lap 25: ['THROTTLE_BRAKE_OVERLAP']
[Tripwire] Lap 25: ['THROTTLE_BRAKE_OVERLAP']
[Tripwire] Lap 20: ['THROTTLE_BRAKE_OVERLAP']
[Tripwire] Lap 25: ['THROTTLE_BRAKE_OVERLAP']
[Tripwire] Lap 20: ['THROTTLE_BRAKE_OVERLAP']
[Tripwire] Lap 20: ['THROTTLE_BRAKE_OVERLAP']
[Tripwire] Lap 20: ['THROTTLE_BRAKE_OVERLAP']
[Tripwire] Lap 20: ['THROTTLE_BRAKE_OVERLAP']
[Tripwire] Lap 20: ['THROTTLE_BRAKE_OVERLAP']
[Tripwire] Lap 20: ['THROTTLE_BRAKE_OVERLAP']
[Tripwire] Lap 20: ['THROTTLE_BRAKE_OVERLAP']
[Tripwire] Lap 2: ['TYRE_CRITICAL']
[Tripwire] Lap 2: ['TYRE_CRITICAL']
[Tripwire] Lap 2: ['TYRE_CRITICAL']
[Tripwire] Lap 2: ['TYRE_CRITICAL']
[Tripwire] Lap 2: ['TYRE_CRITICAL']
[Tripwire] Lap 2: ['TYRE_CRITICAL']
[Tripwire] Lap 2: ['TYRE_CRITICAL']
[Tripwire] Lap 2: ['TYRE_CRITICAL']
[Tripwire] Lap 2: ['TYRE_CRITICAL']
[Tripwire] Lap 2: ['TYRE_CRITICAL']
[Tripwire] Lap 2: ['TYRE_CRITICAL']
[Tripwire] Lap 2: ['TYRE_CRITICAL']
[Tripwire] Lap 2: ['TYRE_CRITICAL']
[Tripwire] Lap 2: ['TYRE_CRITICAL']
[Tripwire] Lap 2: ['TYRE_CRITICAL']
[Tripwire] Lap 2: ['TYRE_CRITICAL']
[Tripwire] Lap 2: ['TYRE_CRITICAL']
[Tripwire] Lap 2: ['TYRE_CRITICAL']
[Tripwire] Lap 2: ['TYRE_CRITICAL']
[Tripwire] Lap 2: ['TYRE_CRITICAL']
[Tripwire] Lap 2: ['TYRE_CRITICAL']
[Tripwire] Lap 2: ['PACE_DROP', 'TYRE_CRITICAL']
[Tripwire] Lap 3: ['PACE_DROP']
[Tripwire] Lap 3: ['PACE_DROP']
[Tripwire] Lap 3: ['PACE_DROP']
[Tripwire] Lap 25: ['TYRE_CRITICAL']
[Tripwire] Lap 3: ['THROTTLE_BRAKE_OVERLAP']
[Tripwire] Lap 25: ['TYRE_CRITICAL']
[Tripwire] Lap 25: ['TYRE_CRITICAL']
[Tripwire] Lap 25: ['TYRE_CRITICAL']
[Tripwire] Lap 25: ['TYRE_CRITICAL']
[Tripwire] Lap 25: ['TYRE_CRITICAL']
[Tripwire] Lap 25: ['TYRE_CRITICAL']
[Tripwire] Lap 25: ['TYRE_CRITICAL']
[Tripwire] Lap 25: ['TYRE_CRITICAL']
[Tripwire] Lap 3: ['THROTTLE_BRAKE_OVERLAP']
[Tripwire] Lap 25: ['TYRE_CRITICAL']
[Tripwire] Lap 25: ['TYRE_CRITICAL']
[Tripwire] Lap 25: ['TYRE_CRITICAL']
[Tripwire] Lap 25: ['TYRE_CRITICAL']
[Tripwire] Lap 25: ['TYRE_CRITICAL']
[Tripwire] Lap 25: ['TYRE_CRITICAL']
[Tripwire] Lap 25: ['TYRE_CRITICAL']
[Tripwire] Lap 3: ['THROTTLE_BRAKE_OVERLAP']
[Tripwire] Lap 25: ['TYRE_CRITICAL']
[Tripwire] Lap 3: ['THROTTLE_BRAKE_OVERLAP']
[Tripwire] Lap 25: ['TYRE_CRITICAL']
[Tripwire] Lap 20: ['TYRE_CRITICAL']
[Tripwire] Lap 3: ['THROTTLE_BRAKE_OVERLAP']
[Tripwire] Lap 25: ['TYRE_CRITICAL']
[Tripwire] Lap 20: ['TYRE_CRITICAL']
[Tripwire] Lap 25: ['TYRE_CRITICAL']
[Tripwire] Lap 20: ['TYRE_CRITICAL']
[Tripwire] Lap 3: ['THROTTLE_BRAKE_OVERLAP']
[Tripwire] Lap 25: ['TYRE_CRITICAL']
[Tripwire] Lap 20: ['TYRE_CRITICAL']
[Tripwire] Lap 20: ['TYRE_CRITICAL']
[Tripwire] Lap 3: ['THROTTLE_BRAKE_OVERLAP']
[Tripwire] Lap 26: ['THROTTLE_BRAKE_OVERLAP']
[Tripwire] Lap 20: ['TYRE_CRITICAL']
[Tripwire] Lap 20: ['TYRE_CRITICAL']
[Tripwire] Lap 20: ['TYRE_CRITICAL']
[Tripwire] Lap 20: ['TYRE_CRITICAL']
[Tripwire] Lap 20: ['TYRE_CRITICAL']
[Tripwire] Lap 20: ['TYRE_CRITICAL']
[Tripwire] Lap 26: ['THROTTLE_BRAKE_OVERLAP']
[Tripwire] Lap 20: ['TYRE_CRITICAL']
[Tripwire] Lap 26: ['THROTTLE_BRAKE_OVERLAP']
[Tripwire] Lap 20: ['TYRE_CRITICAL']
[Tripwire] Lap 26: ['THROTTLE_BRAKE_OVERLAP']
[Tripwire] Lap 20: ['TYRE_CRITICAL']
[Tripwire] Lap 20: ['TYRE_CRITICAL']
[Tripwire] Lap 20: ['TYRE_CRITICAL']
[Tripwire] Lap 26: ['THROTTLE_BRAKE_OVERLAP']
[Tripwire] Lap 20: ['TYRE_CRITICAL']
[Tripwire] Lap 20: ['TYRE_CRITICAL']
[Tripwire] Lap 20: ['TYRE_CRITICAL']
[Tripwire] Lap 26: ['THROTTLE_BRAKE_OVERLAP']
[Tripwire] Lap 20: ['TYRE_CRITICAL']
[Tripwire] Lap 26: ['THROTTLE_BRAKE_OVERLAP']
[Tripwire] Lap 20: ['TYRE_CRITICAL']
[Tripwire] Lap 26: ['THROTTLE_BRAKE_OVERLAP']
[Tripwire] Lap 21: ['THROTTLE_BRAKE_OVERLAP']
[Tripwire] Lap 21: ['THROTTLE_BRAKE_OVERLAP']
[Tripwire] Lap 21: ['THROTTLE_BRAKE_OVERLAP']
[Tripwire] Lap 21: ['THROTTLE_BRAKE_OVERLAP']
[Tripwire] Lap 21: ['THROTTLE_BRAKE_OVERLAP']
[Tripwire] Lap 21: ['THROTTLE_BRAKE_OVERLAP']
[Tripwire] Lap 21: ['THROTTLE_BRAKE_OVERLAP']
[Tripwire] Lap 21: ['THROTTLE_BRAKE_OVERLAP']
[Tripwire] Lap 21: ['THROTTLE_BRAKE_OVERLAP']
[Tripwire] Lap 21: ['THROTTLE_BRAKE_OVERLAP']
[Tripwire] Lap 21: ['THROTTLE_BRAKE_OVERLAP']
[Tripwire] Lap 21: ['THROTTLE_BRAKE_OVERLAP']
[Tripwire] Lap 3: ['TYRE_CRITICAL']
[Tripwire] Lap 3: ['TYRE_CRITICAL']
[Tripwire] Lap 3: ['TYRE_CRITICAL']
[Tripwire] Lap 3: ['TYRE_CRITICAL']
[Tripwire] Lap 3: ['TYRE_CRITICAL']
[Tripwire] Lap 3: ['TYRE_CRITICAL']
[Tripwire] Lap 3: ['TYRE_CRITICAL']
[Tripwire] Lap 3: ['TYRE_CRITICAL']
[Tripwire] Lap 3: ['TYRE_CRITICAL']
[Tripwire] Lap 3: ['TYRE_CRITICAL']
[Tripwire] Lap 3: ['TYRE_CRITICAL']
[Tripwire] Lap 3: ['TYRE_CRITICAL']
[Tripwire] Lap 3: ['TYRE_CRITICAL']
[Tripwire] Lap 3: ['TYRE_CRITICAL']
[Tripwire] Lap 3: ['TYRE_CRITICAL']
[Tripwire] Lap 3: ['TYRE_CRITICAL']
[Tripwire] Lap 3: ['TYRE_CRITICAL']
[Tripwire] Lap 3: ['TYRE_CRITICAL']
[Tripwire] Lap 3: ['TYRE_CRITICAL']
[Tripwire] Lap 3: ['TYRE_CRITICAL']
[Tripwire] Lap 3: ['PACE_DROP', 'THROTTLE_BRAKE_OVERLAP', 'TYRE_CRITICAL']
[Tripwire] Lap 4: ['PACE_DROP', 'THROTTLE_BRAKE_OVERLAP']
[Tripwire] Lap 4: ['PACE_DROP', 'THROTTLE_BRAKE_OVERLAP']
[Tripwire] Lap 4: ['PACE_DROP']
[Tripwire] Lap 26: ['TYRE_CRITICAL']
[Tripwire] Lap 26: ['TYRE_CRITICAL']
[Tripwire] Lap 26: ['TYRE_CRITICAL']
[Tripwire] Lap 26: ['TYRE_CRITICAL']
[Tripwire] Lap 26: ['TYRE_CRITICAL']
[Tripwire] Lap 26: ['TYRE_CRITICAL']
[Tripwire] Lap 4: ['THROTTLE_BRAKE_OVERLAP']
[Tripwire] Lap 26: ['TYRE_CRITICAL']
[Tripwire] Lap 26: ['TYRE_CRITICAL']
[Tripwire] Lap 26: ['TYRE_CRITICAL']
[Tripwire] Lap 4: ['THROTTLE_BRAKE_OVERLAP']
[Tripwire] Lap 26: ['TYRE_CRITICAL']
[Tripwire] Lap 26: ['TYRE_CRITICAL']
[Tripwire] Lap 4: ['THROTTLE_BRAKE_OVERLAP']
[Tripwire] Lap 26: ['TYRE_CRITICAL']
[Tripwire] Lap 26: ['TYRE_CRITICAL']
[Tripwire] Lap 26: ['TYRE_CRITICAL']
[Tripwire] Lap 26: ['TYRE_CRITICAL']
[Tripwire] Lap 26: ['TYRE_CRITICAL']
[Tripwire] Lap 4: ['THROTTLE_BRAKE_OVERLAP']
[Tripwire] Lap 26: ['TYRE_CRITICAL']
[Tripwire] Lap 26: ['TYRE_CRITICAL']
[Tripwire] Lap 21: ['TYRE_CRITICAL']
[Tripwire] Lap 26: ['TYRE_CRITICAL']
[Tripwire] Lap 21: ['TYRE_CRITICAL']
[Tripwire] Lap 26: ['TYRE_CRITICAL']
[Tripwire] Lap 21: ['TYRE_CRITICAL']
[Tripwire] Lap 26: ['THROTTLE_BRAKE_OVERLAP', 'TYRE_CRITICAL']
[Tripwire] Lap 21: ['TYRE_CRITICAL']
[Tripwire] Lap 4: ['THROTTLE_BRAKE_OVERLAP']
[Tripwire] Lap 21: ['TYRE_CRITICAL']
[Tripwire] Lap 27: ['THROTTLE_BRAKE_OVERLAP']
[Tripwire] Lap 21: ['TYRE_CRITICAL']
[Tripwire] Lap 21: ['TYRE_CRITICAL']
[Tripwire] Lap 21: ['TYRE_CRITICAL']
[Tripwire] Lap 21: ['TYRE_CRITICAL']
[Tripwire] Lap 21: ['TYRE_CRITICAL']
[Tripwire] Lap 21: ['TYRE_CRITICAL']
[Tripwire] Lap 21: ['TYRE_CRITICAL']
[Tripwire] Lap 27: ['THROTTLE_BRAKE_OVERLAP']
[Tripwire] Lap 21: ['TYRE_CRITICAL']
[Tripwire] Lap 21: ['TYRE_CRITICAL']
[Tripwire] Lap 21: ['TYRE_CRITICAL']
[Tripwire] Lap 21: ['TYRE_CRITICAL']
[Tripwire] Lap 21: ['TYRE_CRITICAL']
[Tripwire] Lap 21: ['TYRE_CRITICAL']
[Tripwire] Lap 27: ['THROTTLE_BRAKE_OVERLAP']
[Tripwire] Lap 21: ['TYRE_CRITICAL']
[Tripwire] Lap 21: ['TYRE_CRITICAL']
[Tripwire] Lap 27: ['THROTTLE_BRAKE_OVERLAP']
[Tripwire] Lap 21: ['TYRE_CRITICAL']
[Tripwire] Lap 27: ['THROTTLE_BRAKE_OVERLAP']
[Tripwire] Lap 22: ['THROTTLE_BRAKE_OVERLAP']
[Tripwire] Lap 27: ['THROTTLE_BRAKE_OVERLAP']
[Tripwire] Lap 22: ['THROTTLE_BRAKE_OVERLAP']
[Tripwire] Lap 27: ['THROTTLE_BRAKE_OVERLAP']
[Tripwire] Lap 27: ['THROTTLE_BRAKE_OVERLAP']
[Tripwire] Lap 27: ['THROTTLE_BRAKE_OVERLAP']
[Tripwire] Lap 22: ['THROTTLE_BRAKE_OVERLAP']
[Tripwire] Lap 22: ['THROTTLE_BRAKE_OVERLAP']
[Tripwire] Lap 22: ['THROTTLE_BRAKE_OVERLAP']
[Tripwire] Lap 22: ['THROTTLE_BRAKE_OVERLAP']
[Tripwire] Lap 22: ['THROTTLE_BRAKE_OVERLAP']
[Tripwire] Lap 22: ['THROTTLE_BRAKE_OVERLAP']
[Tripwire] Lap 22: ['THROTTLE_BRAKE_OVERLAP']
[Tripwire] Lap 4: ['TYRE_CRITICAL']
[Tripwire] Lap 4: ['TYRE_CRITICAL']
[Tripwire] Lap 4: ['TYRE_CRITICAL']
[Tripwire] Lap 4: ['TYRE_CRITICAL']
[Tripwire] Lap 4: ['TYRE_CRITICAL']
[Tripwire] Lap 4: ['TYRE_CRITICAL']
[Tripwire] Lap 4: ['TYRE_CRITICAL']
[Tripwire] Lap 4: ['TYRE_CRITICAL']
[Tripwire] Lap 4: ['TYRE_CRITICAL']
[Tripwire] Lap 4: ['TYRE_CRITICAL']
[Tripwire] Lap 4: ['TYRE_CRITICAL']
[Tripwire] Lap 4: ['TYRE_CRITICAL']
[Tripwire] Lap 4: ['TYRE_CRITICAL']
[Tripwire] Lap 4: ['TYRE_CRITICAL']
[Tripwire] Lap 4: ['TYRE_CRITICAL']
[Tripwire] Lap 4: ['TYRE_CRITICAL']
[Tripwire] Lap 4: ['TYRE_CRITICAL']
[Tripwire] Lap 4: ['TYRE_CRITICAL']
[Tripwire] Lap 4: ['TYRE_CRITICAL']
[Tripwire] Lap 4: ['TYRE_CRITICAL']
[Tripwire] Lap 4: ['PACE_DROP', 'TYRE_CRITICAL']
[Tripwire] Lap 5: ['PACE_DROP']
[Tripwire] Lap 5: ['PACE_DROP']
[Tripwire] Lap 5: ['PACE_DROP']
[Tripwire] Lap 27: ['TYRE_CRITICAL']
[Tripwire] Lap 5: ['PACE_DROP', 'THROTTLE_BRAKE_OVERLAP']
[Tripwire] Lap 27: ['TYRE_CRITICAL']
[Tripwire] Lap 27: ['TYRE_CRITICAL']
[Tripwire] Lap 27: ['TYRE_CRITICAL']
[Tripwire] Lap 27: ['TYRE_CRITICAL']
[Tripwire] Lap 27: ['TYRE_CRITICAL']
[Tripwire] Lap 27: ['TYRE_CRITICAL']
[Tripwire] Lap 27: ['TYRE_CRITICAL']
[Tripwire] Lap 5: ['THROTTLE_BRAKE_OVERLAP']
[Tripwire] Lap 27: ['TYRE_CRITICAL']
[Tripwire] Lap 5: ['THROTTLE_BRAKE_OVERLAP']
[Tripwire] Lap 27: ['TYRE_CRITICAL']
[Tripwire] Lap 27: ['TYRE_CRITICAL']
[Tripwire] Lap 5: ['THROTTLE_BRAKE_OVERLAP']
[Tripwire] Lap 27: ['TYRE_CRITICAL']
[Tripwire] Lap 5: ['THROTTLE_BRAKE_OVERLAP']
[Tripwire] Lap 27: ['TYRE_CRITICAL']
[Tripwire] Lap 27: ['TYRE_CRITICAL']
[Tripwire] Lap 27: ['TYRE_CRITICAL']
[Tripwire] Lap 27: ['TYRE_CRITICAL']
[Tripwire] Lap 27: ['TYRE_CRITICAL']
[Tripwire] Lap 27: ['TYRE_CRITICAL']
[Tripwire] Lap 22: ['TYRE_CRITICAL']
[Tripwire] Lap 5: ['THROTTLE_BRAKE_OVERLAP']
[Tripwire] Lap 27: ['TYRE_CRITICAL']
[Tripwire] Lap 22: ['TYRE_CRITICAL']
[Tripwire] Lap 27: ['TYRE_CRITICAL']
[Tripwire] Lap 22: ['TYRE_CRITICAL']
[Tripwire] Lap 27: ['THROTTLE_BRAKE_OVERLAP', 'TYRE_CRITICAL']
[Tripwire] Lap 22: ['TYRE_CRITICAL']
[Tripwire] Lap 22: ['TYRE_CRITICAL']
[Tripwire] Lap 22: ['TYRE_CRITICAL']
[Tripwire] Lap 28: ['THROTTLE_BRAKE_OVERLAP']
[Tripwire] Lap 22: ['TYRE_CRITICAL']
[Tripwire] Lap 22: ['TYRE_CRITICAL']
[Tripwire] Lap 22: ['TYRE_CRITICAL']
[Tripwire] Lap 5: ['THROTTLE_BRAKE_OVERLAP']
[Tripwire] Lap 22: ['TYRE_CRITICAL']
[Tripwire] Lap 28: ['THROTTLE_BRAKE_OVERLAP']
[Tripwire] Lap 22: ['TYRE_CRITICAL']
[Tripwire] Lap 22: ['TYRE_CRITICAL']
[Tripwire] Lap 22: ['TYRE_CRITICAL']
[Tripwire] Lap 22: ['TYRE_CRITICAL']
[Tripwire] Lap 22: ['TYRE_CRITICAL']
[Tripwire] Lap 28: ['THROTTLE_BRAKE_OVERLAP']
[Tripwire] Lap 22: ['TYRE_CRITICAL']
[Tripwire] Lap 22: ['TYRE_CRITICAL']
[Tripwire] Lap 22: ['TYRE_CRITICAL']
[Tripwire] Lap 22: ['TYRE_CRITICAL']
[Tripwire] Lap 22: ['TYRE_CRITICAL']
[Tripwire] Lap 22: ['TYRE_CRITICAL']
[Tripwire] Lap 23: ['THROTTLE_BRAKE_OVERLAP']
[Tripwire] Lap 23: ['THROTTLE_BRAKE_OVERLAP']
[Tripwire] Lap 28: ['THROTTLE_BRAKE_OVERLAP']
[Tripwire] Lap 23: ['THROTTLE_BRAKE_OVERLAP']
[Tripwire] Lap 23: ['THROTTLE_BRAKE_OVERLAP']
[Tripwire] Lap 23: ['THROTTLE_BRAKE_OVERLAP']
[Tripwire] Lap 23: ['THROTTLE_BRAKE_OVERLAP']
[Tripwire] Lap 23: ['THROTTLE_BRAKE_OVERLAP']
[Tripwire] Lap 23: ['THROTTLE_BRAKE_OVERLAP']
[Tripwire] Lap 23: ['THROTTLE_BRAKE_OVERLAP']
[Tripwire] Lap 5: ['TYRE_CRITICAL']
[Tripwire] Lap 5: ['TYRE_CRITICAL']
[Tripwire] Lap 5: ['TYRE_CRITICAL']
[Tripwire] Lap 5: ['TYRE_CRITICAL']
[Tripwire] Lap 5: ['TYRE_CRITICAL']
[Tripwire] Lap 5: ['TYRE_CRITICAL']
[Tripwire] Lap 5: ['TYRE_CRITICAL']
[Tripwire] Lap 5: ['TYRE_CRITICAL']
[Tripwire] Lap 5: ['TYRE_CRITICAL']
[Tripwire] Lap 5: ['TYRE_CRITICAL']
[Tripwire] Lap 5: ['TYRE_CRITICAL']
[Tripwire] Lap 5: ['TYRE_CRITICAL']
[Tripwire] Lap 5: ['TYRE_CRITICAL']
[Tripwire] Lap 5: ['TYRE_CRITICAL']
[Tripwire] Lap 5: ['TYRE_CRITICAL']
[Tripwire] Lap 5: ['TYRE_CRITICAL']
[Tripwire] Lap 5: ['TYRE_CRITICAL']
[Tripwire] Lap 5: ['TYRE_CRITICAL']
[Tripwire] Lap 5: ['TYRE_CRITICAL']
[Tripwire] Lap 5: ['TYRE_CRITICAL']
[Tripwire] Lap 5: ['PACE_DROP', 'TYRE_CRITICAL']
[Tripwire] Lap 6: ['PACE_DROP']
[Tripwire] Lap 6: ['PACE_DROP']
[Tripwire] Lap 6: ['PACE_DROP']
[Tripwire] Lap 28: ['TYRE_CRITICAL']
[Tripwire] Lap 28: ['TYRE_CRITICAL']
[Tripwire] Lap 28: ['TYRE_CRITICAL']
[Tripwire] Lap 28: ['TYRE_CRITICAL']
[Tripwire] Lap 6: ['THROTTLE_BRAKE_OVERLAP']
[Tripwire] Lap 28: ['TYRE_CRITICAL']
[Tripwire] Lap 6: ['THROTTLE_BRAKE_OVERLAP']
[Tripwire] Lap 28: ['TYRE_CRITICAL']
[Tripwire] Lap 28: ['TYRE_CRITICAL']
[Tripwire] Lap 28: ['TYRE_CRITICAL']
[Tripwire] Lap 28: ['TYRE_CRITICAL']
[Tripwire] Lap 28: ['TYRE_CRITICAL']
[Tripwire] Lap 28: ['TYRE_CRITICAL']
[Tripwire] Lap 28: ['TYRE_CRITICAL']
[Tripwire] Lap 6: ['THROTTLE_BRAKE_OVERLAP']
[Tripwire] Lap 28: ['TYRE_CRITICAL']
[Tripwire] Lap 6: ['THROTTLE_BRAKE_OVERLAP']
[Tripwire] Lap 28: ['TYRE_CRITICAL']
[Tripwire] Lap 28: ['TYRE_CRITICAL']
[Tripwire] Lap 6: ['THROTTLE_BRAKE_OVERLAP']
[Tripwire] Lap 28: ['TYRE_CRITICAL']
[Tripwire] Lap 28: ['TYRE_CRITICAL']
[Tripwire] Lap 28: ['TYRE_CRITICAL']
[Tripwire] Lap 23: ['TYRE_CRITICAL']
[Tripwire] Lap 6: ['THROTTLE_BRAKE_OVERLAP']
[Tripwire] Lap 28: ['TYRE_CRITICAL']
[Tripwire] Lap 23: ['TYRE_CRITICAL']
[Tripwire] Lap 6: ['THROTTLE_BRAKE_OVERLAP']
[Tripwire] Lap 28: ['TYRE_CRITICAL']
[Tripwire] Lap 23: ['TYRE_CRITICAL']
[Tripwire] Lap 6: ['THROTTLE_BRAKE_OVERLAP']
[Tripwire] Lap 28: ['TYRE_CRITICAL']
[Tripwire] Lap 23: ['TYRE_CRITICAL']
[Tripwire] Lap 23: ['TYRE_CRITICAL']
[Tripwire] Lap 23: ['TYRE_CRITICAL']
[Tripwire] Lap 23: ['TYRE_CRITICAL']
[Tripwire] Lap 23: ['TYRE_CRITICAL']
[Tripwire] Lap 23: ['TYRE_CRITICAL']
[Tripwire] Lap 23: ['TYRE_CRITICAL']
[Tripwire] Lap 29: ['THROTTLE_BRAKE_OVERLAP']
[Tripwire] Lap 23: ['TYRE_CRITICAL']
[Tripwire] Lap 29: ['THROTTLE_BRAKE_OVERLAP']
[Tripwire] Lap 23: ['TYRE_CRITICAL']
[Tripwire] Lap 23: ['TYRE_CRITICAL']
[Tripwire] Lap 23: ['TYRE_CRITICAL']
[Tripwire] Lap 23: ['TYRE_CRITICAL']
[Tripwire] Lap 29: ['THROTTLE_BRAKE_OVERLAP']
[Tripwire] Lap 23: ['TYRE_CRITICAL']
[Tripwire] Lap 29: ['THROTTLE_BRAKE_OVERLAP']
[Tripwire] Lap 23: ['TYRE_CRITICAL']
[Tripwire] Lap 23: ['TYRE_CRITICAL']
[Tripwire] Lap 23: ['TYRE_CRITICAL']
[Tripwire] Lap 29: ['THROTTLE_BRAKE_OVERLAP']
[Tripwire] Lap 23: ['TYRE_CRITICAL']
[Tripwire] Lap 23: ['TYRE_CRITICAL']
[Tripwire] Lap 24: ['THROTTLE_BRAKE_OVERLAP']
[Tripwire] Lap 29: ['THROTTLE_BRAKE_OVERLAP']
[Tripwire] Lap 24: ['THROTTLE_BRAKE_OVERLAP']
[Tripwire] Lap 29: ['THROTTLE_BRAKE_OVERLAP']
[Tripwire] Lap 29: ['THROTTLE_BRAKE_OVERLAP']
[Tripwire] Lap 24: ['THROTTLE_BRAKE_OVERLAP']
[Tripwire] Lap 24: ['THROTTLE_BRAKE_OVERLAP']
[Tripwire] Lap 6: ['TYRE_CRITICAL']
[Tripwire] Lap 6: ['TYRE_CRITICAL']
[Tripwire] Lap 6: ['TYRE_CRITICAL']
[Tripwire] Lap 6: ['TYRE_CRITICAL']
[Tripwire] Lap 6: ['TYRE_CRITICAL']
[Tripwire] Lap 6: ['TYRE_CRITICAL']
[Tripwire] Lap 6: ['TYRE_CRITICAL']
[Tripwire] Lap 6: ['TYRE_CRITICAL']
[Tripwire] Lap 6: ['TYRE_CRITICAL']
[Tripwire] Lap 6: ['TYRE_CRITICAL']
[Tripwire] Lap 6: ['TYRE_CRITICAL']
[Tripwire] Lap 6: ['TYRE_CRITICAL']
[Tripwire] Lap 6: ['TYRE_CRITICAL']
[Tripwire] Lap 6: ['TYRE_CRITICAL']
[Tripwire] Lap 6: ['TYRE_CRITICAL']
[Tripwire] Lap 6: ['TYRE_CRITICAL']
[Tripwire] Lap 6: ['TYRE_CRITICAL']
[Tripwire] Lap 6: ['TYRE_CRITICAL']
[Tripwire] Lap 6: ['TYRE_CRITICAL']
[Tripwire] Lap 6: ['TYRE_CRITICAL']
[Tripwire] Lap 6: ['PACE_DROP', 'TYRE_CRITICAL']
[Tripwire] Lap 7: ['PACE_DROP']
[Tripwire] Lap 7: ['PACE_DROP']
[Tripwire] Lap 7: ['PACE_DROP']
[Tripwire] Lap 29: ['TYRE_CRITICAL']
[Tripwire] Lap 29: ['TYRE_CRITICAL']
[Tripwire] Lap 7: ['THROTTLE_BRAKE_OVERLAP']
[Tripwire] Lap 29: ['TYRE_CRITICAL']
[Tripwire] Lap 29: ['TYRE_CRITICAL']
[Tripwire] Lap 29: ['TYRE_CRITICAL']
[Tripwire] Lap 29: ['TYRE_CRITICAL']
[Tripwire] Lap 29: ['TYRE_CRITICAL']
[Tripwire] Lap 29: ['TYRE_CRITICAL']
[Tripwire] Lap 29: ['TYRE_CRITICAL']
[Tripwire] Lap 29: ['TYRE_CRITICAL']
[Tripwire] Lap 29: ['TYRE_CRITICAL']
[Tripwire] Lap 7: ['THROTTLE_BRAKE_OVERLAP']
[Tripwire] Lap 29: ['TYRE_CRITICAL']
[Tripwire] Lap 7: ['THROTTLE_BRAKE_OVERLAP']
[Tripwire] Lap 29: ['TYRE_CRITICAL']
[Tripwire] Lap 29: ['TYRE_CRITICAL']
[Tripwire] Lap 7: ['THROTTLE_BRAKE_OVERLAP']
[Tripwire] Lap 29: ['TYRE_CRITICAL']
[Tripwire] Lap 29: ['TYRE_CRITICAL']
[Tripwire] Lap 29: ['TYRE_CRITICAL']
[Tripwire] Lap 7: ['THROTTLE_BRAKE_OVERLAP']
[Tripwire] Lap 29: ['TYRE_CRITICAL']
[Tripwire] Lap 24: ['TYRE_CRITICAL']
[Tripwire] Lap 7: ['THROTTLE_BRAKE_OVERLAP']
[Tripwire] Lap 29: ['TYRE_CRITICAL']
[Tripwire] Lap 24: ['TYRE_CRITICAL']
[Tripwire] Lap 29: ['TYRE_CRITICAL']
[Tripwire] Lap 24: ['TYRE_CRITICAL']
[Tripwire] Lap 29: ['THROTTLE_BRAKE_OVERLAP', 'TYRE_CRITICAL']
[Tripwire] Lap 24: ['TYRE_CRITICAL']
[Tripwire] Lap 24: ['TYRE_CRITICAL']
[Tripwire] Lap 24: ['TYRE_CRITICAL']
[Tripwire] Lap 30: ['THROTTLE_BRAKE_OVERLAP']
[Tripwire] Lap 24: ['TYRE_CRITICAL']
[Tripwire] Lap 7: ['THROTTLE_BRAKE_OVERLAP']
[Tripwire] Lap 30: ['THROTTLE_BRAKE_OVERLAP']
[Tripwire] Lap 24: ['TYRE_CRITICAL']
[Tripwire] Lap 30: ['THROTTLE_BRAKE_OVERLAP']
[Tripwire] Lap 24: ['TYRE_CRITICAL']
[Tripwire] Lap 7: ['THROTTLE_BRAKE_OVERLAP']
[Tripwire] Lap 30: ['THROTTLE_BRAKE_OVERLAP']
[Tripwire] Lap 24: ['TYRE_CRITICAL']
[Tripwire] Lap 24: ['TYRE_CRITICAL']
[Tripwire] Lap 24: ['TYRE_CRITICAL']
[Tripwire] Lap 24: ['TYRE_CRITICAL']
[Tripwire] Lap 30: ['THROTTLE_BRAKE_OVERLAP']
[Tripwire] Lap 24: ['TYRE_CRITICAL']
[Tripwire] Lap 24: ['TYRE_CRITICAL']
[Tripwire] Lap 30: ['THROTTLE_BRAKE_OVERLAP']
[Tripwire] Lap 24: ['TYRE_CRITICAL']
[Tripwire] Lap 24: ['TYRE_CRITICAL']
[Tripwire] Lap 24: ['TYRE_CRITICAL']
[Tripwire] Lap 24: ['TYRE_CRITICAL']
[Tripwire] Lap 24: ['TYRE_CRITICAL']
[Tripwire] Lap 24: ['TYRE_CRITICAL']
[Tripwire] Lap 30: ['THROTTLE_BRAKE_OVERLAP']
[Tripwire] Lap 30: ['THROTTLE_BRAKE_OVERLAP']
[Tripwire] Lap 30: ['THROTTLE_BRAKE_OVERLAP']
[Tripwire] Lap 25: ['THROTTLE_BRAKE_OVERLAP']
[Tripwire] Lap 25: ['THROTTLE_BRAKE_OVERLAP']
[Tripwire] Lap 30: ['THROTTLE_BRAKE_OVERLAP']
[Tripwire] Lap 30: ['THROTTLE_BRAKE_OVERLAP']
[Tripwire] Lap 25: ['THROTTLE_BRAKE_OVERLAP']
[Tripwire] Lap 25: ['THROTTLE_BRAKE_OVERLAP']
[Tripwire] Lap 25: ['THROTTLE_BRAKE_OVERLAP']
[Tripwire] Lap 25: ['THROTTLE_BRAKE_OVERLAP']
[Tripwire] Lap 25: ['THROTTLE_BRAKE_OVERLAP']
[Tripwire] Lap 25: ['THROTTLE_BRAKE_OVERLAP']
[Tripwire] Lap 25: ['THROTTLE_BRAKE_OVERLAP']
[Tripwire] Lap 7: ['TYRE_CRITICAL']
[Tripwire] Lap 7: ['TYRE_CRITICAL']
[Tripwire] Lap 7: ['TYRE_CRITICAL']
[Tripwire] Lap 7: ['TYRE_CRITICAL']
[Tripwire] Lap 7: ['TYRE_CRITICAL']
[Tripwire] Lap 7: ['TYRE_CRITICAL']
[Tripwire] Lap 7: ['TYRE_CRITICAL']
[Tripwire] Lap 7: ['TYRE_CRITICAL']
[Tripwire] Lap 7: ['TYRE_CRITICAL']
[Tripwire] Lap 7: ['TYRE_CRITICAL']
[Tripwire] Lap 7: ['TYRE_CRITICAL']
[Tripwire] Lap 7: ['TYRE_CRITICAL']
[Tripwire] Lap 7: ['TYRE_CRITICAL']
[Tripwire] Lap 7: ['TYRE_CRITICAL']
[Tripwire] Lap 7: ['TYRE_CRITICAL']
[Tripwire] Lap 7: ['TYRE_CRITICAL']
[Tripwire] Lap 7: ['TYRE_CRITICAL']
[Tripwire] Lap 7: ['TYRE_CRITICAL']
[Tripwire] Lap 7: ['TYRE_CRITICAL']
[Tripwire] Lap 7: ['TYRE_CRITICAL']
[Tripwire] Lap 7: ['PACE_DROP', 'TYRE_CRITICAL']
[Tripwire] Lap 8: ['PACE_DROP']
[Tripwire] Lap 8: ['PACE_DROP']
[Tripwire] Lap 8: ['PACE_DROP']
[Tripwire] Lap 30: ['TYRE_CRITICAL']
[Tripwire] Lap 8: ['PACE_DROP']
[Tripwire] Lap 30: ['TYRE_CRITICAL']
[Tripwire] Lap 30: ['TYRE_CRITICAL']
[Tripwire] Lap 8: ['THROTTLE_BRAKE_OVERLAP']
[Tripwire] Lap 30: ['TYRE_CRITICAL']
[Tripwire] Lap 8: ['THROTTLE_BRAKE_OVERLAP']
[Tripwire] Lap 30: ['TYRE_CRITICAL']
[Tripwire] Lap 30: ['TYRE_CRITICAL']
[Tripwire] Lap 30: ['TYRE_CRITICAL']
[Tripwire] Lap 30: ['TYRE_CRITICAL']
[Tripwire] Lap 30: ['TYRE_CRITICAL']
[Tripwire] Lap 30: ['TYRE_CRITICAL']
[Tripwire] Lap 30: ['TYRE_CRITICAL']
[Tripwire] Lap 30: ['TYRE_CRITICAL']
[Tripwire] Lap 8: ['THROTTLE_BRAKE_OVERLAP']
[Tripwire] Lap 30: ['TYRE_CRITICAL']
[Tripwire] Lap 30: ['TYRE_CRITICAL']
[Tripwire] Lap 30: ['TYRE_CRITICAL']
[Tripwire] Lap 8: ['THROTTLE_BRAKE_OVERLAP']
[Tripwire] Lap 30: ['TYRE_CRITICAL']
[Tripwire] Lap 8: ['THROTTLE_BRAKE_OVERLAP']
[Tripwire] Lap 30: ['TYRE_CRITICAL']
[Tripwire] Lap 25: ['TYRE_CRITICAL']
[Tripwire] Lap 8: ['THROTTLE_BRAKE_OVERLAP']
[Tripwire] Lap 30: ['TYRE_CRITICAL']
[Tripwire] Lap 25: ['TYRE_CRITICAL']
[Tripwire] Lap 8: ['THROTTLE_BRAKE_OVERLAP']
[Tripwire] Lap 30: ['TYRE_CRITICAL']
[Tripwire] Lap 25: ['TYRE_CRITICAL']
[Tripwire] Lap 30: ['TYRE_CRITICAL']
[Tripwire] Lap 25: ['TYRE_CRITICAL']
[Tripwire] Lap 30: ['THROTTLE_BRAKE_OVERLAP', 'TYRE_CRITICAL']
[Tripwire] Lap 25: ['TYRE_CRITICAL']
[Tripwire] Lap 25: ['TYRE_CRITICAL']
[Tripwire] Lap 25: ['TYRE_CRITICAL']
[Tripwire] Lap 25: ['TYRE_CRITICAL']
[Tripwire] Lap 31: ['THROTTLE_BRAKE_OVERLAP']
INFO:     Shutting down
INFO:     connection closed
INFO:     connection closed
INFO:     connection closed
ERROR:    Exception in ASGI application
Traceback (most recent call last):
  File "/Users/midas/miniconda3/lib/python3.11/site-packages/uvicorn/protocols/websockets/websockets_impl.py", line 244, in run_asgi
    result = await self.app(self.scope, self.asgi_receive, self.asgi_send)  # type: ignore[func-returns-value]
             ^^^^^^^^^^^^^^^^^^^^^^^^^^^^^^^^^^^^^^^^^^^^^^^^^^^^^^^^^^^^^
  File "/Users/midas/miniconda3/lib/python3.11/site-packages/uvicorn/middleware/proxy_headers.py", line 60, in __call__
    return await self.app(scope, receive, send)
           ^^^^^^^^^^^^^^^^^^^^^^^^^^^^^^^^^^^^
  File "/Users/midas/miniconda3/lib/python3.11/site-packages/fastapi/applications.py", line 1162, in __call__
    await super().__call__(scope, receive, send)
  File "/Users/midas/miniconda3/lib/python3.11/site-packages/starlette/applications.py", line 90, in __call__
    await self.middleware_stack(scope, receive, send)
  File "/Users/midas/miniconda3/lib/python3.11/site-packages/starlette/middleware/errors.py", line 151, in __call__
    await self.app(scope, receive, send)
  File "/Users/midas/miniconda3/lib/python3.11/site-packages/starlette/middleware/cors.py", line 80, in __call__
    await self.app(scope, receive, send)
  File "/Users/midas/miniconda3/lib/python3.11/site-packages/starlette/middleware/exceptions.py", line 63, in __call__
    await wrap_app_handling_exceptions(self.app, conn)(scope, receive, send)
  File "/Users/midas/miniconda3/lib/python3.11/site-packages/starlette/_exception_handler.py", line 53, in wrapped_app
    raise exc
  File "/Users/midas/miniconda3/lib/python3.11/site-packages/starlette/_exception_handler.py", line 42, in wrapped_app
    await app(scope, receive, sender)
  File "/Users/midas/miniconda3/lib/python3.11/site-packages/fastapi/middleware/asyncexitstack.py", line 18, in __call__
    await self.app(scope, receive, send)
  File "/Users/midas/miniconda3/lib/python3.11/site-packages/starlette/routing.py", line 660, in __call__
    await self.middleware_stack(scope, receive, send)
  File "/Users/midas/miniconda3/lib/python3.11/site-packages/starlette/routing.py", line 680, in app
    await route.handle(scope, receive, send)
  File "/Users/midas/miniconda3/lib/python3.11/site-packages/starlette/routing.py", line 350, in handle
    await self.app(scope, receive, send)
  File "/Users/midas/miniconda3/lib/python3.11/site-packages/fastapi/routing.py", line 169, in app
    await wrap_app_handling_exceptions(app, session)(scope, receive, send)
  File "/Users/midas/miniconda3/lib/python3.11/site-packages/starlette/_exception_handler.py", line 53, in wrapped_app
    raise exc
  File "/Users/midas/miniconda3/lib/python3.11/site-packages/starlette/_exception_handler.py", line 42, in wrapped_app
    await app(scope, receive, sender)
  File "/Users/midas/miniconda3/lib/python3.11/site-packages/fastapi/routing.py", line 166, in app
    await func(session)
  File "/Users/midas/miniconda3/lib/python3.11/site-packages/fastapi/routing.py", line 773, in app
    await dependant.call(**solved_result.values)
  File "/Users/midas/Documents/F1_Project/backend/main.py", line 172, in websocket_simulate_multi
    await websocket.close()
  File "/Users/midas/miniconda3/lib/python3.11/site-packages/starlette/websockets.py", line 181, in close
    await self.send({"type": "websocket.close", "code": code, "reason": reason or ""})
  File "/Users/midas/miniconda3/lib/python3.11/site-packages/starlette/websockets.py", line 98, in send
    raise RuntimeError('Cannot call "send" once a close message has been sent.')
RuntimeError: Cannot call "send" once a close message has been sent.
ERROR:    Exception in ASGI application
Traceback (most recent call last):
  File "/Users/midas/miniconda3/lib/python3.11/site-packages/uvicorn/protocols/websockets/websockets_impl.py", line 244, in run_asgi
    result = await self.app(self.scope, self.asgi_receive, self.asgi_send)  # type: ignore[func-returns-value]
             ^^^^^^^^^^^^^^^^^^^^^^^^^^^^^^^^^^^^^^^^^^^^^^^^^^^^^^^^^^^^^
  File "/Users/midas/miniconda3/lib/python3.11/site-packages/uvicorn/middleware/proxy_headers.py", line 60, in __call__
    return await self.app(scope, receive, send)
           ^^^^^^^^^^^^^^^^^^^^^^^^^^^^^^^^^^^^
  File "/Users/midas/miniconda3/lib/python3.11/site-packages/fastapi/applications.py", line 1162, in __call__
    await super().__call__(scope, receive, send)
  File "/Users/midas/miniconda3/lib/python3.11/site-packages/starlette/applications.py", line 90, in __call__
    await self.middleware_stack(scope, receive, send)
  File "/Users/midas/miniconda3/lib/python3.11/site-packages/starlette/middleware/errors.py", line 151, in __call__
    await self.app(scope, receive, send)
  File "/Users/midas/miniconda3/lib/python3.11/site-packages/starlette/middleware/cors.py", line 80, in __call__
    await self.app(scope, receive, send)
  File "/Users/midas/miniconda3/lib/python3.11/site-packages/starlette/middleware/exceptions.py", line 63, in __call__
    await wrap_app_handling_exceptions(self.app, conn)(scope, receive, send)
  File "/Users/midas/miniconda3/lib/python3.11/site-packages/starlette/_exception_handler.py", line 53, in wrapped_app
    raise exc
  File "/Users/midas/miniconda3/lib/python3.11/site-packages/starlette/_exception_handler.py", line 42, in wrapped_app
    await app(scope, receive, sender)
  File "/Users/midas/miniconda3/lib/python3.11/site-packages/fastapi/middleware/asyncexitstack.py", line 18, in __call__
    await self.app(scope, receive, send)
  File "/Users/midas/miniconda3/lib/python3.11/site-packages/starlette/routing.py", line 660, in __call__
    await self.middleware_stack(scope, receive, send)
  File "/Users/midas/miniconda3/lib/python3.11/site-packages/starlette/routing.py", line 680, in app
    await route.handle(scope, receive, send)
  File "/Users/midas/miniconda3/lib/python3.11/site-packages/starlette/routing.py", line 350, in handle
    await self.app(scope, receive, send)
  File "/Users/midas/miniconda3/lib/python3.11/site-packages/fastapi/routing.py", line 169, in app
    await wrap_app_handling_exceptions(app, session)(scope, receive, send)
  File "/Users/midas/miniconda3/lib/python3.11/site-packages/starlette/_exception_handler.py", line 53, in wrapped_app
    raise exc
  File "/Users/midas/miniconda3/lib/python3.11/site-packages/starlette/_exception_handler.py", line 42, in wrapped_app
    await app(scope, receive, sender)
  File "/Users/midas/miniconda3/lib/python3.11/site-packages/fastapi/routing.py", line 166, in app
    await func(session)
  File "/Users/midas/miniconda3/lib/python3.11/site-packages/fastapi/routing.py", line 773, in app
    await dependant.call(**solved_result.values)
  File "/Users/midas/Documents/F1_Project/backend/main.py", line 172, in websocket_simulate_multi
    await websocket.close()
  File "/Users/midas/miniconda3/lib/python3.11/site-packages/starlette/websockets.py", line 181, in close
    await self.send({"type": "websocket.close", "code": code, "reason": reason or ""})
  File "/Users/midas/miniconda3/lib/python3.11/site-packages/starlette/websockets.py", line 98, in send
    raise RuntimeError('Cannot call "send" once a close message has been sent.')
RuntimeError: Cannot call "send" once a close message has been sent.
ERROR:    Exception in ASGI application
Traceback (most recent call last):
  File "/Users/midas/miniconda3/lib/python3.11/site-packages/uvicorn/protocols/websockets/websockets_impl.py", line 244, in run_asgi
    result = await self.app(self.scope, self.asgi_receive, self.asgi_send)  # type: ignore[func-returns-value]
             ^^^^^^^^^^^^^^^^^^^^^^^^^^^^^^^^^^^^^^^^^^^^^^^^^^^^^^^^^^^^^
  File "/Users/midas/miniconda3/lib/python3.11/site-packages/uvicorn/middleware/proxy_headers.py", line 60, in __call__
    return await self.app(scope, receive, send)
           ^^^^^^^^^^^^^^^^^^^^^^^^^^^^^^^^^^^^
  File "/Users/midas/miniconda3/lib/python3.11/site-packages/fastapi/applications.py", line 1162, in __call__
    await super().__call__(scope, receive, send)
  File "/Users/midas/miniconda3/lib/python3.11/site-packages/starlette/applications.py", line 90, in __call__
    await self.middleware_stack(scope, receive, send)
  File "/Users/midas/miniconda3/lib/python3.11/site-packages/starlette/middleware/errors.py", line 151, in __call__
    await self.app(scope, receive, send)
  File "/Users/midas/miniconda3/lib/python3.11/site-packages/starlette/middleware/cors.py", line 80, in __call__
    await self.app(scope, receive, send)
  File "/Users/midas/miniconda3/lib/python3.11/site-packages/starlette/middleware/exceptions.py", line 63, in __call__
    await wrap_app_handling_exceptions(self.app, conn)(scope, receive, send)
  File "/Users/midas/miniconda3/lib/python3.11/site-packages/starlette/_exception_handler.py", line 53, in wrapped_app
    raise exc
  File "/Users/midas/miniconda3/lib/python3.11/site-packages/starlette/_exception_handler.py", line 42, in wrapped_app
    await app(scope, receive, sender)
  File "/Users/midas/miniconda3/lib/python3.11/site-packages/fastapi/middleware/asyncexitstack.py", line 18, in __call__
    await self.app(scope, receive, send)
  File "/Users/midas/miniconda3/lib/python3.11/site-packages/starlette/routing.py", line 660, in __call__
    await self.middleware_stack(scope, receive, send)
  File "/Users/midas/miniconda3/lib/python3.11/site-packages/starlette/routing.py", line 680, in app
    await route.handle(scope, receive, send)
  File "/Users/midas/miniconda3/lib/python3.11/site-packages/starlette/routing.py", line 350, in handle
    await self.app(scope, receive, send)
  File "/Users/midas/miniconda3/lib/python3.11/site-packages/fastapi/routing.py", line 169, in app
    await wrap_app_handling_exceptions(app, session)(scope, receive, send)
  File "/Users/midas/miniconda3/lib/python3.11/site-packages/starlette/_exception_handler.py", line 53, in wrapped_app
    raise exc
  File "/Users/midas/miniconda3/lib/python3.11/site-packages/starlette/_exception_handler.py", line 42, in wrapped_app
    await app(scope, receive, sender)
  File "/Users/midas/miniconda3/lib/python3.11/site-packages/fastapi/routing.py", line 166, in app
    await func(session)
  File "/Users/midas/miniconda3/lib/python3.11/site-packages/fastapi/routing.py", line 773, in app
    await dependant.call(**solved_result.values)
  File "/Users/midas/Documents/F1_Project/backend/main.py", line 172, in websocket_simulate_multi
    await websocket.close()
  File "/Users/midas/miniconda3/lib/python3.11/site-packages/starlette/websockets.py", line 181, in close
    await self.send({"type": "websocket.close", "code": code, "reason": reason or ""})
  File "/Users/midas/miniconda3/lib/python3.11/site-packages/starlette/websockets.py", line 98, in send
    raise RuntimeError('Cannot call "send" once a close message has been sent.')
RuntimeError: Cannot call "send" once a close message has been sent.
INFO:     Waiting for background tasks to complete. (CTRL+C to force quit)
INFO:     Waiting for application shutdown.
INFO:     Application shutdown complete.
INFO:     Finished server process [20318]
